0.000000000000000000e+00 1.650954583287239075e+03 1.832643350169063069e+03 6.029166265130043030e+02 5.842205003052949905e+02 1.482885206341743014e+03 8.383878216743469238e+02 1.921566078364849091e+03 1.369994343876838911e+03 4.504195694625377655e+01 6.214858442544937134e+00 2.464561522006988969e+00 2.866186052560805830e+00 3.274378746747971292e+01 8.138520890474319458e+01 5.274985329508781433e+02 1.085936808586120961e+01 1.209207921653985977e+03 2.122107869386672974e+01 7.273181268572807312e+01 1.044013089239597036e+02 4.400600433349609375e+00 4.113914191722869873e+00 2.110863818228245137e+01 1.604717537015675930e+02 1.202071997523307978e+01 2.543556903302669880e+01 3.735804418921471211e+02 6.295096516609191895e+00 6.136139214038848877e+00 6.016928713023663278e+01 4.185871545255184174e+03 1.178856977820395997e+02 5.268427932262420654e+01 5.160178939998149872e+01 3.640433049798011780e+02 2.971673221886157990e+02 1.210106674134731009e+02 3.084114104509354082e+00 1.844794148206711171e+01 7.437590198218822479e+02 3.983566555380821228e+01 1.465824811160564067e+01 4.638843973129987717e+02 1.079501873701810979e+02 3.211754277646542164e+02 1.985634317994118092e+01 8.317653000354766846e+00 9.319010597467422485e+02 2.157909980118274973e+02 2.068020190283656120e+03 1.957093054190278053e+03 1.281586689800024033e+02 1.056975101828574992e+02 2.898026501834393116e+02 4.221055498719214683e+01 3.896260687708854675e+01 8.679130902886390686e+01 6.830705648660659790e+01 3.813567975163459778e+01 5.319020479917526245e+01 4.154593259096145630e+00 1.164894925206900069e+02 3.235721719861031147e+02 1.112072914838791071e+01 2.774982362985610962e+00 1.116407141089439037e+01 3.688746717572212219e+01 5.355097889900208408e+00 1.105741566419601085e+01 6.214857247471808677e+01 2.817883183062077137e+02 5.643933945894241333e+01 1.942766943573952005e+02 1.732031053304671886e+01 0.000000000000000000e+00 1.855574131011962891e+00 1.994148164987564087e+00 4.125541836023330688e+00 8.022077947854995728e+00 1.466761443018912914e+01 1.101964281499385976e+02 1.231623023748398005e+01 5.085039019584655762e+00 3.817432510852813721e+01 1.786976079940795898e+02 3.795611275434494019e+02 2.289699226617813110e+00 1.093777537345886008e+00 8.916593134403228760e+00 1.110948580503463923e+01 3.646008491516112837e+00 2.565149205923080089e+01 3.366712421178818193e+00 1.439005154371261952e+01 6.197157800197601318e+00 6.358784362673758572e+00 1.315921640396117986e+01 4.195852875709533691e+00 5.602941513061523438e-01 1.734853178262711015e+00 1.640144854784012063e+00 2.774518859982491108e+02 1.156478559970856068e+01 6.891572059690952301e+02 2.670881450176239014e-01 1.356748723983765004e+01 5.417261630296707153e+00 2.927085649967193959e+01 7.199933528900146484e-01 9.043706953525543213e-01 1.286135777831077931e+01 9.450393497943878174e+00 4.040564000606536865e-01 4.453067117929459329e+01 1.344983424246310904e+02 2.324335989356040955e+01 3.908965170085430145e+02 1.211043834686279075e+00 9.922903388738632202e+00 2.219612727761268900e+02 4.258107525110244751e+01 3.030938252806663957e+00 3.522470161318778992e+01 0.000000000000000000e+00 9.198505282402038574e-01 3.257499322295188904e+01 0.000000000000000000e+00 5.678075313568115234e+00 9.173302802443504333e+01 1.715321227908134016e+00 1.062086015939712969e+00
1.650954583287239075e+03 0.000000000000000000e+00 8.315937842279672623e+03 8.726451062947511673e+03 1.061400751388072968e+04 2.775704128026961826e+03 6.261722419053316116e+03 1.474405646237730980e+04 2.613515391051768802e+03 4.670205613970757241e+01 5.715071797370910645e+00 0.000000000000000000e+00 0.000000000000000000e+00 0.000000000000000000e+00 0.000000000000000000e+00 9.242335675835609436e+03 0.000000000000000000e+00 4.921826509237288860e+02 1.229338467121124046e+00 1.083469271659851074e+00 1.428070008754730003e+00 2.671543985605239868e+00 0.000000000000000000e+00 4.538874983787536621e+00 1.563335940346122015e+03 2.573723256587982178e+00 7.358307182788848877e+00 1.032277405261992964e+00 0.000000000000000000e+00 0.000000000000000000e+00 1.957142396271229075e+02 1.336263105973600887e+03 7.325142522603273392e+02 5.659470498561859131e+00 1.547484087944030939e+01 8.210033029317855835e+00 1.111420631408690962e+00 1.112633251041173935e+03 1.979657354950904846e+01 1.277649039030075073e+01 3.581357573270797729e+02 2.978071960210800171e+02 4.503936502337455750e+01 1.038806846737861989e+01 2.167667326033115103e+02 1.162565460801124928e+01 1.340487807989120039e+00 0.000000000000000000e+00 9.797736772894859314e+01 1.876121819019318071e+00 1.589405471384525015e+02 6.224092683792114258e+02 3.775746238231658936e+02 2.269445105642080023e+02 1.388839664131402969e+03 4.251903009414672852e+01 3.288614308834075928e+01 1.274020828306674957e+02 1.568910092115402000e+00 4.361220717430114746e+00 7.068367540836334229e+00 8.815246522426605225e-01 5.558185742795467377e+02 7.162280715107917786e+02 2.161346822977066040e+00 0.000000000000000000e+00 2.293820652365684865e+01 3.147497397661209106e+01 3.946974694728850874e+00 1.169477117061614990e+01 7.972041606903076172e+01 2.095614672303200052e+02 3.627739208936691284e+01 2.134775573313235952e+02 9.359143376350402832e-01 0.000000000000000000e+00 0.000000000000000000e+00 0.000000000000000000e+00 0.000000000000000000e+00 0.000000000000000000e+00 0.000000000000000000e+00 0.000000000000000000e+00 7.669836252927780151e+00 0.000000000000000000e+00 8.291347622871398926e-01 1.455576387047767994e+01 1.657297670841217041e+00 0.000000000000000000e+00 0.000000000000000000e+00 0.000000000000000000e+00 0.000000000000000000e+00 2.298444777727127075e+00 0.000000000000000000e+00 0.000000000000000000e+00 2.321054995059967041e+00 2.456106066703795943e+00 0.000000000000000000e+00 5.573193877935410434e+00 8.119587898254394531e-01 0.000000000000000000e+00 0.000000000000000000e+00 0.000000000000000000e+00 1.176876777410507025e+01 9.257143139839172363e-01 1.037749727368354939e+02 0.000000000000000000e+00 0.000000000000000000e+00 0.000000000000000000e+00 2.264417111873627153e+00 3.207135200500487726e-01 0.000000000000000000e+00 5.906076341867446899e+00 1.283261686563492043e+00 0.000000000000000000e+00 8.947006940841674805e+01 2.361978191137313843e+01 8.971553444862365723e+00 4.561444079875946045e+01 0.000000000000000000e+00 1.039830446243285911e+00 3.586180689930915833e+01 5.555947422981262207e-01 0.000000000000000000e+00 1.051445335149765015e+01 0.000000000000000000e+00 0.000000000000000000e+00 2.626387834548950195e+00 0.000000000000000000e+00 1.102283775806427002e+00 9.835802018642425537e+00 1.030835956335067971e+00 0.000000000000000000e+00
1.832643350169063069e+03 8.315937842279672623e+03 0.000000000000000000e+00 8.789313062578439713e+02 5.893413477241992950e+03 2.002848275274037951e+04 3.217257172465323833e+02 2.011143012493849028e+03 4.688465650767087936e+03 1.698599919676781056e+01 1.943304061889647993e+00 0.000000000000000000e+00 0.000000000000000000e+00 0.000000000000000000e+00 0.000000000000000000e+00 3.164064689129590988e+02 0.000000000000000000e+00 2.392532107532024099e+02 0.000000000000000000e+00 1.181853652000427024e+00 0.000000000000000000e+00 0.000000000000000000e+00 0.000000000000000000e+00 2.232094049453734907e+00 3.106370443701744080e+02 1.066466569900512917e+00 3.888443320989609209e+00 3.140542015433311107e+01 1.149290949106215987e+00 0.000000000000000000e+00 8.992578454315662384e+01 1.460454160854219936e+03 1.807825162708759024e+02 2.650513887405395952e+00 2.850995182991027832e+00 2.745980107784270885e+01 6.385712504386901855e+00 2.577354171872138977e+02 4.233766257762908936e+00 4.288141518831253052e+00 7.894806089997291565e+01 6.882203876972198486e+01 1.421173763275145951e+01 3.130572290718555095e+01 8.238786865770816803e+01 2.217179509997367859e+01 0.000000000000000000e+00 0.000000000000000000e+00 8.156199864745140076e+02 3.053704905509949086e+01 3.179568292796611786e+02 1.214161543697118987e+03 1.990114761441946030e+02 4.353854331374167685e+01 8.110088512003421783e+02 1.133202290534972967e+01 8.683967456221580505e+00 9.268665316700935364e+01 8.457944393157958984e-01 2.406525582075119019e+00 0.000000000000000000e+00 0.000000000000000000e+00 1.594535848200320913e+02 1.346447023153305054e+02 2.103408336639403853e+00 0.000000000000000000e+00 1.837750637531280873e+01 4.574943676590918784e+01 8.711270570755004883e+00 1.036641547083855031e+01 1.438083191215991974e+02 2.531436170935631083e+02 4.466448658704757690e+01 2.451503736972809122e+02 1.872966647148132102e+00 0.000000000000000000e+00 0.000000000000000000e+00 0.000000000000000000e+00 0.000000000000000000e+00 1.322452425956726074e+00 0.000000000000000000e+00 3.046387195587158203e+00 1.201711687445640919e+01 0.000000000000000000e+00 0.000000000000000000e+00 1.303804558515549061e+01 6.804564058780670166e+00 0.000000000000000000e+00 0.000000000000000000e+00 0.000000000000000000e+00 6.238972544670104980e-01 1.576994180679321067e+00 3.111838519573212114e+00 0.000000000000000000e+00 0.000000000000000000e+00 6.949166208505629605e+00 0.000000000000000000e+00 4.502745449542999268e+00 1.798897504806518999e+00 0.000000000000000000e+00 8.223482072353363037e-01 2.553111612796782892e-01 1.283695113658905029e+01 8.455003499984741211e-01 1.030720570385455943e+02 0.000000000000000000e+00 2.248513519763946977e+00 9.703152179718017578e-01 0.000000000000000000e+00 0.000000000000000000e+00 0.000000000000000000e+00 2.110063403844832930e+00 4.426600039005280096e-01 0.000000000000000000e+00 9.838646844029426575e+01 1.950173324346542003e+01 7.755858123302459717e+00 1.029023390710353993e+02 1.227712154388427956e+00 2.070018142461777177e+00 5.347926235198975320e+01 4.911458939313889438e+00 0.000000000000000000e+00 2.749933820962905884e+01 0.000000000000000000e+00 0.000000000000000000e+00 5.608128279447556430e+00 0.000000000000000000e+00 3.611705362796783003e+00 1.562015497684478937e+01 1.245706826448440996e+00 3.286322355270385742e-01
6.029166265130043030e+02 8.726451062947511673e+03 8.789313062578439713e+02 0.000000000000000000e+00 1.579157295688986960e+04 1.226878965154289972e+03 3.005176971092820168e+03 4.334093881887196767e+04 8.325745869278907776e+02 1.497723920941353128e+02 5.600003451108931607e+00 0.000000000000000000e+00 0.000000000000000000e+00 0.000000000000000000e+00 0.000000000000000000e+00 2.491056206285953976e+03 0.000000000000000000e+00 5.476159530878067017e+01 0.000000000000000000e+00 3.438373208045959029e+00 0.000000000000000000e+00 7.631636559963226318e-01 0.000000000000000000e+00 1.672799232602119091e+01 1.736290119171143033e+03 5.595495894551277161e+00 2.739051282405853271e-01 1.299085438251494917e+00 0.000000000000000000e+00 0.000000000000000000e+00 1.393195448219775869e+02 7.244496495127677917e+02 1.004313664093613966e+03 1.804616600275039895e+00 4.467365115880966187e+00 6.960308343172073364e+00 0.000000000000000000e+00 1.856777138501405943e+03 9.385391965508460999e+01 2.371310921013354900e+01 8.411617501080036163e+01 1.987934141606091885e+02 3.216156116127967834e+01 1.141622141003609059e+01 1.553329999297857000e+02 9.749060779809951782e+00 2.205064296722412109e-01 0.000000000000000000e+00 5.505651926994323730e+01 3.940609395503997803e-01 2.640113905370234875e+02 7.176892791390419006e+02 2.037454286664724066e+02 2.920191132128239246e+02 2.445977714747190021e+03 7.039539158344268799e+01 4.723880013823509216e+01 2.087605549395084097e+02 0.000000000000000000e+00 7.299067974090576172e-01 1.767472055554389954e+01 1.461243152618407981e+00 3.912813100814818768e+02 1.291259795084595908e+03 1.069224849343300088e+00 0.000000000000000000e+00 1.794683828949927928e+01 2.818498751521110890e+01 1.695803582668303999e+00 1.125732868909835993e+01 1.129754447042942047e+02 2.341615594029426859e+02 5.604516261816024780e+01 2.478470814228057861e+02 1.143453180789947954e+00 0.000000000000000000e+00 0.000000000000000000e+00 0.000000000000000000e+00 0.000000000000000000e+00 0.000000000000000000e+00 0.000000000000000000e+00 0.000000000000000000e+00 1.588365399837494074e+01 0.000000000000000000e+00 1.380908191204071045e+00 1.612615406513214111e+01 8.442617684602737427e+00 0.000000000000000000e+00 0.000000000000000000e+00 0.000000000000000000e+00 2.131487280130386075e-01 0.000000000000000000e+00 4.682145118713378906e-01 0.000000000000000000e+00 8.393198549747467041e+00 4.689117223024368286e+00 0.000000000000000000e+00 6.654425203800201416e+00 1.139176011085510032e+00 0.000000000000000000e+00 0.000000000000000000e+00 0.000000000000000000e+00 1.247846436500548961e+01 1.450130611658096091e+00 1.020977706015110016e+02 0.000000000000000000e+00 3.594675660133361816e-01 4.464702308177947998e-01 5.966520309448242188e-01 2.662332653999329168e-01 0.000000000000000000e+00 2.575921386480330977e+00 0.000000000000000000e+00 0.000000000000000000e+00 7.839730340242385864e+01 1.149593985080718994e+01 7.100251436233521396e+00 7.131687095761299133e+01 4.081399738788604736e-01 6.756124734878540039e+00 3.929295951128005981e+01 4.163359463214874268e+00 0.000000000000000000e+00 9.746643543243408203e+00 3.866846263408660889e-01 0.000000000000000000e+00 6.786643952131271362e+00 0.000000000000000000e+00 1.167900413274765015e+00 1.896977293491363881e+01 7.277932763099670410e-01 0.000000000000000000e+00
5.842205003052949905e+02 1.061400751388072968e+04 5.893413477241992950e+03 1.579157295688986960e+04 0.000000000000000000e+00 1.059864043098687944e+04 8.416908127665519714e+02 3.670775723677874339e+04 2.470664521005750066e+04 2.155517540723085119e+02 1.255091077089310048e+01 3.648668229579926092e-01 0.000000000000000000e+00 0.000000000000000000e+00 0.000000000000000000e+00 4.761591060608624844e+02 0.000000000000000000e+00 4.846863648295403237e+01 0.000000000000000000e+00 1.111817121505737083e+00 2.961425930261611938e+00 1.174056529998779075e+00 6.231083273887634277e-01 1.727804005146026967e+01 1.740307936310767900e+03 1.052010062336922047e+01 1.654818922281265037e+00 1.321802854537964089e+00 0.000000000000000000e+00 0.000000000000000000e+00 2.096615895926952078e+02 8.087963957935571671e+02 8.016222993731498718e+02 1.324351698160171953e+00 4.946610778570175171e+00 9.358234286308288574e+00 4.561471939086914062e+00 1.870329590305685997e+03 8.696734759211540222e+01 2.566975286602973938e+01 9.016862544417381287e+01 2.727787481844425201e+02 4.341698540747165680e+01 1.633983254432677867e+01 2.033798513412475870e+02 1.181167727708817061e+01 1.181573569774627908e+00 5.333693623542785645e-01 3.132150866091250805e+02 2.953892707824707031e+00 3.615563693940638927e+02 1.096249057471751939e+03 2.689578147232533070e+02 3.291769625693560215e+02 3.549927945405244827e+03 1.229173123240471028e+02 6.172205615043640137e+01 3.065487680733203888e+02 4.851557314395905096e-01 2.396891891956328902e+00 1.505006253719330012e+01 8.010906279087066650e-01 4.367694510817527771e+02 1.436674634099007108e+03 1.239716649055480957e+00 0.000000000000000000e+00 3.851329702138900757e+01 1.224977293312550017e+02 1.449987038969993947e+01 3.734374463558197021e+01 4.075939565598965260e+02 9.887791679799556732e+02 1.730903421938419058e+02 9.911181580126285553e+02 3.975734293460845947e+00 3.210899233818054199e-01 0.000000000000000000e+00 0.000000000000000000e+00 0.000000000000000000e+00 0.000000000000000000e+00 4.796272516250609796e-01 1.136952280998229980e+00 4.453225603699684143e+01 0.000000000000000000e+00 5.954093337059020996e-01 5.344584605097770691e+01 1.515949612855911077e+01 0.000000000000000000e+00 0.000000000000000000e+00 0.000000000000000000e+00 1.077919274568557961e+00 8.522008627653121948e+00 0.000000000000000000e+00 0.000000000000000000e+00 1.089580321311951039e+01 6.865673482418060303e+00 0.000000000000000000e+00 2.117826870083808899e+01 1.692263722419738992e+00 8.459457457065582275e-01 0.000000000000000000e+00 0.000000000000000000e+00 5.534688094258307700e+01 4.473436534404754639e+00 4.195406416505575180e+02 0.000000000000000000e+00 3.518909841775894165e+00 7.468823492527008057e+00 5.181764215230941772e+00 0.000000000000000000e+00 0.000000000000000000e+00 5.946005702018737793e+00 1.903070509433745894e+00 0.000000000000000000e+00 4.112492404580116272e+02 8.217304453253746033e+01 1.675037413835525868e+01 2.174143360555171967e+02 6.031728118658065796e+00 7.107744216918945312e+00 1.048721035122870973e+02 1.665163844823836925e+01 1.246398806571960005e+00 2.205917519330978038e+01 0.000000000000000000e+00 0.000000000000000000e+00 1.724129751324653981e+01 1.514004588127136008e+00 6.012219727039337158e+00 7.584014660120010376e+01 1.732681393623352051e+00 0.000000000000000000e+00
1.482885206341743014e+03 2.775704128026961826e+03 2.002848275274037951e+04 1.226878965154289972e+03 1.059864043098687944e+04 0.000000000000000000e+00 6.128327125608921051e+02 5.678304910317063332e+03 7.658860328012704849e+04 7.872955492138862610e+01 7.576844215393066406e+00 0.000000000000000000e+00 0.000000000000000000e+00 3.917677402496337891e-01 0.000000000000000000e+00 1.794257278740406036e+02 0.000000000000000000e+00 1.119020189344882965e+02 0.000000000000000000e+00 5.643000781536102295e+00 2.942186594009398859e-01 0.000000000000000000e+00 0.000000000000000000e+00 3.837506592273712158e+00 7.881078632771968842e+02 7.109493806958199436e+00 1.484428584575653076e+00 9.061311689019203186e+01 1.768173098564147949e+00 2.033385634422301802e+00 1.363387860208750055e+02 1.173593212276696931e+03 2.652465153336524963e+02 2.601897597312926802e+00 7.282730281352996826e+00 8.418183073401451111e+01 7.327341094613075256e+01 6.415479156225919724e+02 6.365180701017379761e+00 4.299832165241240567e+00 3.457179114222527261e+01 1.649939543306828114e+02 2.916636969149113057e+01 1.427862777560949041e+02 1.362261525094509125e+02 9.321345633268356323e+01 0.000000000000000000e+00 0.000000000000000000e+00 3.778861115783452988e+03 5.981645056605339050e+01 5.360855406820774078e+02 2.071858950972557068e+03 2.513810300678015039e+02 1.921816980242728903e+02 2.937140997305511974e+03 6.340847066044806724e+01 4.814967170357704163e+01 5.247698711156845093e+02 2.149285855889320018e+01 8.177823469042778015e+00 7.423373401165009433e+00 5.365234017372131348e-01 3.121762755066155819e+02 6.548509296327829361e+02 3.013501554727553877e+00 2.488501071929931918e-01 1.183858016729355001e+02 2.554074524044991108e+02 3.364947840571404214e+01 1.223067387938499024e+02 1.009132379800081026e+03 2.243440849632025220e+03 3.320542387366294861e+02 2.062407584816216968e+03 8.840368449687957764e+00 0.000000000000000000e+00 0.000000000000000000e+00 0.000000000000000000e+00 0.000000000000000000e+00 0.000000000000000000e+00 7.576648592948913574e-01 2.779410305619240162e+01 4.658533272147178650e+01 1.407988071441649947e+00 6.244740366935729980e+00 1.252158656120300009e+02 4.230550378561019897e+01 9.670326113700866699e-01 0.000000000000000000e+00 0.000000000000000000e+00 0.000000000000000000e+00 1.758764460682868958e+01 7.251077473163604736e+00 5.219581127166748047e-01 3.936470568180083784e+00 6.670976543426513672e+01 0.000000000000000000e+00 2.409985256195068004e+01 1.685946106910706010e+00 0.000000000000000000e+00 1.335214138031006081e+00 4.113961488008499146e+00 1.043020294904709004e+02 1.867369234561919944e+00 9.097944245636463165e+02 0.000000000000000000e+00 1.625553774833678844e+01 8.424517124891281128e+00 8.937098026275634766e+00 5.563435792922973633e+00 0.000000000000000000e+00 1.142058673501015065e+01 6.025138556957244873e+00 1.419117301702498946e+00 8.892331436276435852e+02 1.257156298458576060e+02 6.125941395759583230e+01 5.664263010919094086e+02 9.989663422107696533e+00 1.446810364723205922e+01 3.314907028377056122e+02 2.125814869999885914e+01 0.000000000000000000e+00 1.016327432990074016e+02 0.000000000000000000e+00 0.000000000000000000e+00 2.983705022931098938e+01 3.995704650878906250e-01 1.695282274484634044e+01 1.311852175891399099e+02 6.214533150196075439e-01 0.000000000000000000e+00
8.383878216743469238e+02 6.261722419053316116e+03 3.217257172465323833e+02 3.005176971092820168e+03 8.416908127665519714e+02 6.128327125608921051e+02 0.000000000000000000e+00 4.864450750839710236e+04 1.723422037929296039e+03 9.271532323956489563e+01 5.599251300096511841e+00 0.000000000000000000e+00 3.606240659952164140e+00 5.475775957107543945e+00 6.460591554641723633e-01 2.829448554097115993e+04 0.000000000000000000e+00 5.123062464833259583e+03 1.990372079610824940e+01 0.000000000000000000e+00 1.236524498462677002e+01 1.210226473212241949e+01 4.963177591562271118e+00 5.119327723979949951e+00 5.891144516617059708e+02 2.377325803041458130e+00 2.327799499034881947e+01 7.891896665096282959e-01 0.000000000000000000e+00 0.000000000000000000e+00 5.361867719888687134e+01 8.781253847479820251e+02 6.177760344594717026e+02 3.229188603162766213e+01 5.926935043931006675e+01 3.617803341150283813e+01 1.522018790245055930e+00 7.042623678743839264e+02 3.596818235516548157e+01 6.730783414274454117e+03 4.920413994580507278e+03 8.285946753621101379e+01 1.872630879282951000e+01 2.286774098873137984e+00 6.682321745157241821e+01 3.067422151565552202e+00 2.212749785184859874e+01 5.064985454082489014e+00 1.009167979359627054e+02 1.780587434768677035e-01 5.629985031485558267e+01 8.849815100431442261e+01 9.653114521503448486e+01 5.018579004704952240e+01 2.825452541410923004e+02 1.362149924039841054e+01 8.474782764911651611e+00 2.979190935194491985e+01 0.000000000000000000e+00 0.000000000000000000e+00 1.378603756427764893e+00 4.088156819343566895e-01 1.443668204993010136e+02 3.106645515859127045e+02 3.711907535791397095e+00 9.859623312950134277e-01 1.099431815743445995e+01 1.710252338647842052e+01 1.672260761260986106e+00 5.205431103706359863e+00 4.978843477368354797e+01 9.551819956302642822e+01 1.728260937333106995e+01 1.209422512650489949e+02 0.000000000000000000e+00 0.000000000000000000e+00 0.000000000000000000e+00 0.000000000000000000e+00 0.000000000000000000e+00 0.000000000000000000e+00 0.000000000000000000e+00 0.000000000000000000e+00 8.753331393003463745e+00 0.000000000000000000e+00 0.000000000000000000e+00 5.790766775608062744e+00 1.870145797729491965e+00 0.000000000000000000e+00 0.000000000000000000e+00 0.000000000000000000e+00 0.000000000000000000e+00 4.720853865146636963e-01 5.649356842041015625e-01 0.000000000000000000e+00 0.000000000000000000e+00 1.116590589284897073e+00 0.000000000000000000e+00 0.000000000000000000e+00 2.298869878053665161e+00 0.000000000000000000e+00 0.000000000000000000e+00 0.000000000000000000e+00 1.220334345102310003e+01 6.512655913829803467e-01 3.514000603556632996e+01 0.000000000000000000e+00 1.775368928909301980e+00 5.057465434074401855e-01 1.534474492073059082e+00 0.000000000000000000e+00 0.000000000000000000e+00 2.302337348461151123e+00 2.176649600267409834e+00 0.000000000000000000e+00 6.500935202836990356e+01 8.704879611730575562e+00 3.117814838886260986e+00 2.702302172780036926e+01 0.000000000000000000e+00 5.050224065780639648e-01 1.391775080561638056e+01 0.000000000000000000e+00 0.000000000000000000e+00 4.431580543518066406e+00 0.000000000000000000e+00 3.499936759471892755e-01 3.968424201011658159e+00 0.000000000000000000e+00 4.757591485977172852e-01 7.861236751079559326e+00 1.443119913339615090e+00 0.000000000000000000e+00
1.921566078364849091e+03 1.474405646237730980e+04 2.011143012493849028e+03 4.334093881887196767e+04 3.670775723677874339e+04 5.678304910317063332e+03 4.864450750839710236e+04 0.000000000000000000e+00 3.843460476130247116e+04 8.191002588570117950e+02 3.924406775832176208e+01 2.928285568952559981e+00 4.357433915138245184e-01 1.261721730232238992e+00 5.749606490135192871e-01 8.125029737442731857e+03 0.000000000000000000e+00 1.051108025348185947e+04 9.598101884126663208e+00 2.068026188015938160e+01 2.539937937259674072e+01 4.546596407890319824e+00 6.691563546657562256e+00 2.193998262286185863e+01 1.436949856936932065e+03 1.329150474071503041e+01 2.617561528086661937e+01 2.617416203022003174e+00 0.000000000000000000e+00 3.376814246177672896e+00 1.238802916109562062e+02 1.170273041859268915e+03 5.827630459070205688e+02 5.168192622065544128e+01 2.517847229540348053e+01 2.642339026629924774e+02 2.505665156245231984e+01 1.868533941656351089e+03 1.035280704051256038e+02 9.346373316645622253e+01 1.141938481464982033e+03 1.398084157705307007e+02 3.696244865655899048e+01 6.908112555742263794e+00 1.360514534711838053e+02 1.294055214524268926e+01 2.868346849083900096e+01 7.908966690301895142e+00 1.491353792518377077e+03 2.727757576107979176e+01 5.285105495750904083e+02 8.769854396283626556e+02 2.360580883622168926e+02 2.160083536207675934e+02 3.742734793633223035e+03 2.200583338141441061e+02 7.030306501686573029e+01 3.855884491056203842e+02 0.000000000000000000e+00 6.889311969280242920e-01 2.953586605191231129e+01 0.000000000000000000e+00 2.951795166283845901e+02 1.978021615281701088e+03 1.295522242784499900e+00 2.532527029514313188e+00 6.778280559182167053e+01 1.939999037683010101e+02 3.838511455059052224e+01 5.955441012978553772e+01 5.549227235913276672e+02 1.229226474136113893e+03 2.612589777112007141e+02 1.451590360164642107e+03 4.922291934490203857e+00 0.000000000000000000e+00 4.273345470428466797e-01 0.000000000000000000e+00 0.000000000000000000e+00 9.173503220081329346e-01 5.033298373222351074e+00 1.922317624092102051e+00 8.700733640789985657e+01 0.000000000000000000e+00 4.104925245046615601e+00 1.132685522437096068e+02 3.125402621924877167e+01 0.000000000000000000e+00 2.294398546218872070e+00 6.621576249599456787e-01 1.296020179986953957e+00 4.839516758918762207e+00 1.054762125015259011e+00 3.666682839393615723e-01 7.628909170627593994e+00 3.614830577373505349e+01 3.114600479602814276e-01 2.381668603420257924e+01 7.831777334213256836e-01 0.000000000000000000e+00 2.754712104797362726e-01 2.239459007978438887e+00 7.078525128960609436e+01 0.000000000000000000e+00 7.290537488460540771e+02 1.621038317680359109e+00 1.401554924249649048e+01 4.140125870704650879e+00 4.107065260410308838e+00 5.733860135078430176e-01 0.000000000000000000e+00 2.123563408851623979e+00 8.074075579643249512e-01 5.244353264570236206e-01 7.035509190857410431e+02 1.530926708579063131e+02 3.304960602521895652e+01 2.738132865726947784e+02 6.582940727472305298e+00 9.651256114244461060e+00 1.707537800967693045e+02 2.141065448522568104e+01 1.371174246072768943e+00 3.256574857234954834e+01 0.000000000000000000e+00 0.000000000000000000e+00 2.969080615043640137e+01 0.000000000000000000e+00 1.363362950086593983e+01 9.198867675662040710e+01 3.794922232627869207e-01 0.000000000000000000e+00
1.369994343876838911e+03 2.613515391051768802e+03 4.688465650767087936e+03 8.325745869278907776e+02 2.470664521005750066e+04 7.658860328012704849e+04 1.723422037929296039e+03 3.843460476130247116e+04 0.000000000000000000e+00 4.254359736293553738e+02 4.545232245326042175e+01 2.249935448169707808e+00 0.000000000000000000e+00 9.348284006118774414e-01 0.000000000000000000e+00 1.465856550097465970e+03 9.218062758445739746e-01 2.724743574455379985e+03 1.895917177200316939e+00 5.968964111804962158e+01 4.747830280661582947e+01 5.382317692041397095e+00 4.545039296150208408e+00 6.781053304672241211e+00 7.956679103672504425e+02 1.314649042487143937e+01 1.613792374730110168e+01 7.614343345165252686e+00 0.000000000000000000e+00 2.452668070793151855e+00 7.202446988224983215e+01 8.206696513146162033e+02 2.314137421548367115e+02 7.472403419017791748e+01 8.206266298890113831e+00 2.054175592005252838e+03 5.302015143632888794e+01 5.785487489849328995e+02 3.258733242750167847e+01 1.867334574460982921e+01 3.825179696679114727e+02 1.163932733088732050e+02 2.543788024783134105e+01 4.282491862773895264e+00 8.566708734631538391e+01 1.873281618952751160e+01 2.499506184458732960e+01 9.576378613710403442e+00 7.756970418453216553e+03 1.687171066701411917e+02 6.198881273567676544e+02 1.047829157114028931e+03 1.833823949098587036e+02 1.185224814862013005e+02 3.128389100193976901e+03 1.497737945616244986e+02 1.032294839471579024e+02 6.881293269097805023e+02 9.574148058891296387e-01 3.836682140827178955e-01 1.767274603247642872e+01 3.285371243953704834e+00 2.406198730915785120e+02 1.308383564323187102e+03 6.640616655349731445e-01 1.704237639904021995e+00 1.405261722505092905e+02 3.217879912555217743e+02 7.020546442270278931e+01 1.315598993301391886e+02 1.109010098308325041e+03 2.349409650176763989e+03 4.819804748892784119e+02 2.749099725604056857e+03 1.710060396790504100e+01 3.180453777313231867e-01 3.062443733215332031e-01 0.000000000000000000e+00 0.000000000000000000e+00 1.768821269273757935e+00 4.753335848450660706e+00 5.926027834415435791e+00 1.201300099194049977e+02 3.925537467002869207e-01 4.612432688474655151e+00 1.576198049187659933e+02 6.030881963670253754e+01 4.388679563999176025e-01 3.158076405525208075e-01 2.665346652269362959e+00 1.259774789214133994e+00 1.755637136101723073e+01 4.053478896617889404e+00 1.160887926816940086e+00 5.813613533973693848e+00 6.815308606624603271e+01 1.375274538993835005e+00 3.982472175359725952e+01 0.000000000000000000e+00 0.000000000000000000e+00 7.879545688629150391e-01 2.078614205121994019e+00 1.406119024157524109e+02 3.316250443458557129e-01 1.237743159621953964e+03 2.509648799896240234e-01 1.538236147165297929e+01 8.853633612394332886e+00 1.023121792078018011e+01 3.354404836893082109e+00 0.000000000000000000e+00 1.316789537668227927e+00 2.389992475509643999e+00 1.413023889064789040e+00 1.577980386823415984e+03 2.726175445616245270e+02 6.999095615744590759e+01 5.183786298632621765e+02 1.211284622550011036e+01 1.274164542555809021e+01 2.934467067122458843e+02 3.997595116496086121e+01 2.550038754940032959e+00 6.064102628827095032e+01 0.000000000000000000e+00 0.000000000000000000e+00 3.886652308702468872e+01 1.303354799747467041e+00 1.893967100977897999e+01 1.441449501216411875e+02 3.645518124103546143e-01 0.000000000000000000e+00
4.504195694625377655e+01 4.670205613970757241e+01 1.698599919676781056e+01 1.497723920941353128e+02 2.155517540723085119e+02 7.872955492138862610e+01 9.271532323956489563e+01 8.191002588570117950e+02 4.254359736293553738e+02 0.000000000000000000e+00 4.992228493779897690e+03 2.021833796262741089e+03 8.151071488857269287e+00 2.073521259427070973e+01 6.764370083808898926e+00 1.595275670737028122e+02 2.615196675062180134e+02 2.767114811986684799e+03 5.375437757372856140e+01 4.712033095657824902e+02 2.673633210659027100e+02 2.880991249531506924e+02 2.355989080667496083e+01 9.918962377041578293e+03 1.071137052357197035e+03 2.178673455938696861e+03 3.193392190337181091e+01 6.039645314216613770e+00 2.279865145683289018e+00 1.364084798097609941e+01 7.029852867126464844e+00 6.287662999331951141e+01 8.046204194724559784e+02 3.232344340533018112e+02 1.602554086908698082e+03 4.194814489781857105e+02 1.313991977274418055e+01 8.263539561226963997e+03 4.236925482362508774e+03 3.188292301714419864e+03 2.379673360884190060e+03 1.156581144794821967e+03 2.143268349900842168e+03 9.657624244689941406e+00 1.138289637416601039e+02 5.041997171938419342e+01 6.328388069570065255e+01 4.422581939399241691e+01 1.946224983334541037e+02 2.437589439749718068e+01 2.888015826046466827e+01 1.104370889067650019e+01 1.046117912232876002e+01 3.374465391039847884e+00 4.380039568245410919e+01 1.882360965013504028e+01 1.497659184038639069e+01 1.056469472348690033e+02 2.786478400230408270e-01 9.251951575279235840e-01 2.174422976374626160e+01 5.287466645240783691e-01 4.048838102817534690e+01 1.174801331028342020e+03 1.359631991982460022e+02 5.969883088767529244e+01 4.439563155174254816e-01 2.858566612005234209e+00 1.868004679679871050e+00 0.000000000000000000e+00 6.293890357017517090e+00 1.260593688488006947e+01 5.851970940828323364e+00 2.321999359130859020e+01 4.273941099643707275e+00 8.905849307775497437e-01 4.303365677595139438e+00 2.846550643444060724e-01 2.958569824695587158e-01 1.955691085755825043e+01 2.115531784296036122e+01 5.034587910771369934e+01 3.040899455547333208e+00 6.487262845039367676e+00 5.944058939814567566e+00 1.179756473004817963e+01 6.172952081263065338e+01 8.996540904045104980e-01 5.537441074848175049e-01 2.702296629548072815e+00 8.951479643583297729e+00 9.543785750865936279e-01 9.319707214832305908e+00 3.009494185447692871e+00 2.217838168144226074e-01 1.129812717437743919e+00 2.914878234267234802e+00 7.897149920463562012e-01 3.195952013134955916e+00 4.442949384450911587e+00 6.091632410883904392e+00 3.470235154032707214e+00 3.640149894356728311e+01 1.022675904631615040e+01 6.198964652419090271e+01 2.881333529949188232e-01 7.134587913751602173e-01 0.000000000000000000e+00 2.501095652580260786e+00 0.000000000000000000e+00 5.012261867523193359e-01 2.745757266879082170e+00 1.949451364576816914e+01 2.553712069988251177e+00 1.744493180513381958e+01 2.990124902129172924e+01 6.519408255815505981e+00 1.326247209310531971e+01 1.015516132116317971e+00 1.303846925497055054e+00 1.320192509889603016e+01 5.334609508514404297e+00 2.485113948583602905e+00 1.254155817627906977e+01 0.000000000000000000e+00 4.668095707893372137e-01 3.262019529938697815e+00 3.528518378734589178e-01 5.327793955802917480e-01 1.668807008862495067e+01 5.310077264904975891e+00 1.136477619409560935e+00
6.214858442544937134e+00 5.715071797370910645e+00 1.943304061889647993e+00 5.600003451108931607e+00 1.255091077089310048e+01 7.576844215393066406e+00 5.599251300096511841e+00 3.924406775832176208e+01 4.545232245326042175e+01 4.992228493779897690e+03 0.000000000000000000e+00 1.435964075979590052e+04 1.136862668961287000e+03 2.397801180243492126e+03 1.367156815767287981e+03 5.328323531150817871e+01 8.497774795889854431e+02 1.474568346917629015e+03 7.529708483219146729e+02 1.371362039446831034e+02 2.409492686092854001e+03 5.149991234540939331e+02 2.675554811954497723e+02 3.668692143201828003e+03 3.650139829546213150e+03 2.524908833041787148e+03 7.047524026036262512e+01 6.163006424903869629e+00 6.107854247093200684e-01 6.641332247853279114e+01 4.610802471637725830e+00 5.015195764601231332e+01 5.348487646281719208e+02 3.938012857735157013e+02 1.107122467756270936e+02 7.835360884666442871e+01 8.135484695434570312e+00 5.996381764560937881e+02 3.317789829820395084e+02 1.352907504141331003e+02 3.981984015703200726e+02 5.152828194200992584e+02 1.696276100426912024e+02 1.211485999822616932e+01 1.639828177690505981e+02 3.966961640119553323e+01 1.144859293997288034e+02 4.945829188823699951e+01 1.959413179755210876e+01 5.261290431022644043e+00 2.616793000698089955e+01 8.670883893966674805e+00 4.666900575160980225e+00 1.112448084354400990e+01 1.516201162338257014e+01 4.806681799888610840e+01 2.590368977189064026e+01 8.788367155194282532e+01 0.000000000000000000e+00 9.650784432888031006e-01 3.616745349764823914e+01 0.000000000000000000e+00 3.363755092024803162e+01 1.092125647842884064e+03 1.143968883156776073e+01 9.054055780172348022e+00 0.000000000000000000e+00 0.000000000000000000e+00 0.000000000000000000e+00 1.326551198959351030e+00 4.779784083366394043e-01 3.514280170202254805e+00 0.000000000000000000e+00 3.997671484947205034e+00 3.107545822858809981e+00 0.000000000000000000e+00 1.464878976345062034e+00 0.000000000000000000e+00 0.000000000000000000e+00 2.238567829132080078e+00 5.794189810752868652e+00 7.154709547758102417e+00 0.000000000000000000e+00 1.225648999214171919e+00 2.339194536209106001e+00 5.006376147270202637e+00 1.739264574646950123e+01 9.433091431856155396e-01 1.243788525462151018e+00 0.000000000000000000e+00 3.034192323684691939e+00 9.321284592151641846e-01 3.720084697008132935e+00 2.238984793424605879e+00 1.690882563591002974e+00 0.000000000000000000e+00 9.744135737419128418e-01 0.000000000000000000e+00 5.248264580965042114e+00 6.727845668792724609e-01 3.933086484670639038e+00 2.025070577859878984e+00 1.356352600455283941e+01 4.491374909877777100e+00 1.356810727715492071e+01 0.000000000000000000e+00 2.386949449777603149e+00 1.528068721294403076e+00 3.582976341247559038e+00 0.000000000000000000e+00 6.004481911659240723e-01 7.420656144618988037e+00 1.375590977072715937e+01 3.109201610088347945e+00 4.410122305154800415e+00 8.170470058917999268e+00 0.000000000000000000e+00 5.079787313938140869e+00 0.000000000000000000e+00 0.000000000000000000e+00 1.289814233779907005e+00 8.048008978366851807e-01 1.664247095584868941e+00 4.606091082096099854e-01 0.000000000000000000e+00 0.000000000000000000e+00 0.000000000000000000e+00 0.000000000000000000e+00 0.000000000000000000e+00 3.207094371318817139e+00 2.687437385320663008e+00 5.625124275684356689e-01
2.464561522006988969e+00 0.000000000000000000e+00 0.000000000000000000e+00 0.000000000000000000e+00 3.648668229579926092e-01 0.000000000000000000e+00 0.000000000000000000e+00 2.928285568952559981e+00 2.249935448169707808e+00 2.021833796262741089e+03 1.435964075979590052e+04 0.000000000000000000e+00 5.614553354501724243e+03 3.588192622721195221e+03 7.556168437004089355e+01 2.600819110870360884e+00 1.141646870946883973e+04 1.224396369159221933e+02 2.738526344686747052e+03 5.677626499533653259e+01 1.991518355011940002e+02 1.275160774588584900e+03 1.269600358784198988e+03 7.926581993520259857e+03 9.255815605819225311e+02 5.486775201275944710e+03 4.152136504650115967e+00 7.765538096427917480e-01 2.020806163549423218e+00 7.293872220367193222e+02 4.133734703063964844e-01 1.616662681102752908e+00 1.784355193376541138e+01 4.143432266712188721e+02 1.398627694994210913e+02 6.370521485805510586e+00 0.000000000000000000e+00 5.327883455157279968e+01 2.893027760088444111e+01 1.595821237564086914e+01 9.698454681038856506e+01 1.348235850334166912e+02 2.377391992956399918e+02 5.146901607513427734e+00 1.475608766078948975e+01 1.471238029003142955e+01 6.332631453871726990e+01 8.555170178413391113e+00 3.624550998210906982e-01 1.594484090805053933e+00 9.773019793629646301e+01 1.919177561998367088e+00 9.604569077491760254e-01 4.580223751068115234e+01 3.059572160243988037e+00 2.179370830357075022e+02 5.634189492464066262e+01 3.867455825507640839e+02 0.000000000000000000e+00 0.000000000000000000e+00 4.632539234459400177e+02 0.000000000000000000e+00 1.295917177200317028e+01 3.586056436687707901e+03 2.082168287038803101e+01 2.491444162130356119e+02 0.000000000000000000e+00 0.000000000000000000e+00 0.000000000000000000e+00 0.000000000000000000e+00 0.000000000000000000e+00 0.000000000000000000e+00 3.737455308437346857e-01 0.000000000000000000e+00 0.000000000000000000e+00 0.000000000000000000e+00 6.881881058216094971e-01 0.000000000000000000e+00 0.000000000000000000e+00 2.401643633842467818e+00 1.005564928054810014e+00 6.780607700347900391e+00 0.000000000000000000e+00 5.790064632892608643e-01 1.577521234750747903e+00 4.576311409473419189e-01 3.514435052871704102e+00 2.656479269266128984e+00 3.986240431666374207e+00 0.000000000000000000e+00 7.343648672103881836e-01 3.208666145801544189e-01 1.864922344684601052e+00 1.423066428303718922e+01 0.000000000000000000e+00 0.000000000000000000e+00 0.000000000000000000e+00 0.000000000000000000e+00 6.072215139865875244e-01 1.354453951120377031e+00 2.526226922869681868e+00 1.244942545890808105e+00 1.608885884284972922e+00 3.232044368982315063e+00 0.000000000000000000e+00 0.000000000000000000e+00 0.000000000000000000e+00 0.000000000000000000e+00 3.125242292881011963e-01 0.000000000000000000e+00 0.000000000000000000e+00 6.561183333396911621e-01 1.202417925000190957e+00 1.007170289754867998e+00 0.000000000000000000e+00 5.597387552261352539e-01 0.000000000000000000e+00 0.000000000000000000e+00 0.000000000000000000e+00 0.000000000000000000e+00 7.367094755172729492e-01 5.302102565765380859e-01 3.306597173213958740e-01 1.433547675609589067e+00 0.000000000000000000e+00 4.825251698493958075e-01 2.637399137020111084e-01 0.000000000000000000e+00 7.774771153926849365e-01 1.286508202552794966e+00 8.914912939071655273e-01 1.087922990322113037e+00
2.866186052560805830e+00 0.000000000000000000e+00 0.000000000000000000e+00 0.000000000000000000e+00 0.000000000000000000e+00 0.000000000000000000e+00 3.606240659952164140e+00 4.357433915138245184e-01 0.000000000000000000e+00 8.151071488857269287e+00 1.136862668961287000e+03 5.614553354501724243e+03 0.000000000000000000e+00 1.946012784585357076e+04 9.721250653266906738e+01 6.052453964948654175e+01 6.752815969228745416e+03 2.439745086729527088e+02 2.720900377005339124e+03 3.927508100867270713e+01 6.034794528484344482e+02 1.094036936376989070e+04 3.268407444655894778e+03 1.880288583040236858e+02 8.081336900591850281e+01 4.679582608938217163e+02 3.833628916740416770e+01 4.911338150501251221e+00 1.849229961633682029e+00 1.811069123148917868e+02 3.086782693862915039e-01 1.711339552700519917e+01 2.631000283360480907e+01 1.038380564421415102e+03 5.138868609070777893e+02 2.401897549629210982e+00 1.594554603099822998e+00 8.307805538177490234e+00 2.890592187643051147e+00 3.395139396190643311e+01 6.660261195600032806e+02 1.111299899220466969e+01 8.521163794398307800e+01 0.000000000000000000e+00 9.973475098609924316e+00 5.966723263263702393e+00 1.560552763879298936e+03 5.319347262382507324e+00 7.744202017784118652e-01 0.000000000000000000e+00 4.384175924360752106e+02 3.516411125659943071e+00 1.531178310513495955e+00 1.481694079339503958e+02 3.955675035715103149e+00 1.286270043075084914e+03 1.409904088377952860e+02 1.856647657990456082e+03 0.000000000000000000e+00 0.000000000000000000e+00 7.310839125812053680e+02 0.000000000000000000e+00 2.736991345882416216e+00 2.839642685502768018e+03 1.349129024147987010e+01 5.600982950329780579e+02 0.000000000000000000e+00 0.000000000000000000e+00 0.000000000000000000e+00 0.000000000000000000e+00 0.000000000000000000e+00 0.000000000000000000e+00 0.000000000000000000e+00 0.000000000000000000e+00 2.980142533779143732e-01 6.144983172416687012e-01 3.122876018285750899e+00 9.678700268268585205e-01 7.026678204536437988e+00 1.164183540642262038e+01 3.279505103826522827e+00 5.154883866012095694e+01 7.454297542572021484e-01 2.189865022897719893e+00 1.440615460276603921e+00 5.861492753028869629e-01 7.503117904067038602e+00 1.333425644040108082e+01 2.788363765180110931e+01 2.549308836460114081e-01 1.946150600910186990e+00 1.267279982566833052e+00 3.845000386238098145e+00 1.384678154587745951e+02 0.000000000000000000e+00 0.000000000000000000e+00 0.000000000000000000e+00 4.027942419052124023e-01 4.994944930076599121e-01 0.000000000000000000e+00 7.394554615020751953e-01 8.177823573350906372e+00 1.967885175347327831e+01 3.076447993516921997e+00 4.435332030057907104e+00 0.000000000000000000e+00 1.154494524002074973e+00 2.803238928318024237e-01 1.974965631961823065e-01 0.000000000000000000e+00 0.000000000000000000e+00 0.000000000000000000e+00 3.924759179353713989e+00 6.556218266487121582e-01 0.000000000000000000e+00 0.000000000000000000e+00 0.000000000000000000e+00 0.000000000000000000e+00 0.000000000000000000e+00 0.000000000000000000e+00 7.127919793128967285e-01 4.980196654796599787e-01 3.039573401212691817e+00 2.171242594718933105e+00 0.000000000000000000e+00 8.095042109489440918e-01 2.736444592475891113e+00 0.000000000000000000e+00 1.208415150642395020e+00 1.389940887689590010e+00 0.000000000000000000e+00 3.717164099216461182e-01
3.274378746747971292e+01 0.000000000000000000e+00 0.000000000000000000e+00 0.000000000000000000e+00 0.000000000000000000e+00 3.917677402496337891e-01 5.475775957107543945e+00 1.261721730232238992e+00 9.348284006118774414e-01 2.073521259427070973e+01 2.397801180243492126e+03 3.588192622721195221e+03 1.946012784585357076e+04 0.000000000000000000e+00 1.609629652047156924e+04 7.672140467166900635e+01 3.679188849985599973e+03 5.916075955033302307e+02 1.171462065514921960e+04 5.770913347601891275e+01 2.614806325048207782e+03 5.103458060801029205e+03 2.056397416090964907e+04 3.880982842147349743e+02 3.337441330403090092e+02 1.565014576658606984e+03 1.293123330473900069e+03 1.102504351735115051e+01 8.237694442272186279e+00 2.417727873772383191e+03 3.878335565328598022e+00 2.240056824684143066e+01 3.793833589553833008e+01 1.199973420098423958e+03 2.522181326776742935e+03 4.862851887941359585e+00 1.301263064146042048e+01 9.561294347047805786e+00 1.025327280163764954e+01 3.179485076665877941e+01 8.216960307657718658e+02 3.309869968593121143e+02 5.150543913096189499e+02 5.474180072546005249e+00 2.290136135220527933e+02 9.486617845296859741e+01 7.520624956607818604e+03 9.690037125945091248e+02 4.428287625312805176e+00 3.074981659650803056e+00 2.699812176585196994e+03 1.135847368836403071e+01 1.081845834851264954e+00 5.985623074173927307e+02 2.149963539838790894e+01 6.469906599760056451e+03 6.656782186925411224e+02 7.450479425519704819e+03 0.000000000000000000e+00 3.112060725688933771e-01 3.372218822240829013e+03 3.281259238719940186e+00 2.159142297506332042e+01 1.126672065371274948e+04 5.999581634998322244e+01 2.790984224081038860e+02 0.000000000000000000e+00 0.000000000000000000e+00 0.000000000000000000e+00 0.000000000000000000e+00 0.000000000000000000e+00 5.850721597671508789e-01 1.275762706995009932e+00 2.867821872234344038e+00 7.829156577587127686e+00 7.029387861490249634e+00 9.759426921606063843e+00 1.658771035075188038e+01 7.992973871529102325e+01 1.030420908778906011e+02 3.801973719894886017e+01 7.667640559375286102e+02 1.995801240205764993e+00 1.440020847320556996e+01 1.212826108932494940e+01 1.128142961859703064e+01 6.882396812736988068e+01 1.073475722372532033e+02 1.767726543396711065e+02 1.723662644624710083e+00 2.022127950191498158e+01 1.168612831830978038e+01 4.943930369615554810e+01 6.283260114043951035e+02 0.000000000000000000e+00 1.872721135616302046e+00 9.700154274702072144e+00 2.739875733852386031e+00 5.635383710265159607e+00 5.692452102899551392e+00 7.832329988479614258e+00 3.671330513060092926e+01 1.694154889285564138e+02 2.444010385870933888e+01 2.390065282583237050e+01 1.616703391075134055e+00 2.525929704308509827e+00 3.195285499095916748e-01 3.799814730882645097e+00 6.532766520977020264e-01 3.325470969080924988e+00 1.192187756299972978e+00 3.723588994145392661e+01 2.033229047060013173e+01 4.350891113281250000e-01 3.786031514406203780e+00 1.975156933069228904e+00 1.045921385288238969e+00 3.823758959770203192e-01 0.000000000000000000e+00 3.814118504524230957e-01 5.557516485452651978e+00 2.772483384609222057e+01 2.117399165034294128e+01 0.000000000000000000e+00 7.993305921554565430e-01 7.127681970596312588e+00 3.263746500015258789e-01 7.903042733669281006e-01 2.571836540102959034e+01 5.451354980468750000e+00 3.174561619758605957e+00
8.138520890474319458e+01 0.000000000000000000e+00 0.000000000000000000e+00 0.000000000000000000e+00 0.000000000000000000e+00 0.000000000000000000e+00 6.460591554641723633e-01 5.749606490135192871e-01 0.000000000000000000e+00 6.764370083808898926e+00 1.367156815767287981e+03 7.556168437004089355e+01 9.721250653266906738e+01 1.609629652047156924e+04 0.000000000000000000e+00 4.569974899291992188e+00 1.298692283034325001e+01 8.207426500320434570e+01 6.103583407402039285e+01 2.130128852367401123e+03 6.336697745412588120e+03 2.734079893827437786e+02 7.451284343525767326e+03 9.924935519695281982e+00 3.010233190059661865e+02 1.767555328905581860e+02 5.909894495308399200e+02 2.449573907852172852e+03 1.737594916492701032e+03 9.562193227440118790e+03 3.711780011653900146e-01 1.838990330696105957e+00 5.673549294471740723e+00 5.338045135140419006e+01 3.309976400434970856e+02 1.460096856951713917e+01 1.764308135151863098e+03 8.646019935607910156e+00 1.933353155851363914e+00 2.752230346202849898e+00 1.015945522785187052e+02 8.679709905385971069e+01 2.707964850664138794e+02 2.582668523043394089e+02 1.567925093472003937e+02 8.223230302631855011e+02 2.314914841234683990e+03 9.957719620466232300e+02 1.958623346686362865e+01 1.439068870991467861e+02 4.534457964271306992e+03 2.199523776769638062e+01 5.640035271644592285e-01 5.126962013542652130e+02 1.731646075844765065e+01 1.124211956194042978e+04 6.356003924906253815e+02 1.041329104994237059e+04 1.479960536956786932e+01 9.043717086315155029e+00 3.908682397842407227e+03 1.001416069269179943e+01 3.886361494660378213e+01 1.114683908647298995e+04 4.885862702131270652e+01 2.235154560506344126e+02 2.071369588375091997e+00 1.332393974065781084e+00 3.170515090227127075e+00 0.000000000000000000e+00 6.149566769599914551e-01 3.064591139554976973e+00 5.276426762342453003e+00 1.437339614331722082e+01 4.925553032755851746e+01 1.038377957195043990e+02 2.582861784100533100e+02 3.250471558868885040e+02 5.691955026239156723e+02 1.272224279791116942e+03 2.169271571189165115e+02 1.482368698632716951e+04 1.051753303408622919e+01 2.344913219809531881e+02 9.503496906161308289e+01 6.815722307562828064e+01 6.222903849929571152e+02 5.179493890553712845e+02 9.852800264954566956e+02 7.909678161144256592e+00 2.354186063259840012e+02 8.857032012939453125e+01 1.410744000226259004e+03 5.863799521535634995e+03 2.689288407564163208e+00 5.372133702039718628e+00 6.931565649807453156e+01 1.901116836071014049e+01 1.791715437173843029e+01 2.446032801270484924e+01 1.753884689509868977e+01 1.702834530770778940e+02 5.837452977955341339e+03 1.589404111042618979e+03 2.937100680023431778e+02 9.462021499872207642e+00 1.725101663172245026e+01 3.692820280790328979e+00 2.332211211323738098e+01 5.203825622797012329e+00 1.559396052360535023e+01 9.249544888734817505e+00 8.729383035004138947e+01 7.057926671206951141e+01 4.017677158117294312e+00 7.953783622384071350e+01 8.811264872550964355e+00 2.711838603019713911e+00 6.087029874324798584e-01 2.864971846342086792e+00 4.659789383411406583e+00 6.607122611999511719e+01 2.953319077193737030e+02 2.456436657607555105e+02 0.000000000000000000e+00 0.000000000000000000e+00 7.904490575194358826e+01 7.087043434381484985e+00 1.482356059551239014e+01 2.826941758245229721e+02 1.278211140632629039e+01 2.934789651632308960e+01
5.274985329508781433e+02 9.242335675835609436e+03 3.164064689129590988e+02 2.491056206285953976e+03 4.761591060608624844e+02 1.794257278740406036e+02 2.829448554097115993e+04 8.125029737442731857e+03 1.465856550097465970e+03 1.595275670737028122e+02 5.328323531150817871e+01 2.600819110870360884e+00 6.052453964948654175e+01 7.672140467166900635e+01 4.569974899291992188e+00 0.000000000000000000e+00 1.135230571031569990e+00 5.088675800397992134e+03 1.481082210838794992e+02 1.601168122887611034e+01 1.212548704147339009e+02 3.338678739368916126e+02 1.723031932115555165e+01 7.971846431493759155e+01 3.681298148036003113e+02 1.566051521897315979e+01 4.864543943256139755e+02 3.367299616336822954e+00 0.000000000000000000e+00 3.193059206008911133e+00 5.046514497697352652e+01 2.487982650190591812e+03 1.206654066005348977e+04 3.443485395312309265e+02 3.167873184233903885e+03 1.499582194685935974e+02 4.616138994693756104e+00 5.735294160097837448e+02 1.504073526561259939e+02 1.912440726712346077e+03 1.570230200970173064e+04 6.036938279867172241e+01 3.415251043289899826e+02 2.880342721939086914e+00 5.734598331749439240e+02 3.073646938800812123e+01 3.201697404980658916e+02 2.939263147115707042e+01 1.306968222856521891e+02 1.830782473087311013e+00 5.633288231492043252e+01 6.880939307808876038e+01 8.922030246257781982e+01 2.266696085035800934e+01 2.542164617478848072e+02 3.744154044985771179e+01 1.909863153100014088e+01 6.668875358998775482e+01 1.517289668321609053e+00 3.588275313377379816e-01 2.761776685714722035e+01 0.000000000000000000e+00 9.713726602494716644e+01 4.419313000589609146e+02 5.893173012137413025e+01 1.220834651589394042e+02 4.276339143514633179e+00 1.192647856473923085e+01 2.354557991027832031e+00 9.506976604461669922e-01 2.171003505587578175e+01 8.213973081111907959e+01 2.245801484584807994e+01 6.803302666544914246e+01 2.323458403348923174e+00 2.967475354671478271e-01 0.000000000000000000e+00 0.000000000000000000e+00 0.000000000000000000e+00 4.834073185920714777e-01 3.261276483535767157e-01 2.355709612369536909e+00 2.537184178829193115e+00 0.000000000000000000e+00 2.000388711690903154e+00 6.590185433626174927e+00 1.522536617517470958e+01 0.000000000000000000e+00 1.426204085350037065e+00 0.000000000000000000e+00 2.087633103132247925e+00 1.398618310689925925e+00 2.635188788175582886e+00 5.778686538338661194e+00 0.000000000000000000e+00 2.114601016044617143e+00 8.651516139507293701e-01 1.698342561721801980e+00 1.652515202760695967e+00 4.088224470615386963e+00 6.313544690608978271e+00 6.448047548532485962e+00 1.725058078765869141e+01 8.202204197645187378e+00 6.261581110954284668e+01 0.000000000000000000e+00 7.338301539421081543e-01 0.000000000000000000e+00 3.946572542190551758e-01 3.100716471672058105e-01 9.312219917774200439e-01 1.811063498258590920e+00 1.962401740252972004e+01 1.157981549203396021e+01 3.302124568819999695e+01 1.003206041455269037e+01 2.221658319234848022e+00 3.142728316783905029e+01 1.074380040168761985e+00 7.828683853149414062e-01 1.756710615754127858e+01 3.583377629518508911e+00 2.367368787527083906e+00 4.759051710367202759e+00 0.000000000000000000e+00 3.401673436164855957e-01 1.983075946569442971e+00 0.000000000000000000e+00 6.757642924785614014e-01 7.712456047534942627e+00 8.618629261851310730e+00 0.000000000000000000e+00
1.085936808586120961e+01 0.000000000000000000e+00 0.000000000000000000e+00 0.000000000000000000e+00 0.000000000000000000e+00 0.000000000000000000e+00 0.000000000000000000e+00 0.000000000000000000e+00 9.218062758445739746e-01 2.615196675062180134e+02 8.497774795889854431e+02 1.141646870946883973e+04 6.752815969228745416e+03 3.679188849985599973e+03 1.298692283034325001e+01 1.135230571031569990e+00 0.000000000000000000e+00 1.241945779621600963e+02 8.928611542016267776e+03 1.312698349356650951e+01 1.451317812204360962e+02 9.305894975364208221e+02 1.946966341137886047e+01 4.333963401734828949e+03 1.300636313259601877e+02 8.159109172523021698e+02 4.706952124834060669e+00 0.000000000000000000e+00 0.000000000000000000e+00 1.166531130671500982e+01 0.000000000000000000e+00 9.687309265136718750e-01 4.435214236378669739e+01 2.021651772707700957e+03 5.308541679382324219e+01 1.765003561973571999e+00 3.349812239408493042e+00 1.550783786177635015e+01 2.420450580120087025e+01 4.193322765827178955e+01 2.203613815009593964e+02 1.229406556487083080e+01 4.929989764094352722e+01 0.000000000000000000e+00 1.314814448356627974e+00 4.056856989860534668e+00 1.537124463915825068e+01 1.750896185636519942e+00 0.000000000000000000e+00 9.693520069122314453e-01 2.896789205670356750e+02 5.823226571083068848e+00 0.000000000000000000e+00 3.013130605220795122e+00 5.345490407943726296e+01 9.470702032744884491e+02 1.201028455495834066e+02 1.803485395699739001e+03 0.000000000000000000e+00 0.000000000000000000e+00 1.061646939814091013e+02 3.722658753395081122e-01 0.000000000000000000e+00 1.525505669057369005e+03 1.063336107134819031e+01 1.949430832266807911e+01 0.000000000000000000e+00 2.654068171977996826e-01 0.000000000000000000e+00 0.000000000000000000e+00 0.000000000000000000e+00 0.000000000000000000e+00 7.579342424869537354e-01 3.526543974876403809e-01 5.838823825120925903e+00 1.656738996505737083e+00 1.388513356447220071e+00 7.323134839534759521e-01 8.873476535081863403e-01 1.543206936120986938e+01 2.225093993544578908e+01 4.375756803154944663e+01 3.458244800567626953e-01 5.556109279394149780e+00 4.744988873600959778e+00 3.040947765111923218e+00 4.908985999226570129e+01 1.021983414888381958e+00 0.000000000000000000e+00 1.342487603425980058e+00 6.874728977680206299e+00 1.133428424596786055e+00 1.598718032240867970e+01 7.743696868419647217e-01 0.000000000000000000e+00 1.860182434320450107e-01 3.423911184072494951e+00 0.000000000000000000e+00 0.000000000000000000e+00 1.464661389589309914e+00 0.000000000000000000e+00 4.279858767986298163e-01 1.520895516872406006e+01 0.000000000000000000e+00 1.375147974491119029e+01 0.000000000000000000e+00 1.266768693923949973e+00 0.000000000000000000e+00 2.204286277294158936e+00 0.000000000000000000e+00 4.862413257360457819e-01 0.000000000000000000e+00 0.000000000000000000e+00 0.000000000000000000e+00 0.000000000000000000e+00 2.689248621463776079e+00 3.028591796755791155e+00 9.892353713512420654e-01 0.000000000000000000e+00 0.000000000000000000e+00 1.817214459180831909e+00 4.495444387197495395e+00 1.126511812210083008e+00 1.423055060207843958e+01 0.000000000000000000e+00 0.000000000000000000e+00 7.064979672431945801e-01 0.000000000000000000e+00 0.000000000000000000e+00 8.917092144489288330e+00 0.000000000000000000e+00 2.290347367525100986e-01
1.209207921653985977e+03 4.921826509237288860e+02 2.392532107532024099e+02 5.476159530878067017e+01 4.846863648295403237e+01 1.119020189344882965e+02 5.123062464833259583e+03 1.051108025348185947e+04 2.724743574455379985e+03 2.767114811986684799e+03 1.474568346917629015e+03 1.224396369159221933e+02 2.439745086729527088e+02 5.916075955033302307e+02 8.207426500320434570e+01 5.088675800397992134e+03 1.241945779621600963e+02 0.000000000000000000e+00 1.803700416266917955e+03 1.850098819971085049e+03 5.707641098320484161e+03 6.507954206168651581e+02 7.353817573785781860e+02 1.152080551087856009e+02 1.234930930748582114e+03 2.360687199085951136e+02 4.228875932395458221e+02 5.032128360867500305e+01 1.801853995025157928e+01 3.831461498439311981e+02 4.898868793249130249e+01 7.140604420453310013e+02 3.134544110298156738e+02 3.776073164153099060e+04 4.820532750934361843e+02 7.465506512820720673e+03 1.752424723207950876e+02 8.935200137645006180e+02 1.682491044700146006e+02 1.456479189991950989e+02 2.738861681261659032e+04 6.480152317881584167e+01 2.500226541459560110e+02 1.576013129949570057e+01 1.461735567748546885e+02 4.328585448563098907e+02 6.692384321391582489e+02 6.071470472514629364e+02 2.699068507462739944e+03 1.646478275060653971e+02 1.313428243339061964e+03 4.202124452292919159e+02 6.950473876297473907e+01 8.676253558695316315e+01 2.598522426158189774e+03 1.852553528428077925e+03 4.896787406802176861e+02 2.591443399250506900e+03 5.836719870567321777e-01 1.475913822650908980e+00 3.414524966180325123e+02 5.223536431789398193e+00 1.549209754914045050e+02 5.333107488393783569e+03 2.935954053699969890e+01 7.516206642985343933e+01 3.953973335027694702e+01 8.457931888103485107e+01 2.680056989192963002e+01 2.291855487227439880e+01 1.422811075150966929e+02 4.156933681368827820e+02 1.195330148637295054e+02 5.280014186799526215e+02 2.102029643058777140e+02 4.856480567157269235e+01 5.956702446937561035e+01 1.336116860806941986e+01 1.480988284945487976e+01 1.658075550794600872e+02 1.899559826999903009e+02 4.570829306840897175e+02 5.240583094954490662e+01 9.433694377541542053e+01 2.478402512520551966e+02 3.058441764116287231e+02 1.396712813258171082e+03 2.726816652715206146e+01 3.101950402557849884e+01 4.768549434840679169e+01 2.920746615976095200e+02 3.723232996463776345e+01 1.675700589716433910e+02 1.670463519394398020e+02 2.931453853845595869e+00 2.639266620576382039e+01 2.560452426373959156e+02 3.978370924293994904e+01 2.504608914256095886e+00 6.826747611165046692e+00 9.366568535566329956e+00 4.437718755006790161e+01 4.965349327921866802e+02 2.424040615558623912e+01 1.381725633367896080e+03 6.078225150704383850e+00 7.512141056358814240e+01 4.164031097292900085e+01 1.745525643825531006e+02 2.642632693052291870e+00 7.795992180705069607e+00 3.973530530929564875e-01 3.904805548489093781e+01 2.332660695910454152e+01 4.128473019599915119e+02 2.550969471037388132e+02 5.674989920854567771e+01 3.373704620301722912e+02 5.696677863597869873e+00 1.459564077854155961e+01 2.805010566711425781e+02 1.154943853616714051e+02 1.995281416177749989e+01 1.809158056080341055e+02 0.000000000000000000e+00 0.000000000000000000e+00 5.940392377972602844e+01 1.942678272724152055e+00 1.777049291133880971e+01 2.065673507153987885e+02 1.183361664414406045e+00 3.943653449416161028e+00
2.122107869386672974e+01 1.229338467121124046e+00 0.000000000000000000e+00 0.000000000000000000e+00 0.000000000000000000e+00 0.000000000000000000e+00 1.990372079610824940e+01 9.598101884126663208e+00 1.895917177200316939e+00 5.375437757372856140e+01 7.529708483219146729e+02 2.738526344686747052e+03 2.720900377005339124e+03 1.171462065514921960e+04 6.103583407402039285e+01 1.481082210838794992e+02 8.928611542016267776e+03 1.803700416266917955e+03 0.000000000000000000e+00 5.567609369754791260e+00 6.414425808846951441e+03 2.542680183708668210e+03 8.127589586377143860e+01 2.721009575098752975e+03 1.827516850531100943e+02 1.106097977340220950e+03 1.483375977575778961e+02 4.457578659057617188e-01 0.000000000000000000e+00 1.239179861545562922e+01 5.208511948585510254e-01 4.400989754498004913e+01 4.630043661594390869e+01 9.065418112099170685e+03 1.018230479627848013e+03 3.026015400886536089e+00 4.985048383474349976e+00 5.926674889028071647e+01 1.818900191783905029e+01 9.863251096010208130e+01 3.055935328602790833e+03 2.175059415400027873e+01 2.120628049373626993e+02 0.000000000000000000e+00 2.897180926799774170e+01 8.666993737220764160e+00 7.062358227372169495e+02 1.932103139162063954e+01 0.000000000000000000e+00 8.046537637710571289e-01 1.894414893090724945e+02 4.882639318704605103e+00 2.741886585950850996e+00 5.665375083684921265e+00 1.493190184235572993e+01 8.687865346670150757e+02 1.003063870966434052e+02 1.926691760882735025e+03 0.000000000000000000e+00 0.000000000000000000e+00 6.008079713582993264e+01 0.000000000000000000e+00 1.121812105178833008e+01 1.205985923647881009e+03 3.345204013586044312e+01 7.560633355379104614e+01 4.422608017921447754e-01 2.949106395244597834e-01 0.000000000000000000e+00 0.000000000000000000e+00 0.000000000000000000e+00 1.845363169908524004e+00 9.301863312721252441e-01 5.012982517480850220e+00 1.594725781679153087e+01 1.234013536572456005e+01 1.250206461548805059e+01 7.900223433971405029e-01 1.374437719583510908e+00 5.039595253765583038e+01 5.397154557704926248e+01 1.621977922171354010e+02 4.111869633197783869e-01 2.969616796076298115e+01 1.919177789986133931e+01 6.337059572339057922e+00 1.061581563353538940e+02 5.091164022684097290e+00 3.132416009902954102e-01 3.660467386245727983e+00 4.580341440439224243e+01 3.495490431785583052e+00 4.511792334914206748e+01 6.205067679286003113e+00 0.000000000000000000e+00 1.049874112010001914e+00 1.698326817154883983e+01 1.531844541430473106e+00 0.000000000000000000e+00 3.160409808158874956e+00 1.929665416479110940e+00 4.838863223791122437e+00 3.094579835236072896e+01 1.439172089099884033e+00 4.509149417281150818e+01 1.198776960372925027e+00 3.507960125803947005e+00 1.529767364263534990e+00 9.027944639325141907e+00 3.466220498085021973e-01 1.172773003578186035e+00 1.396319627761841042e+00 7.883419990539550781e+00 2.480267673730850220e+00 0.000000000000000000e+00 6.332640737295150757e+00 2.571817040443419966e+00 2.196501612663269043e+00 0.000000000000000000e+00 9.137132763862609863e-01 3.343064129352570024e+00 1.066896322369576033e+01 1.356944769620894942e+00 2.984017094969749095e+01 0.000000000000000000e+00 0.000000000000000000e+00 7.385583639144896573e+00 0.000000000000000000e+00 8.209797739982604980e-01 3.616315639019011741e+01 2.447645068168640137e-01 2.725735902786254883e-01
7.273181268572807312e+01 1.083469271659851074e+00 1.181853652000427024e+00 3.438373208045959029e+00 1.111817121505737083e+00 5.643000781536102295e+00 0.000000000000000000e+00 2.068026188015938160e+01 5.968964111804962158e+01 4.712033095657824902e+02 1.371362039446831034e+02 5.677626499533653259e+01 3.927508100867270713e+01 5.770913347601891275e+01 2.130128852367401123e+03 1.601168122887611034e+01 1.312698349356650951e+01 1.850098819971085049e+03 5.567609369754791260e+00 0.000000000000000000e+00 3.164274001717566989e+03 2.407423978745937063e+02 1.051518645524979092e+03 1.843798559904098866e+01 1.208976391255855987e+02 3.880948259085416794e+02 4.738584657013415722e+02 9.833928307592868805e+02 3.068211307302116893e+03 2.659619153231381915e+03 9.814281821250915527e+00 9.984333366155624390e+00 5.726844847202301025e+00 1.459789334237576099e+02 2.444952561259269999e+02 3.131443455815315247e+02 6.970198597311973572e+02 8.267520421743392944e+01 3.350455635786057229e+01 1.144572851061820984e+01 2.888737950921059223e+02 2.709308825433253887e+01 4.051653860062360764e+02 1.141493049860001037e+02 3.240935580730438232e+02 4.104261447995901108e+03 1.075996572077274038e+02 1.108448616951704025e+03 8.728302767872810364e+01 3.012695557981729962e+03 2.446643128991127014e+02 2.116242426633834839e+01 4.765618905425071716e+00 2.679814743995666859e+01 3.037772853970528217e+02 6.152089378535747528e+02 7.476226910948753357e+02 1.446330297455192067e+03 3.362175971269607988e+00 1.649967303872108104e+01 1.616731340885162069e+02 2.134683173894881847e+01 2.453060765862464905e+02 9.970623519122600555e+02 1.093413433432579041e+02 2.878590098917484283e+02 5.599617689847946167e+00 5.859609097242355347e+00 5.707997769117355347e+00 1.071043252944946067e+00 8.906006276607513428e+00 2.876990753412247059e+01 2.716323915123939869e+01 5.340192496776580811e+01 2.103190363347530081e+02 6.315189839899539948e+01 6.789434126019477844e+01 2.834839949011803029e+01 3.133085377514361980e+01 2.576589744389057159e+02 2.085256892144680023e+02 1.509603361755609967e+03 2.030982139706611989e+01 1.259660238176583960e+02 2.166098368912934973e+02 2.348476641029118923e+02 1.445615695297718048e+03 7.728988784551620483e+01 8.876105216145515442e+01 5.088085532188416238e+01 2.919855318963528248e+02 1.252075124979019023e+02 4.117750795334578129e+02 6.559758929610252380e+02 1.216507703065871970e+00 2.896198228001594899e+01 2.609436086118221283e+02 1.893983407318592072e+01 1.174057236313820063e+01 3.316689497232437134e+01 5.969646951556205750e+01 2.622736180722712902e+02 1.448359007567167055e+03 3.495386953055859180e+02 1.190065713569521904e+03 8.575693279504776001e+00 7.355293823778629303e+01 3.782486340403556824e+01 1.616451411545276926e+02 3.501797705888748169e+00 1.618455564975738881e+01 2.180561989545822144e+01 3.419253130853176117e+02 1.819027997553349110e+02 4.074209231138228660e+01 2.068630048632622049e+02 2.476767632365227101e+01 1.859427478611468985e+02 2.999086439609528032e+00 1.184170931577681962e+01 1.654896327257156088e+02 9.759671786427497864e+01 1.293003389984368994e+02 1.897618190199137018e+02 0.000000000000000000e+00 0.000000000000000000e+00 4.234286066889762878e+01 7.715053677558898926e+00 1.915818235278129933e+01 1.892755251377820969e+02 9.531647250056266785e+00 2.538093549013138173e+01
1.044013089239597036e+02 1.428070008754730003e+00 0.000000000000000000e+00 0.000000000000000000e+00 2.961425930261611938e+00 2.942186594009398859e-01 1.236524498462677002e+01 2.539937937259674072e+01 4.747830280661582947e+01 2.673633210659027100e+02 2.409492686092854001e+03 1.991518355011940002e+02 6.034794528484344482e+02 2.614806325048207782e+03 6.336697745412588120e+03 1.212548704147339009e+02 1.451317812204360962e+02 5.707641098320484161e+03 6.414425808846951441e+03 3.164274001717566989e+03 0.000000000000000000e+00 9.256322593092918396e+02 2.690980292379856110e+03 1.086454809308052063e+02 5.270371114313602448e+02 3.133768207132815746e+02 4.269652410447598072e+02 1.338319884240627005e+02 5.326043235957622528e+02 1.775254335075617064e+03 1.224057912826538086e+00 3.176748730242251995e+01 4.525635391473770142e+01 2.951445796161890030e+03 5.073554753363131908e+02 3.268128952383995056e+01 1.203564809709786942e+02 7.218510890007019043e+01 3.860313639044761658e+01 5.081700587272644043e+01 3.932355026066302798e+03 4.610860876739025116e+01 1.899988937675952911e+02 2.853023160994052887e+01 1.061689099669456056e+02 6.609235965460538864e+02 1.145004557594656944e+03 8.597995907366275787e+02 1.110671147704123918e+01 3.336976101994513755e+01 9.769334222376346588e+02 3.590672311186789756e+01 1.893199950456619041e+00 6.050450626015663147e+01 1.963395200967788981e+02 2.842281554669142224e+03 4.882342363148928257e+02 3.019375979200005986e+03 6.571629643440246582e-01 2.250932484865189043e+00 5.994767251312732697e+02 5.674616903066635132e+00 4.985650753974915261e+01 5.974444348245859146e+03 3.794787797331809998e+01 1.209346112608910033e+02 2.841719985008240190e+00 3.023472338914871216e+00 3.161362409591674805e+00 2.629221975803375244e-01 4.175738453865051270e+00 1.248419368267058971e+01 1.593883720040320995e+01 3.662936595082283020e+01 1.542788535058498098e+02 7.164352725446224213e+01 9.312604102492332458e+01 2.161105951666831970e+01 3.548940694332122803e+01 3.120927826166152954e+02 2.053377106636762903e+02 1.170547652974724997e+03 8.370197951793670654e+00 1.525168520510196970e+02 1.663044426590203955e+02 1.072571803778409958e+02 7.225444710105657578e+02 6.664819315075874329e+01 7.745529131591320038e+01 4.010110643506050110e+01 2.977090995311737061e+02 3.842991891503334045e+01 2.873616088330746265e+02 3.978107036054133800e+02 0.000000000000000000e+00 1.532546907663344982e+01 2.159200724363327026e+02 1.253800044953822912e+01 4.436762154102325439e+00 1.310156606137753066e+01 1.301027143001556041e+01 6.072030681371688843e+01 4.460073247998952866e+02 7.138926345109939575e+01 4.919003902226685909e+02 5.911158829927443570e+00 4.598758208751677756e+01 2.365288048982619884e+01 9.999238374829292297e+01 1.057263344526290894e+00 9.114127337932586670e+00 1.665178298950195090e+00 6.207252484560012817e+01 3.553126358985900879e+01 5.236394226551055908e+00 7.116345092654228210e+01 1.131708526611327947e+01 3.309164184331893921e+01 1.683227628469466941e+00 2.293309658765792847e+00 3.575735071301460266e+01 5.657817238569260354e+01 3.411722980439662933e+01 1.275964386761188933e+02 0.000000000000000000e+00 0.000000000000000000e+00 2.640865865349769948e+01 3.020378649234771729e-01 9.363604485988616943e+00 1.358979849368334101e+02 6.451238617300987244e+00 2.969162315130234209e+00
4.400600433349609375e+00 2.671543985605239868e+00 0.000000000000000000e+00 7.631636559963226318e-01 1.174056529998779075e+00 0.000000000000000000e+00 1.210226473212241949e+01 4.546596407890319824e+00 5.382317692041397095e+00 2.880991249531506924e+02 5.149991234540939331e+02 1.275160774588584900e+03 1.094036936376989070e+04 5.103458060801029205e+03 2.734079893827437786e+02 3.338678739368916126e+02 9.305894975364208221e+02 6.507954206168651581e+02 2.542680183708668210e+03 2.407423978745937063e+02 9.256322593092918396e+02 0.000000000000000000e+00 9.266653353393077850e+03 3.120278031319379807e+03 7.506431518495082855e+01 2.277323400259017944e+03 2.207622506022453024e+02 4.511482906341552734e+01 2.112979334592818859e+01 2.498494276359676860e+03 2.133742213249206987e+00 7.190831120312213898e+01 5.137260571569204330e+02 3.803538963407278061e+03 1.681391069300473100e+04 3.402643784880638123e+01 5.813457369804382324e-01 1.505618837475776957e+02 1.665765088498592092e+02 4.432122708261013031e+02 3.532316045314074017e+03 1.206978598237037943e+02 7.309057573065161705e+03 3.784500002861022949e+00 1.934057293832302094e+02 5.251651201248168945e+02 1.280445091913639953e+04 1.640925882607697986e+03 3.993882536888123114e-01 1.555123391747475026e+01 7.809662398695945740e+01 1.770667105913162009e+00 1.446191698312758955e+00 6.127582922577857971e+01 9.430203497409820557e+00 2.366959531009196951e+02 3.101345793008803753e+02 3.860083064734935760e+02 0.000000000000000000e+00 0.000000000000000000e+00 5.454151199460029602e+02 5.291895866394042969e+00 9.726814527809619904e+01 2.737414375126361847e+03 6.107671037614345551e+02 1.175623196612297943e+04 1.696357339620589988e+00 0.000000000000000000e+00 4.467758804559707642e+00 0.000000000000000000e+00 6.117510795593261719e-01 2.608049809932708740e-01 1.242174059152602927e+00 3.363376975059508833e+00 2.692141234874724898e+00 3.486579060554503839e-01 1.258248281478882014e+01 1.789973855018615945e+00 1.012134528160095037e+01 1.143827901780604961e+01 1.046579423546791077e+01 7.165036644041538239e+01 5.921724885702133179e+00 3.723919361829758135e+00 8.693627148866653442e+00 1.515441633760928930e+01 4.583011041581630707e+01 1.490817085802555084e+02 1.329142362624407099e+02 9.457458555698394775e-01 4.723142221570014954e+00 6.587328971922397614e+01 2.362439808249473927e+01 1.095438055023550987e+03 3.032319068908690962e+00 2.092770278453826904e+00 2.111656635999680010e+00 1.915956524014472961e+01 1.600638660788536072e+01 1.766210871934891102e+01 4.000334423780441284e+01 3.152779903262854191e+02 1.807838563621044159e+01 1.433642945587635040e+02 1.494517353177070973e+01 9.327374398708343506e+00 7.265517145395278931e+00 5.806549191474914551e-01 2.996965527534484863e+00 1.000993639230727927e+00 6.407461360096930569e+00 7.275377780199050903e+00 1.927720270603894903e+02 1.334247306585311890e+02 1.181759417057036909e+00 3.540001451969147173e+00 4.059121310710906982e-01 1.968095690011977927e+00 1.179730623960494995e+00 3.484111428260803223e-01 0.000000000000000000e+00 1.434215813875197920e+00 8.840528622269630432e+01 1.363062930107117054e+01 0.000000000000000000e+00 0.000000000000000000e+00 6.248744487762451172e+00 4.707499206066131592e+00 7.982295066118240356e+00 5.685961459577084298e+01 2.045472913980484009e+01 8.640132814645767212e+00
4.113914191722869873e+00 0.000000000000000000e+00 0.000000000000000000e+00 0.000000000000000000e+00 6.231083273887634277e-01 0.000000000000000000e+00 4.963177591562271118e+00 6.691563546657562256e+00 4.545039296150208408e+00 2.355989080667496083e+01 2.675554811954497723e+02 1.269600358784198988e+03 3.268407444655894778e+03 2.056397416090964907e+04 7.451284343525767326e+03 1.723031932115555165e+01 1.946966341137886047e+01 7.353817573785781860e+02 8.127589586377143860e+01 1.051518645524979092e+03 2.690980292379856110e+03 9.266653353393077850e+03 0.000000000000000000e+00 5.829049104452133179e+01 5.178725555539131165e+01 4.667757144749164581e+03 4.193231771886348724e+02 5.936339560151100159e+01 1.114796530008316040e+02 5.149717540428042412e+03 8.742683529853820801e-01 6.954761862754821777e+00 2.041194319725036976e+01 1.903837114274502085e+02 3.383293860107659725e+02 2.837897053360939026e+01 1.138712185621261952e+01 8.910923808813095093e+00 6.814808428287506104e+00 1.098604404926300049e+01 2.516755769252777100e+02 1.490771977901459024e+02 7.883346147239208221e+02 4.429871022701263428e+00 1.204732767045498036e+02 6.199261272996664047e+02 1.217629335403442019e+04 7.789246755510568619e+03 4.964993149042130405e+00 3.779174327850341797e+00 9.142519160509109497e+02 0.000000000000000000e+00 1.007376909255981001e+00 4.927111393213272095e+02 3.327950918674468994e+01 1.770538056224585034e+03 5.977324855461716652e+03 3.961286059349774860e+03 0.000000000000000000e+00 0.000000000000000000e+00 2.504658617168664932e+03 1.396635489463805868e+02 2.010825535953044891e+02 8.538615190684795380e+03 8.407765498757362366e+01 2.759115659594535828e+03 1.364475220441818015e+00 1.574445337057114092e+00 8.236676231026649475e+00 0.000000000000000000e+00 0.000000000000000000e+00 2.968350827693939209e+00 6.633192762732505798e+00 1.767932906746863964e+01 1.924448907375335915e+00 1.537562608718872070e+00 1.349390142410993860e+02 1.699696490168571117e+01 1.179050059616565989e+02 8.022186431288719177e+01 2.314692714810371044e+01 1.114766141384840012e+03 2.293887561559677124e+01 4.427382260560989380e+00 3.464317131042479758e+01 7.650540289282798767e+01 1.759436394870280935e+02 8.299080025851726532e+02 6.618988205492496490e+02 3.294344276189804077e+00 3.845705986022949219e+00 2.547536533176898956e+02 2.040585902482270910e+02 4.680777130246162415e+03 2.418730527162551880e+00 7.980853408575057983e+00 8.934464871883392334e+00 7.473368591070175171e+01 1.098929964005946935e+01 1.351643708348274053e+01 2.307040341198444011e+01 7.431471893638372421e+02 2.425139335393905924e+02 2.593277319520711899e+02 1.005980724543333054e+02 4.310578329861164093e+01 6.359364688396453857e+00 3.666723370552062988e-01 4.215660244226455688e+00 5.156585678458213806e+00 1.062854683399200084e+01 8.150570541620254517e+00 3.101060543209313778e+02 2.551382081955671026e+02 3.232051879167557207e+00 9.989990502595901489e+00 4.824717208743095398e+00 1.331462174654006958e+00 0.000000000000000000e+00 2.349062711000442949e+00 1.703847289085387962e+00 4.563288837671279907e+00 4.390355963110923767e+02 1.193637123554944992e+02 0.000000000000000000e+00 1.459360063076019065e+00 6.986085061728954315e+01 1.288209897279739025e+01 3.410660454630851746e+01 2.497335917949677082e+02 3.204505115747451782e+00 2.993314231932162883e+01
2.110863818228245137e+01 4.538874983787536621e+00 2.232094049453734907e+00 1.672799232602119091e+01 1.727804005146026967e+01 3.837506592273712158e+00 5.119327723979949951e+00 2.193998262286185863e+01 6.781053304672241211e+00 9.918962377041578293e+03 3.668692143201828003e+03 7.926581993520259857e+03 1.880288583040236858e+02 3.880982842147349743e+02 9.924935519695281982e+00 7.971846431493759155e+01 4.333963401734828949e+03 1.152080551087856009e+02 2.721009575098752975e+03 1.843798559904098866e+01 1.086454809308052063e+02 3.120278031319379807e+03 5.829049104452133179e+01 0.000000000000000000e+00 4.618506908118724823e+02 2.540968287885189056e+03 3.030834960937500000e+01 3.805194973945618120e+00 2.206097096204758135e+00 3.400675350427628274e+01 1.739196181297302024e+00 1.122781444936991022e+02 2.553888581573963165e+03 3.334928593605757214e+03 3.978173090398312070e+03 9.897098749876022339e+00 1.152419188618659973e+01 1.923201949432492029e+03 1.936132273316382907e+03 3.831457107648252986e+03 3.924336539864540100e+03 1.965321937352418900e+02 2.127414948165417172e+03 5.786652565002441406e-01 1.350818453580141068e+02 5.303589656949043274e+01 9.555804300308227539e+01 3.292320102453231812e+01 3.725419819355010986e+00 9.870351254940032959e-01 1.742863700687885000e+02 2.610923659801483154e+01 5.368371337652206421e+00 1.511759847402573076e+00 2.338704464733600901e+02 5.688426738977432251e+02 2.938561545014380840e+02 2.573901189431548119e+03 0.000000000000000000e+00 0.000000000000000000e+00 3.680327653884887695e+01 1.519167065620421919e+00 3.897943137586116791e+01 1.011288893133401984e+03 3.426925952881575199e+02 2.562758268713951111e+02 0.000000000000000000e+00 3.013506829738616943e-01 0.000000000000000000e+00 0.000000000000000000e+00 1.231361091136931929e+00 1.265218347311019897e+00 7.448670864105224609e-01 3.548665970563888994e+00 1.263847625255585072e+01 3.361082643270492998e+00 5.334017485380172729e+00 4.616444110870360773e-01 3.011740744113922119e-01 3.446673910319805145e+01 6.016603307425975800e+01 1.132650653272867061e+02 4.467928707599639893e-01 2.268155300617218018e+01 1.580919510126114069e+01 1.464335365593433025e+01 1.387333820611237911e+02 1.979923307895659956e+00 2.763958632946013960e+00 9.571004509925842285e-01 2.435237568616867065e+01 2.941813200712203979e+00 4.460451096296309714e+01 1.077965933084487915e+01 1.148591071367264016e+00 1.237433791160583052e+00 7.800114244222640991e+00 6.513573527336120605e-01 5.173533275723457336e+00 9.312716826796531677e+00 1.975329445302486064e+01 1.050737209618091939e+01 5.191426792740821838e+01 1.363273629546164933e+01 4.366522362828254700e+01 0.000000000000000000e+00 2.297299996018410173e+00 1.138893723487854004e+00 1.031685188412665966e+01 0.000000000000000000e+00 2.131245464086533037e+00 1.045630931854248047e+00 3.084798231720924022e+01 8.605397701263427734e+00 4.993440508842468262e-01 8.297873169183731079e+00 3.626815825700759888e+00 3.885827630758285967e+00 0.000000000000000000e+00 1.348748594522475974e+00 5.844819098711013794e+00 1.168168935179710033e+01 3.002851366996765137e+00 3.480177158117294312e+01 0.000000000000000000e+00 0.000000000000000000e+00 8.559008032083511353e+00 6.034644246101379395e-01 3.845093548297882080e-01 2.632054311037063954e+01 1.190803839266300024e+01 4.503091424703598022e+00
1.604717537015675930e+02 1.563335940346122015e+03 3.106370443701744080e+02 1.736290119171143033e+03 1.740307936310767900e+03 7.881078632771968842e+02 5.891144516617059708e+02 1.436949856936932065e+03 7.956679103672504425e+02 1.071137052357197035e+03 3.650139829546213150e+03 9.255815605819225311e+02 8.081336900591850281e+01 3.337441330403090092e+02 3.010233190059661865e+02 3.681298148036003113e+02 1.300636313259601877e+02 1.234930930748582114e+03 1.827516850531100943e+02 1.208976391255855987e+02 5.270371114313602448e+02 7.506431518495082855e+01 5.178725555539131165e+01 4.618506908118724823e+02 0.000000000000000000e+00 5.440662403732538223e+03 1.158046116381884048e+02 1.369641053378582001e+02 2.887019357085227966e+01 3.128595876693725941e+01 1.374909443497658003e+03 4.461771686509251595e+03 1.623511184155941010e+02 1.522887905538082123e+02 2.909644953906536102e+02 1.798092960566281988e+02 3.316170364618300681e+01 5.806103772804141045e+03 1.346148370504378988e+02 2.932205146551132202e+02 1.600078878879546892e+03 3.490916061773896217e+03 8.155210505425930023e+02 1.354017260074614910e+02 1.202524058282375108e+03 1.108051426172256015e+03 8.903576767444610596e+01 2.343365192711353018e+02 1.234907910376787044e+02 6.681316092610359192e+01 2.173271837830543873e+01 5.200015074014663696e+01 1.726296278834342957e+02 5.448966413736343384e+00 1.941602114737034128e+02 2.019989773631095886e+01 2.923969200253486989e+01 5.594031837582588196e+01 0.000000000000000000e+00 2.829335406422615051e+01 4.848603039979934692e+00 3.024705946445465088e-01 9.402232591211795807e+02 8.273140234500169754e+02 7.241934981942176819e+01 5.981060457229614258e+01 1.156386214494705023e+01 2.134907343983649852e+01 3.961792260408401045e+00 1.048450091481208979e+01 5.336328849196434021e+01 2.469314087331295013e+02 3.223884442448616028e+01 1.611163173317908957e+02 1.681086660921573994e+01 1.551432222127913985e+00 3.836364448070526123e-01 0.000000000000000000e+00 0.000000000000000000e+00 2.843585878610610962e+00 1.046343357861042023e+01 1.147118479013442993e+01 1.142377741634845911e+01 2.753777623176575151e+00 2.844542506337165833e+01 8.990473884344100952e+01 2.082788466960192011e+02 6.539778828620910645e+00 5.643904209136962891e-01 5.466263920068740845e+00 1.099416491389274952e+01 2.463409993052482960e+01 6.744798600673676425e+00 1.747451782226562145e+01 1.397650894522666931e+01 3.046809166669846025e+00 1.298337782919407069e+01 6.097802728414536411e+00 5.837312033772469277e+01 2.006199035048485158e+01 4.591193059086800332e+01 3.448554593324661255e+01 6.201159653067588806e+01 1.906625484526157095e+02 4.230611917376518250e+02 0.000000000000000000e+00 9.771919578313827515e+00 8.380912005901336670e+00 1.859729471802711132e+01 1.196899026632308960e+00 1.369050195813179016e+01 8.385785499215126038e+01 3.135165424346923828e+02 2.471034704148769023e+01 5.154671993851661682e+01 7.808688031136989594e+01 2.076414433121680858e+01 2.359262626916170120e+02 3.154202997684478760e-01 1.137215837836265919e+01 1.136408758759499023e+02 3.319662466645240784e+01 5.592346790432929993e+01 1.959511703252792003e+01 0.000000000000000000e+00 1.137956327199935913e+01 2.516064310073852894e+01 1.589131712913512962e+00 2.034524601697922108e+01 7.323157730698585510e+01 4.617920857667922974e+01 2.167199358344078064e+01
1.202071997523307978e+01 2.573723256587982178e+00 1.066466569900512917e+00 5.595495894551277161e+00 1.052010062336922047e+01 7.109493806958199436e+00 2.377325803041458130e+00 1.329150474071503041e+01 1.314649042487143937e+01 2.178673455938696861e+03 2.524908833041787148e+03 5.486775201275944710e+03 4.679582608938217163e+02 1.565014576658606984e+03 1.767555328905581860e+02 1.566051521897315979e+01 8.159109172523021698e+02 2.360687199085951136e+02 1.106097977340220950e+03 3.880948259085416794e+02 3.133768207132815746e+02 2.277323400259017944e+03 4.667757144749164581e+03 2.540968287885189056e+03 5.440662403732538223e+03 0.000000000000000000e+00 4.240030940920115086e+02 7.258117747008800507e+02 1.375092301666736887e+02 3.991264285147190094e+03 3.299286513030529022e+01 2.547662961483002064e+01 3.589010527580975918e+02 5.550166315734386444e+02 5.067640605121850967e+02 8.738476593792438507e+01 2.058713065087794902e+01 7.526140368282794952e+02 4.014444589316844940e+02 2.046056432723999023e+02 3.417820644974709126e+02 6.299307412683963776e+03 1.434703899608551910e+04 1.785460544228554056e+02 8.889898791164159775e+02 5.284722092986106873e+03 1.822800956472754024e+03 2.766997000753880002e+03 4.575435227155684714e+01 2.171823079884051992e+02 1.235320734977721990e+01 1.549538433551788108e+00 5.216955840587615967e+00 5.250257790088653564e+00 9.430331170558929443e+00 2.628532606363296864e+01 1.108607604056597040e+02 8.588146321475505829e+01 0.000000000000000000e+00 1.527029776573180975e+01 1.804990485310554860e+01 5.458287358283996582e+00 3.615297616869211197e+02 1.011949154958129043e+03 6.893448561429977417e+02 2.350560709819198109e+03 1.518691241741179976e+00 1.037748336791991965e+00 2.873217374086380005e+00 0.000000000000000000e+00 0.000000000000000000e+00 6.624620556831359863e-01 7.453370094299316406e-01 1.168216884136199951e+00 0.000000000000000000e+00 6.077197194099426270e-01 2.300730854272841963e+00 0.000000000000000000e+00 2.705021798610687256e-01 2.638389766216278076e+00 2.893240988254547119e+00 1.384347265958786011e+01 4.904461503028869629e+00 1.474051803350449052e+00 4.934168756008148193e+00 5.645735710859298706e+00 2.589126384258269908e+01 7.100818775594234467e+01 3.085515436530112865e+01 3.815371096134185791e-01 2.661264926195145097e+00 1.461560621261596964e+02 3.050460791587829945e+01 4.119513010680676075e+02 1.984939953684806824e+01 2.180091500282288042e+00 1.274298876523972002e+00 8.997153699398040771e+00 1.574106932580471039e+02 9.417792247235774994e+01 2.857829698920249939e+02 4.409596053957939148e+02 6.891143947839736938e+00 1.169505262672900926e+03 2.825131040811539052e+01 8.588562160730361938e+00 3.801684379577637163e+00 0.000000000000000000e+00 1.044763803482056108e+00 1.221496641635894997e+00 6.227363070845603943e+01 2.182638136446475983e+02 1.765622562348843076e+03 3.415586146712303162e+02 7.323138713836669922e-01 1.245837464928627014e+01 3.680487275123596191e-01 3.866792321205139160e-01 0.000000000000000000e+00 0.000000000000000000e+00 4.560339748859406073e-01 1.455930978059768899e+00 2.820343764424324036e+02 1.667046362161635997e+01 0.000000000000000000e+00 1.263517674803734003e+01 1.974479287862777932e+00 1.295830947160721003e+01 6.897907918691635132e+01 3.801555532217025757e+01 1.553034849464893057e+02 8.556251385807991028e+01
2.543556903302669880e+01 7.358307182788848877e+00 3.888443320989609209e+00 2.739051282405853271e-01 1.654818922281265037e+00 1.484428584575653076e+00 2.327799499034881947e+01 2.617561528086661937e+01 1.613792374730110168e+01 3.193392190337181091e+01 7.047524026036262512e+01 4.152136504650115967e+00 3.833628916740416770e+01 1.293123330473900069e+03 5.909894495308399200e+02 4.864543943256139755e+02 4.706952124834060669e+00 4.228875932395458221e+02 1.483375977575778961e+02 4.738584657013415722e+02 4.269652410447598072e+02 2.207622506022453024e+02 4.193231771886348724e+02 3.030834960937500000e+01 1.158046116381884048e+02 4.240030940920115086e+02 0.000000000000000000e+00 3.136264827251433758e+02 2.842638505101203918e+02 1.478561658710241034e+02 3.095872840285300853e+01 1.567789513170718863e+02 2.424444009661673931e+02 9.686048872768878937e+02 2.343806555867195129e+04 1.812866495847702026e+02 7.221398398280143738e+01 5.418139252066612244e+01 1.984066992998123169e+01 2.072044795751571939e+02 2.969083687841891788e+03 2.168644331097603128e+02 1.177300145179033052e+03 1.091804555207491063e+02 9.438688222393393517e+03 1.750150572662055129e+04 1.433186703348159972e+04 1.241895622771978014e+04 5.065434065461158752e+01 6.404941015243530273e+02 2.661345396935940144e+01 2.781731456518173218e+00 1.227866674959659932e+01 5.362580299377441406e+00 2.369930261373519897e+01 5.877927970886229758e+01 5.136803294718265533e+02 2.063935455381869986e+02 0.000000000000000000e+00 1.735613816976546886e+01 4.015136301517486572e+00 2.350447678565979004e+01 5.990338795036077499e+02 1.963592068254947947e+02 2.535317436471581004e+03 2.781058274224400975e+03 1.538612723350524902e+00 3.546286225318909247e-01 2.054725393652915955e+00 0.000000000000000000e+00 4.055957198143004816e-01 1.588795304298401101e+00 2.173088371753693071e+00 2.252314031124114990e+00 1.194695980846882044e+01 2.867486655712128130e+00 2.057665482163428816e+00 9.438064396381378174e-01 2.674247026443480890e-01 1.302236330509185969e+01 1.313506546616554083e+01 2.610245727002621052e+01 3.837957680225371870e+00 4.878676146268844604e+00 1.165252919495105921e+01 7.498578846454620361e+00 7.598292724788188934e+01 1.266180661767721034e+02 1.804781380295753124e+01 4.156706333160400391e+00 1.471050089597702026e+01 2.634379206895828247e+02 4.582384525239468331e+01 2.123826261460781097e+02 5.727859254181385040e+01 1.269199863076210022e+00 1.485194297134876074e+01 9.473838925361633301e+00 5.931017194539308548e+02 3.523790181279181866e+02 6.756268626749515533e+02 7.337441072911024094e+02 1.728571163117885945e+01 6.104127165675163269e+02 6.764412549138069153e+01 4.859116062521935397e+00 7.386845260858535767e+00 9.726049005985260010e-01 6.392761111259459561e+00 1.087611743807793019e+01 1.920603515207766918e+02 3.497719954103230862e+02 2.233306230187416077e+03 5.076736185252665905e+02 3.727813482284545898e+00 1.898931694030762074e+01 1.054578959941864014e+00 2.430140003561974016e+00 0.000000000000000000e+00 2.690135240554810125e-01 6.335360944271087646e+00 2.284933298826218095e+00 3.109053032845259281e+02 2.645325328409672139e+01 0.000000000000000000e+00 1.534955629706382929e+01 6.704418957233428955e-01 1.307801441848278046e+01 9.413157093524932861e+01 3.608426304161549325e+01 4.070811138004065128e+02 1.472585493624210073e+02
3.735804418921471211e+02 1.032277405261992964e+00 3.140542015433311107e+01 1.299085438251494917e+00 1.321802854537964089e+00 9.061311689019203186e+01 7.891896665096282959e-01 2.617416203022003174e+00 7.614343345165252686e+00 6.039645314216613770e+00 6.163006424903869629e+00 7.765538096427917480e-01 4.911338150501251221e+00 1.102504351735115051e+01 2.449573907852172852e+03 3.367299616336822954e+00 0.000000000000000000e+00 5.032128360867500305e+01 4.457578659057617188e-01 9.833928307592868805e+02 1.338319884240627005e+02 4.511482906341552734e+01 5.936339560151100159e+01 3.805194973945618120e+00 1.369641053378582001e+02 7.258117747008800507e+02 3.136264827251433758e+02 0.000000000000000000e+00 1.811300293594598998e+03 1.167610470321773937e+04 2.153559580147266104e+02 1.122170702517033050e+02 4.659929960966110229e+00 6.425239264965057373e+00 6.259976250976324081e+02 2.427866522371768951e+02 1.702104373589158058e+03 7.194768682122231418e+00 5.115381479263305664e+00 6.798614501953125000e+00 1.400011160969734014e+01 2.301508115828036978e+02 4.013106739968060879e+02 8.969717584311962128e+03 1.314987578079103969e+03 2.467713808545469874e+04 3.564399190247058868e+01 1.572103115171194077e+02 2.037237875029444922e+03 3.504883532673120044e+03 5.259758961200714111e+01 2.377930429577827098e+01 1.130108833312987926e+01 3.087061405181885210e+00 1.608664628863335011e+01 4.876439303159713745e+00 1.359826965361834027e+03 4.736397655308247323e+01 1.954532113373280026e+03 7.270852332711219788e+02 3.855395376682281050e+00 8.454987061023712158e+01 1.058565000325440906e+03 1.378073705136775970e+02 8.937082295417785645e+02 3.771123342663050266e+02 0.000000000000000000e+00 2.611078500747681108e+00 7.722506344318389893e+00 0.000000000000000000e+00 0.000000000000000000e+00 7.068495601415634155e+00 2.859574824571609053e+00 3.713385909795761108e+00 9.263205826282501221e-01 0.000000000000000000e+00 2.229500067234038951e+01 4.259404838085175116e-01 6.915211975574493408e-01 3.053745493292808977e+00 4.922102302312850952e+00 6.118435311317443848e+01 7.862953856587409973e+00 1.206719607114792092e+00 4.390757828950881958e+00 2.005886983871459961e+01 6.018031764030457254e+01 2.411475500315428064e+02 5.020988345146179199e+01 6.678397059440612793e-01 3.252271115779877264e-01 8.777646044045686722e+02 1.143651669919490956e+02 1.845459077984095074e+03 2.041390101611613943e+02 3.144783198833466020e+00 2.224529147148131880e+00 1.874560487270354869e+01 3.878131849616765976e+02 1.395642633140087128e+02 3.408416097313166233e+02 1.209587606862186931e+03 1.625481787621974945e+02 4.656140326529741287e+03 1.155392249524593069e+02 9.909157574176788330e+00 2.035093903541564941e+00 4.496826529502869207e-01 8.356355130672454834e-01 1.027531710267066956e+01 1.331856839060783102e+02 9.106062714457511902e+02 3.501349600464106061e+03 9.757742431014776230e+02 5.471602231264114380e+00 4.002909326553344727e+01 1.635626852512360063e+00 1.059412240982056108e+00 3.918263316154479980e-01 2.610388487577437910e+00 0.000000000000000000e+00 7.196671366691589355e-01 1.352268744632601965e+03 6.868405362963676453e+01 5.795339703559874600e+00 3.999425131082534790e+01 8.322931915521621704e+00 4.309544181823729758e+01 2.418280512690544128e+02 2.172448339313268946e+02 2.273696396052837088e+02 2.582621587812901112e+02
6.295096516609191895e+00 0.000000000000000000e+00 1.149290949106215987e+00 0.000000000000000000e+00 0.000000000000000000e+00 1.768173098564147949e+00 0.000000000000000000e+00 0.000000000000000000e+00 0.000000000000000000e+00 2.279865145683289018e+00 6.107854247093200684e-01 2.020806163549423218e+00 1.849229961633682029e+00 8.237694442272186279e+00 1.737594916492701032e+03 0.000000000000000000e+00 0.000000000000000000e+00 1.801853995025157928e+01 0.000000000000000000e+00 3.068211307302116893e+03 5.326043235957622528e+02 2.112979334592818859e+01 1.114796530008316040e+02 2.206097096204758135e+00 2.887019357085227966e+01 1.375092301666736887e+02 2.842638505101203918e+02 1.811300293594598998e+03 0.000000000000000000e+00 8.774001310467720032e+02 2.403223174810409901e+01 1.951551765203475952e+00 3.365274369716643732e-01 9.112507700920104980e-01 1.353574822247028067e+02 1.615797263979912088e+02 8.517040305435657501e+02 2.023777961730957031e+00 2.119459778070449829e+00 0.000000000000000000e+00 1.451858252286911011e+00 2.500563827157020924e+01 1.360683638155460073e+02 1.027332764342427026e+03 4.336253598034381866e+02 4.048838957160710834e+03 1.159375494718551991e+01 2.283611470758914948e+02 6.552708430588245392e+01 2.143332727134228207e+03 4.964367270469666416e+00 4.886539578437805176e-01 1.250251770019531028e+00 4.817007333040237427e+00 4.514865338802337646e+00 2.290159854292869923e+01 1.724873479008674906e+02 2.443330731391907022e+02 1.672874756753444956e+02 5.721864506602287292e+01 1.083205115795134965e+01 1.406820201873778942e+01 1.414699307382107065e+02 6.099643111228942871e+01 1.477977286428213120e+02 1.250566019117832042e+02 3.606480062007904053e-01 0.000000000000000000e+00 1.463678240776062012e+00 0.000000000000000000e+00 0.000000000000000000e+00 3.648242354393004816e-01 2.869016230106353760e-01 2.500700533390045166e+00 7.706259801983833313e+00 7.064112514257431030e+00 1.703327625989913940e+01 1.344400107860565008e+01 9.284042149782180786e+00 8.557343989610671997e+01 3.641345587372779846e+01 1.031897162497044064e+03 4.945790767669677734e-01 2.904738028347491863e+01 1.391606387495994923e+01 7.972929239273071289e+00 9.618363735079765320e+01 3.447391778230667114e+01 2.789276327192783000e+01 2.151758134365081787e+00 2.776581022143363953e+01 6.866708475351333618e+01 1.874212974011898041e+02 3.010567134171723751e+02 2.217098039388656971e+01 5.744602978229522705e-01 8.686527714133262634e+00 3.533634305000305176e+00 4.789268462359905243e+01 2.703153033554553986e+01 7.178226199746131897e+01 1.608926822394132898e+02 6.494891578555107117e+02 4.261117978096007732e+02 7.260505384206771851e+01 5.842823386192321777e-01 1.858031928539275901e+00 4.989856183528900146e-01 4.308837845921516418e+00 2.583765268325806108e+00 1.645124609768391011e+01 9.099470588564872742e+01 3.397777501046658131e+02 1.307486249804497049e+02 1.354275882244110107e+00 2.275130659341812134e+01 1.795928597450255904e+00 0.000000000000000000e+00 0.000000000000000000e+00 5.077090859413146973e-01 1.251028478145598921e+00 1.829547584056854026e+00 7.718043431639671326e+01 3.045769405364989879e+01 0.000000000000000000e+00 3.728252708911896196e+00 5.238918989896774292e+00 2.784119576215744019e+00 1.814541259407997131e+01 3.258250255882740021e+01 1.582032544910907923e+01 2.745879541337490082e+01
6.136139214038848877e+00 0.000000000000000000e+00 0.000000000000000000e+00 0.000000000000000000e+00 0.000000000000000000e+00 2.033385634422301802e+00 0.000000000000000000e+00 3.376814246177672896e+00 2.452668070793151855e+00 1.364084798097609941e+01 6.641332247853279114e+01 7.293872220367193222e+02 1.811069123148917868e+02 2.417727873772383191e+03 9.562193227440118790e+03 3.193059206008911133e+00 1.166531130671500982e+01 3.831461498439311981e+02 1.239179861545562922e+01 2.659619153231381915e+03 1.775254335075617064e+03 2.498494276359676860e+03 5.149717540428042412e+03 3.400675350427628274e+01 3.128595876693725941e+01 3.991264285147190094e+03 1.478561658710241034e+02 1.167610470321773937e+04 8.774001310467720032e+02 0.000000000000000000e+00 4.549015164375305176e+00 2.102794557809830156e+00 1.027412661910057068e+01 1.981332895159721019e+01 1.286257104724645899e+02 6.686370509862899780e+01 7.727634018659591675e+01 6.770368963479995728e+00 7.509393811225891113e+00 2.212516129016876221e+00 1.993570098280907033e+01 5.526319211721420288e+01 5.412300044298171997e+02 8.565550696849822998e+01 1.263449274301528931e+02 4.599846508324146271e+03 3.567187431901692776e+02 8.065845477879047394e+02 5.953049707412719727e+01 2.204345124065876007e+02 6.547002431154251099e+02 0.000000000000000000e+00 5.563275218009948730e-01 3.447113645374774933e+02 2.709590685367583873e+01 1.154745160982012976e+03 6.753383970409631729e+03 2.966522941902279854e+03 0.000000000000000000e+00 7.489376515150070190e+00 1.445783631742001035e+03 1.838626596927643106e+02 2.090957351326941875e+02 3.881352307170629956e+03 1.399646814614534094e+02 1.097484443753957976e+03 8.059755176305770874e+00 1.011449694633484109e+00 2.740769279003142955e+01 1.119014650583266990e+00 0.000000000000000000e+00 2.265586942434310913e+00 1.411318388581275940e+01 3.225012037158011680e+01 5.631135165691375732e+00 1.226597100496291892e+00 3.326290990859270096e+02 2.314878438413143158e+01 1.633597427308559134e+02 1.205483718216418936e+02 4.546845896542072296e+01 2.256999264940619014e+03 5.507394984364510293e+01 8.980731621384620667e+00 7.024912928044795990e+01 1.672582136988640116e+02 4.233516480773686794e+02 1.704724680542946089e+03 1.213410405367613066e+03 9.736536204814910889e+00 3.073498785495758057e+00 1.754593480706214905e+03 5.845016361176967621e+02 2.041504688709973925e+04 1.823915171623229980e+01 1.269577696919441046e+01 2.429674758017063141e+01 1.534787898808718012e+02 7.022813208401203156e+01 5.022022153437138314e+01 1.547945870608091070e+02 2.912064152881503105e+03 6.888482727706432343e+02 5.133701590552926064e+03 2.799388944059609798e+02 1.005072847157717035e+02 2.691151018440723064e+01 2.387351423501967940e+00 8.230240479111671448e+00 2.790695926547050121e+01 7.047235766053199768e+01 5.098144605755805969e+01 3.411973794192076184e+03 1.752856799006462097e+03 5.995388746261596680e+00 6.593716387450695038e+01 1.206727588176726940e+01 1.919661581516266091e+00 6.736929118633270264e-01 1.086405891180037919e+01 3.568482488393784013e+00 8.765692651271820068e+00 2.660763433516025998e+03 5.139634129554033279e+02 0.000000000000000000e+00 4.540390610694885254e+00 2.091961605995892910e+02 1.140945788621902039e+02 2.057237552106379894e+02 1.238754206895828020e+03 1.182677853107452037e+01 1.747246398627758026e+02
6.016928713023663278e+01 1.957142396271229075e+02 8.992578454315662384e+01 1.393195448219775869e+02 2.096615895926952078e+02 1.363387860208750055e+02 5.361867719888687134e+01 1.238802916109562062e+02 7.202446988224983215e+01 7.029852867126464844e+00 4.610802471637725830e+00 4.133734703063964844e-01 3.086782693862915039e-01 3.878335565328598022e+00 3.711780011653900146e-01 5.046514497697352652e+01 0.000000000000000000e+00 4.898868793249130249e+01 5.208511948585510254e-01 9.814281821250915527e+00 1.224057912826538086e+00 2.133742213249206987e+00 8.742683529853820801e-01 1.739196181297302024e+00 1.374909443497658003e+03 3.299286513030529022e+01 3.095872840285300853e+01 2.153559580147266104e+02 2.403223174810409901e+01 4.549015164375305176e+00 0.000000000000000000e+00 9.430358464866876602e+02 9.493532003462314606e+01 6.646925330162048340e+00 5.444921857118607278e+01 1.699903309345245006e+01 6.016828151047229767e+01 9.424034198522567749e+02 1.500136455893517073e+01 2.450597926974296925e+01 1.041997148990630961e+02 8.823044779062271118e+03 1.824347247868776094e+03 1.118023107498883974e+03 1.085890603154897917e+03 2.842739602327346802e+02 7.616149663925170898e+00 1.896777600049972889e+01 5.054690745472908020e+01 4.617371463775634766e+01 1.234155856966972067e+02 6.223941691219806671e+02 9.328910768181085587e+02 1.345961133122443925e+03 1.489421621561050131e+02 1.025990471243857982e+01 2.440009149610995962e+02 1.953405013680458069e+01 2.365355702638626099e+02 1.812160894721745990e+03 3.255765626728535267e+02 9.045500373840332031e+01 5.492296980977058411e+03 4.934624814987183328e+01 1.433993380069732950e+02 8.138197332620620728e+00 1.536005780100821916e+01 2.207008123397827148e+00 0.000000000000000000e+00 2.355237185955048052e+00 3.884614795446395874e+00 1.670747205615043995e+01 5.023899018764495850e+00 1.239624691009520951e+01 4.485405981540679932e-01 2.982937693595886230e-01 0.000000000000000000e+00 0.000000000000000000e+00 0.000000000000000000e+00 0.000000000000000000e+00 5.671261847019195557e-01 6.638768613338470459e-01 3.448066681623458862e+00 1.205201804637908936e+00 3.493216484785079956e+00 1.187159165740012945e+01 3.511432664096354728e+01 3.568980991840363104e-01 0.000000000000000000e+00 0.000000000000000000e+00 0.000000000000000000e+00 1.348237007856369019e+00 1.451350152492522971e+00 8.965883225202560425e+00 2.825446528881787799e+03 0.000000000000000000e+00 1.352845072746277078e+00 3.269395470619202104e+00 1.363455780446529104e+02 1.237455882132053020e+01 1.467741045355796992e+01 4.896073818206787109e+00 1.154812303185462952e+01 4.265092176198959351e+01 4.372814139723777771e+01 0.000000000000000000e+00 0.000000000000000000e+00 0.000000000000000000e+00 1.661767855286597984e+00 4.547456890344619751e+00 3.454835802316666094e+00 7.159732953011989594e+02 9.880766874551773071e+01 4.941565975546836853e+00 5.427737891674041748e+00 1.083647876977921065e+01 7.397386521100997925e+00 5.689152342081069946e+01 0.000000000000000000e+00 1.238944076895713948e+02 4.156962159276009316e+01 3.992305368185042891e+00 1.774732545018196106e+01 3.705308526754378828e+00 1.163310670852660955e+01 4.242767757177352905e+01 2.308212697505950928e+01 2.308959108591080067e+01 5.248510643839836121e+01 8.177877753973007202e+00 4.363951632380486245e+01 5.166414439678192139e+00
4.185871545255184174e+03 1.336263105973600887e+03 1.460454160854219936e+03 7.244496495127677917e+02 8.087963957935571671e+02 1.173593212276696931e+03 8.781253847479820251e+02 1.170273041859268915e+03 8.206696513146162033e+02 6.287662999331951141e+01 5.015195764601231332e+01 1.616662681102752908e+00 1.711339552700519917e+01 2.240056824684143066e+01 1.838990330696105957e+00 2.487982650190591812e+03 9.687309265136718750e-01 7.140604420453310013e+02 4.400989754498004913e+01 9.984333366155624390e+00 3.176748730242251995e+01 7.190831120312213898e+01 6.954761862754821777e+00 1.122781444936991022e+02 4.461771686509251595e+03 2.547662961483002064e+01 1.567789513170718863e+02 1.122170702517033050e+02 1.951551765203475952e+00 2.102794557809830156e+00 9.430358464866876602e+02 0.000000000000000000e+00 1.056019505620002974e+03 9.694228564202785492e+01 1.234201425179838907e+03 1.411859467774629877e+02 7.465472540259361267e+01 2.196375673934816859e+03 4.562187154591084237e+01 3.223040644079446793e+02 1.987050566062330972e+03 1.436548213824630011e+03 2.487329412102698996e+02 1.446257750391959860e+02 3.507134320437908173e+02 8.858773326873779297e+01 9.341122838854789734e+01 1.384334406256676075e+01 3.062197735011578175e+02 6.115397068858146667e+01 6.026462441325187683e+03 3.477958952546120145e+03 8.551498393580317497e+03 1.300802973419428099e+03 2.468736360058187984e+03 7.671994304656982422e+01 5.651671411097049713e+01 2.566658938974142075e+02 3.989169180393218994e+01 2.359300661087036133e+01 1.299623692035675049e+01 1.324062007665633978e+01 1.550325820714235078e+03 8.475379359126091003e+02 3.263555830717086792e+01 4.241673469543457031e+01 5.339929938316345215e+00 1.173939406871796010e+01 3.362095013260840926e+00 6.518488496541976929e+00 4.625958293676376343e+01 1.607527412921189978e+02 3.192247277498244884e+01 1.249933781027794026e+02 2.198387473821640015e+01 2.371378511190413985e+00 3.587137758731842041e+00 0.000000000000000000e+00 0.000000000000000000e+00 5.148942798376083374e+00 1.917699472606182098e+01 5.717273405194283242e+01 6.321889474987983704e+00 5.100364893674849576e+00 2.355334967374801991e+01 8.176819573342800140e+01 2.077741505950689032e+02 2.966320216655731201e-01 2.813248634338378906e-01 5.224732324481010437e+00 1.374756996333598913e+01 1.562425881624222024e+00 1.064460575580596924e+01 4.139274358749390204e-01 2.363652706146239790e+00 2.320188313722610030e+00 1.458234092593193054e+01 5.581126779317855835e+00 1.762052401900290999e+00 8.904851377010345459e-01 8.791823685169219971e-01 1.109444439411163108e+00 1.036923919618130014e+02 5.266145974397659302e+00 3.087529060393571854e+02 7.989152073860168457e-01 5.419625267386435574e+00 4.240091487765312195e+00 1.670626874268054962e+01 0.000000000000000000e+00 0.000000000000000000e+00 7.497539848089218140e+00 4.394389152526854581e+00 5.931416749954223633e-01 4.580913786590099335e+01 6.643275207281112671e+01 1.552593705058098017e+01 1.568679001033306122e+02 7.803764343261718750e-01 6.862267658114433289e+00 1.031667228192090988e+02 2.491704711318016052e+01 3.545010119676589966e+00 2.610427820682525990e+01 1.198412495851517079e+01 1.042112946510314941e+00 1.828865498304367065e+01 1.942728906869888084e+00 6.975111901760101318e+00 6.907679578661918640e+01 2.358466744422913042e+00 0.000000000000000000e+00
1.178856977820395997e+02 7.325142522603273392e+02 1.807825162708759024e+02 1.004313664093613966e+03 8.016222993731498718e+02 2.652465153336524963e+02 6.177760344594717026e+02 5.827630459070205688e+02 2.314137421548367115e+02 8.046204194724559784e+02 5.348487646281719208e+02 1.784355193376541138e+01 2.631000283360480907e+01 3.793833589553833008e+01 5.673549294471740723e+00 1.206654066005348977e+04 4.435214236378669739e+01 3.134544110298156738e+02 4.630043661594390869e+01 5.726844847202301025e+00 4.525635391473770142e+01 5.137260571569204330e+02 2.041194319725036976e+01 2.553888581573963165e+03 1.623511184155941010e+02 3.589010527580975918e+02 2.424444009661673931e+02 4.659929960966110229e+00 3.365274369716643732e-01 1.027412661910057068e+01 9.493532003462314606e+01 1.056019505620002974e+03 0.000000000000000000e+00 8.420356886386871338e+02 5.435608871698380426e+03 1.921058976650238037e+01 1.101479235291481018e+01 3.678598581805824779e+03 4.159069331675767899e+03 6.326227051660419420e+03 1.093842649333178997e+04 4.771493898928164867e+02 1.788282625794410933e+03 3.836788699030876160e+00 4.816216223835945129e+02 6.408130384981632233e+01 1.791194058060646057e+02 5.039602532982826233e+01 3.648836907744407654e+01 1.678036302328109963e+00 1.003228868544101999e+02 2.574897107481955913e+02 1.019782698303460933e+02 2.117501232028007863e+01 6.187396118789911270e+02 7.978266409039497375e+01 1.334046991169453023e+01 8.240961462259292603e+01 0.000000000000000000e+00 2.327354311943054199e+00 7.764085987210273743e+01 0.000000000000000000e+00 9.161244280636310577e+01 1.292438357099890936e+03 1.369197998493910120e+02 2.258154509216547012e+02 1.583727508783340010e+00 2.732499241828918013e+00 3.936992585659027100e-01 1.618575513362884966e+00 1.827971106767654064e+01 6.956645134091377258e+01 1.637135416269302013e+01 4.793419513106346130e+01 2.605750083923339844e+00 1.255692720413208008e+00 0.000000000000000000e+00 0.000000000000000000e+00 8.118278980255126953e-01 3.763093322515488115e+00 6.184772163629531860e+00 1.193023815751075922e+01 5.448839068412780762e+00 2.275683552026749101e+00 1.609960585832596047e+00 1.159788993000984014e+01 4.658007535338401794e+01 7.081552445888519287e-01 1.086809307336807029e+00 1.458247512578964011e+00 4.647887021303176880e+00 2.784329205751419067e+00 5.806128948926925659e+00 1.457686743140220997e+01 0.000000000000000000e+00 0.000000000000000000e+00 5.160770669579505920e+00 3.533227950334548950e+00 2.561731666326522827e+00 4.463851898908615112e+00 1.018870903551579055e+01 5.746637254953384399e+00 2.098599869012832997e+01 1.363611322641373036e+01 7.977920150756835938e+01 3.387977480888367254e-01 2.426848158240317854e+00 6.092779189348220825e-01 7.212404906749725342e-01 0.000000000000000000e+00 2.279717043042182922e+00 2.447033494710921797e+00 2.010613259673118947e+01 6.143916070461273193e+00 1.468622761964797974e+01 2.186099120974541066e+01 3.367584317922592163e+00 3.878603154420852661e+01 0.000000000000000000e+00 1.009040981531142966e+00 1.472153489291667938e+01 3.942229926586151123e+00 3.064058840274810791e+00 5.521073937416076660e+00 0.000000000000000000e+00 0.000000000000000000e+00 1.875880062580109087e+00 0.000000000000000000e+00 3.146531075239181963e+00 1.631439059972763062e+01 5.768134295940399170e+00 1.664002507925034013e+00
5.268427932262420654e+01 5.659470498561859131e+00 2.650513887405395952e+00 1.804616600275039895e+00 1.324351698160171953e+00 2.601897597312926802e+00 3.229188603162766213e+01 5.168192622065544128e+01 7.472403419017791748e+01 3.232344340533018112e+02 3.938012857735157013e+02 4.143432266712188721e+02 1.038380564421415102e+03 1.199973420098423958e+03 5.338045135140419006e+01 3.443485395312309265e+02 2.021651772707700957e+03 3.776073164153099060e+04 9.065418112099170685e+03 1.459789334237576099e+02 2.951445796161890030e+03 3.803538963407278061e+03 1.903837114274502085e+02 3.334928593605757214e+03 1.522887905538082123e+02 5.550166315734386444e+02 9.686048872768878937e+02 6.425239264965057373e+00 9.112507700920104980e-01 1.981332895159721019e+01 6.646925330162048340e+00 9.694228564202785492e+01 8.420356886386871338e+02 0.000000000000000000e+00 5.259517670482397079e+03 1.600487270653248117e+02 1.026583662629128035e+01 2.263349047899245932e+02 3.835512723624706268e+02 1.156868561774492036e+03 1.892494033887982005e+04 2.103126762807368877e+01 7.447404293417930603e+02 1.725697070360183938e+00 3.838207744359970093e+02 6.527273401618003845e+01 1.670392353594302904e+03 2.413318317830562876e+02 5.871624022722244263e+01 2.287177145481110063e+00 1.685434215366840078e+02 3.352087444067001343e+01 6.296656042337417603e+00 7.887818336486816406e+00 4.596645538508892059e+02 2.865498003363608746e+02 1.629545443207026096e+02 7.709710123687982559e+02 0.000000000000000000e+00 0.000000000000000000e+00 6.205307397246360779e+01 9.061760902404785156e-01 2.479938894510269165e+01 8.245849666595458984e+02 1.246970354616641998e+02 2.675499603748322102e+02 1.251440525054932085e+00 3.309639692306518999e+00 0.000000000000000000e+00 4.804208278656005859e-01 5.009493649005889893e+00 1.169819414615630926e+01 1.054959893226623979e+00 9.581082910299301147e+00 6.964563488960266113e+00 9.057922661304473877e-01 2.457833170890808105e+00 3.594847977161407027e+00 0.000000000000000000e+00 1.312540352344512939e+01 1.737854665517807007e+01 3.411077843606472015e+01 1.690800070762634055e+00 4.685869336128234863e+00 7.127499327063559598e+00 1.242681640386581066e+01 1.040382191687822058e+02 5.166312158107757568e+00 8.668776065111160278e+00 2.922740429639815840e+00 1.220345450937747955e+01 9.942754030227661133e+00 1.441033728420734050e+01 4.400657427310944314e+01 0.000000000000000000e+00 0.000000000000000000e+00 1.041486206650733948e+01 4.797433644533157349e+00 4.997953325510025024e+00 4.374570280313491821e+00 1.103975206613541005e+01 2.479447114467620850e+01 2.936389067769050953e+01 2.124191252887248993e+01 5.798659485578536987e+01 0.000000000000000000e+00 3.002439200878142866e+00 2.041462481021881104e+00 4.056751400232315063e+00 0.000000000000000000e+00 3.186025440692902055e+00 1.051804125308990034e+00 4.245061495900154114e+01 1.412057220935822066e+01 1.276410365104674938e+01 1.038374206423758928e+01 5.635449320077896118e+00 2.994567689299583080e+01 0.000000000000000000e+00 8.977339863777160645e-01 1.875903519988059998e+01 7.301301091909408569e+00 1.029665820300579071e+01 1.544579556584358038e+01 0.000000000000000000e+00 0.000000000000000000e+00 7.473862454295158386e+00 0.000000000000000000e+00 8.809159845113754272e-01 1.689215672016144154e+01 4.372178390622138977e+00 2.393808171153068987e+00
5.160178939998149872e+01 1.547484087944030939e+01 2.850995182991027832e+00 4.467365115880966187e+00 4.946610778570175171e+00 7.282730281352996826e+00 5.926935043931006675e+01 2.517847229540348053e+01 8.206266298890113831e+00 1.602554086908698082e+03 1.107122467756270936e+02 1.398627694994210913e+02 5.138868609070777893e+02 2.522181326776742935e+03 3.309976400434970856e+02 3.167873184233903885e+03 5.308541679382324219e+01 4.820532750934361843e+02 1.018230479627848013e+03 2.444952561259269999e+02 5.073554753363131908e+02 1.681391069300473100e+04 3.383293860107659725e+02 3.978173090398312070e+03 2.909644953906536102e+02 5.067640605121850967e+02 2.343806555867195129e+04 6.259976250976324081e+02 1.353574822247028067e+02 1.286257104724645899e+02 5.444921857118607278e+01 1.234201425179838907e+03 5.435608871698380426e+03 5.259517670482397079e+03 0.000000000000000000e+00 7.839231206476688385e+01 3.516614452004432678e+01 1.151936312243341945e+03 1.328914029121398926e+03 2.734325409471989133e+03 1.024823216459155083e+04 2.747912802696228027e+02 3.247254171381891138e+04 1.714421671330929087e+02 7.285899359717965126e+03 5.931984771415591240e+03 1.131447330500184944e+04 2.266125327974557877e+03 4.049285911023616791e+01 2.950478998720645905e+02 1.956113120913505909e+01 1.876587030291556957e+01 5.527913825213909149e+01 8.996696859598159790e+00 4.438011728227139230e+01 9.275279915332794189e+01 1.084661766305566061e+03 3.948376772552729221e+02 0.000000000000000000e+00 2.350960582494736073e+01 1.573226776719092967e+01 2.922831803560256958e+01 1.011777701541780971e+03 2.171016612648963928e+02 7.026698493286967278e+03 8.489213537529110909e+03 1.773448884487152100e+00 1.184491783380507979e+00 9.539010271430015564e+00 0.000000000000000000e+00 0.000000000000000000e+00 1.862053453922271951e+00 1.511354088783263938e+00 2.607737779617310014e+00 3.035766854882239851e+00 6.190887689590454102e-01 6.377375274896621704e+00 4.191690385341643732e-01 0.000000000000000000e+00 1.002072276175021948e+01 1.244646245241164983e+01 2.547724135220051167e+01 1.454647731781006037e+01 3.628686353564261946e+00 1.599012652039528071e+01 2.492589184641838074e+01 6.702970767021179199e+01 2.211516924202441885e+02 6.875671529769897461e+01 4.855298489332199097e+00 5.331177413463593417e+00 3.805049196928740116e+02 5.600913140177726746e+01 9.811954420655965805e+02 1.160725912004708960e+02 6.066595166921615601e+00 7.652941003441810608e+00 3.768578280508518219e+01 1.982582773268223036e+03 7.746850220412015915e+02 1.444045407354831923e+03 1.040965488806366920e+03 1.076620417833328069e+01 1.536645685508847009e+03 6.662338431179523468e+01 2.598035460710525868e+01 1.249527198076247991e+01 6.476641297340393066e-01 3.527246370911598206e+00 5.160782727599143982e+01 4.526661983728408813e+02 1.165380143478512991e+03 5.288064265906810760e+03 7.521913950890302658e+02 4.655394196510314941e+00 2.405219069123268127e+01 9.153414368629455566e-01 3.343251943588256836e-01 6.732447147369384766e-01 6.938882768154144287e-01 1.814122378826140913e+00 3.643056273460388184e+00 6.901441413164138794e+02 4.761616897583007812e+01 0.000000000000000000e+00 4.891340455412864685e+01 9.082994669675827026e+00 2.552537772059440968e+01 2.392896249294281006e+02 8.743586634099483490e+01 1.137279166460037004e+03 2.593478919863700867e+02
3.640433049798011780e+02 8.210033029317855835e+00 2.745980107784270885e+01 6.960308343172073364e+00 9.358234286308288574e+00 8.418183073401451111e+01 3.617803341150283813e+01 2.642339026629924774e+02 2.054175592005252838e+03 4.194814489781857105e+02 7.835360884666442871e+01 6.370521485805510586e+00 2.401897549629210982e+00 4.862851887941359585e+00 1.460096856951713917e+01 1.499582194685935974e+02 1.765003561973571999e+00 7.465506512820720673e+03 3.026015400886536089e+00 3.131443455815315247e+02 3.268128952383995056e+01 3.402643784880638123e+01 2.837897053360939026e+01 9.897098749876022339e+00 1.798092960566281988e+02 8.738476593792438507e+01 1.812866495847702026e+02 2.427866522371768951e+02 1.615797263979912088e+02 6.686370509862899780e+01 1.699903309345245006e+01 1.411859467774629877e+02 1.921058976650238037e+01 1.600487270653248117e+02 7.839231206476688385e+01 0.000000000000000000e+00 8.705954073965549469e+02 1.382862739115952877e+02 3.124644288420676830e+01 1.154578810930252075e+01 5.607267572581768036e+02 2.152751390635966899e+01 1.087920225113630011e+02 8.704189372062683105e+01 1.372299634367228123e+02 1.284514427617192041e+03 2.064231881499290111e+01 1.185256939828395986e+02 1.085071759182214919e+04 2.783165785700082779e+03 3.178380508422852131e+02 1.601616539657115936e+02 2.922997966408729908e+01 2.992070271074771881e+01 1.065856524124742009e+03 2.679979884028434753e+02 2.525315761268138885e+02 7.066637427955865860e+02 1.603738725185394065e+00 5.583851635456085205e+00 2.636298230290412903e+01 7.305817887187004089e+00 1.333799315690993978e+02 6.247044401466846466e+02 4.699454557895659690e+01 7.116748216748237610e+01 2.365831723809241893e+01 3.734454828500747681e+01 5.262987852096557617e+00 5.568471431732177734e+00 5.548962691426277161e+01 1.805062001645565033e+02 5.671459344029427285e+01 1.933067002296448038e+02 1.053328843414783051e+02 1.579594826698303045e+01 1.349153435230254949e+01 5.717947751283645630e+00 6.516026407480239868e+00 8.485905537009239197e+01 1.028875283300877044e+02 3.763917115926743122e+02 2.748008596897124889e+01 3.304196918010711670e+01 8.972291782498359680e+01 2.506240389794110968e+02 1.172441294595598947e+03 1.044776260852814076e+01 8.707174539566040039e+00 2.079900427162646892e+01 9.421912349760532379e+01 3.599484285712242126e+01 1.245381078720093058e+02 4.497439667582511902e+01 7.261280059814453125e+00 1.933042448759078979e+01 8.631781397759914398e+01 1.529257455468177973e+01 1.161424349248408916e+01 1.050384147465229034e+01 1.713455379009246826e+01 7.298958489298820496e+01 1.474320833027363051e+03 8.137944352626800537e+01 1.232872566789389111e+03 1.161400437355041948e+00 4.709840345382689719e+01 3.870555949211121316e+01 9.855585172772407532e+01 1.950669318437576072e+00 5.035899221897125244e+00 1.597664040327071966e+01 8.412719833850860596e+01 4.531480188667774200e+01 1.843013857007026957e+02 3.483231485486031147e+02 5.974387231469153647e+01 3.576926281154155731e+02 4.961395204067230225e+00 1.290328666567802074e+01 3.223197343349456787e+02 1.077764507532120035e+02 3.299329599738121033e+01 1.076509446203708933e+02 0.000000000000000000e+00 0.000000000000000000e+00 7.800259223580360413e+01 3.335514545440673828e+00 1.195237520337104975e+01 1.883284546583890915e+02 7.813083797693252563e+00 8.442785501480102539e+00
2.971673221886157990e+02 1.111420631408690962e+00 6.385712504386901855e+00 0.000000000000000000e+00 4.561471939086914062e+00 7.327341094613075256e+01 1.522018790245055930e+00 2.505665156245231984e+01 5.302015143632888794e+01 1.313991977274418055e+01 8.135484695434570312e+00 0.000000000000000000e+00 1.594554603099822998e+00 1.301263064146042048e+01 1.764308135151863098e+03 4.616138994693756104e+00 3.349812239408493042e+00 1.752424723207950876e+02 4.985048383474349976e+00 6.970198597311973572e+02 1.203564809709786942e+02 5.813457369804382324e-01 1.138712185621261952e+01 1.152419188618659973e+01 3.316170364618300681e+01 2.058713065087794902e+01 7.221398398280143738e+01 1.702104373589158058e+03 8.517040305435657501e+02 7.727634018659591675e+01 6.016828151047229767e+01 7.465472540259361267e+01 1.101479235291481018e+01 1.026583662629128035e+01 3.516614452004432678e+01 8.705954073965549469e+02 0.000000000000000000e+00 1.889894366264342906e+01 7.137726157903671265e+00 0.000000000000000000e+00 4.713429725170134788e+01 3.543650193512439728e+01 1.788505947589873912e+01 2.314984518349171140e+03 1.693278743773699091e+02 1.336938829198480107e+03 5.312624931335449219e+00 1.216817957162857056e+01 1.897066041201353073e+03 6.661938463762403444e+03 6.796062798798084259e+01 5.316783130168914795e+01 1.146553261578083038e+01 1.213029101490974071e+01 1.328487541675567911e+02 3.882956734299659729e+01 5.623171466588973999e+01 1.103817065507173965e+02 5.188599506914615631e+02 2.343575928807258890e+02 4.637053877115249634e+00 1.983851462602614912e+00 9.670624050498008728e+01 6.596378140151500702e+01 8.111599881947040558e+01 1.421409429609776076e+01 0.000000000000000000e+00 1.705485612154006958e+00 1.968918740749358909e+00 4.230951368808745783e-01 4.666231393814086914e+00 4.509969770908355713e+00 1.162986412644385936e+01 4.528312742710114414e+00 1.524169826507568004e+01 6.077972441911697388e+00 9.247559487819671631e+00 7.134172171354293823e+00 1.894412162899971008e+01 5.182773146033287048e+01 1.064735037088393987e+01 6.778529782295227051e+02 1.220987260341644065e+00 3.417863249778748003e+00 1.248348952829837977e+01 1.685346740484238026e+01 1.042958273291587972e+02 9.943687781691551208e+00 1.083899188041687012e+01 9.187752902507781982e-01 1.570919093489646912e+01 6.590933561325073242e+00 9.204673358798027039e+01 2.369196435809135082e+01 3.283423843979836221e+01 1.354890167713165061e+00 2.160767237842082977e+01 1.840107232332230058e+00 4.997420369088649750e+01 7.734557002782821655e+00 1.888410940766334889e+01 1.951971703767776134e+01 5.937944890260696411e+02 6.308638671040534973e+01 1.159665986597537994e+02 0.000000000000000000e+00 2.677164211869239807e+00 2.063129901885985884e+00 1.155027884244919001e+01 1.725108593702316062e+00 7.112616285681725437e+00 1.086218910962342932e+02 7.370588521659374237e+01 2.251123751699924114e+01 5.031438213586807251e+01 6.656713330745697021e+01 2.108923286199570146e+00 1.220287826657295049e+01 0.000000000000000000e+00 2.061905235052109209e+00 6.630479902029036587e+00 4.654104202985764438e+00 6.089246124029160434e+00 1.090881127119063976e+01 2.656880736351013184e+00 3.659438818693161011e+00 9.230063259601593018e-01 0.000000000000000000e+00 3.571112185716629028e+00 9.144509822130203247e+00 2.065603134036064148e+01 6.217781320214272434e+00
1.210106674134731009e+02 1.112633251041173935e+03 2.577354171872138977e+02 1.856777138501405943e+03 1.870329590305685997e+03 6.415479156225919724e+02 7.042623678743839264e+02 1.868533941656351089e+03 5.785487489849328995e+02 8.263539561226963997e+03 5.996381764560937881e+02 5.327883455157279968e+01 8.307805538177490234e+00 9.561294347047805786e+00 8.646019935607910156e+00 5.735294160097837448e+02 1.550783786177635015e+01 8.935200137645006180e+02 5.926674889028071647e+01 8.267520421743392944e+01 7.218510890007019043e+01 1.505618837475776957e+02 8.910923808813095093e+00 1.923201949432492029e+03 5.806103772804141045e+03 7.526140368282794952e+02 5.418139252066612244e+01 7.194768682122231418e+00 2.023777961730957031e+00 6.770368963479995728e+00 9.424034198522567749e+02 2.196375673934816859e+03 3.678598581805824779e+03 2.263349047899245932e+02 1.151936312243341945e+03 1.382862739115952877e+02 1.889894366264342906e+01 0.000000000000000000e+00 1.190556019632517928e+04 2.846989636957644962e+03 3.813766391545534134e+03 1.365691627457737923e+03 1.461723300203680992e+03 2.481123384833335876e+01 4.680365792065858841e+02 2.145423781871796010e+01 4.773236489295958762e+01 1.229332520067691981e+01 6.830624532699584961e+01 5.862107396125792569e+00 8.327894875407218933e+01 3.157351989150046734e+02 3.892027490288019180e+02 2.285468922555446980e+01 7.335905363708734512e+02 3.929840581119061227e+01 1.024462457001209081e+01 1.026768107861280015e+02 0.000000000000000000e+00 7.221534311771392822e+00 2.903308665752410889e+01 0.000000000000000000e+00 7.788576756864786148e+02 1.113593141615391005e+03 6.843022222816944122e+01 4.295742897689341788e+01 1.717032104730606079e+00 3.430582344532012939e+00 1.105545163154602051e+00 2.369201302528380904e+00 9.615724056959152222e+00 5.520612737536429648e+01 1.309054797887801946e+01 4.512501597404479980e+01 1.009876686334609985e+01 1.321601599454879983e+00 1.173218429088592973e+00 3.322608172893524170e-01 0.000000000000000000e+00 1.056401056051253917e+01 2.605881455540657043e+01 3.535261441767215729e+01 5.418654620647430420e+00 9.997335046529769897e+00 1.274438422918320057e+01 2.689072108268738148e+01 8.838007557392120361e+01 0.000000000000000000e+00 3.711944222450255793e-01 3.080399125814437866e+00 1.254685628414154053e+01 2.133067458868027177e+00 1.446131835877895000e+01 4.793868958950042725e-01 3.069563508033751997e+00 0.000000000000000000e+00 8.187776103615760803e+00 1.350944608449935913e+00 8.857615590095520020e+00 2.754258215427399237e-01 2.699344903230667114e+00 8.964794278144836426e-01 4.408045431971549988e+01 4.947606056928634644e+00 1.147279681563376954e+02 0.000000000000000000e+00 1.027381151914597002e+00 1.754126816987991111e+00 4.233657926321029663e+00 0.000000000000000000e+00 5.260013937950134277e-01 7.358392059803009033e+00 5.123502716422080994e+00 1.489182025194168091e+00 2.234709709882735851e+01 3.611652556061744690e+01 4.032471776008605957e+00 6.662418411672115326e+01 0.000000000000000000e+00 2.959702461957931963e+00 3.121580187976359966e+01 1.283578017354012069e+01 4.479423165321350098e-01 1.687435761094092967e+01 0.000000000000000000e+00 0.000000000000000000e+00 5.808083564043045044e+00 0.000000000000000000e+00 2.750581264495850053e+00 2.586920194327830913e+01 1.628876551985741106e+00 1.575022041797637939e-01
3.084114104509354082e+00 1.979657354950904846e+01 4.233766257762908936e+00 9.385391965508460999e+01 8.696734759211540222e+01 6.365180701017379761e+00 3.596818235516548157e+01 1.035280704051256038e+02 3.258733242750167847e+01 4.236925482362508774e+03 3.317789829820395084e+02 2.893027760088444111e+01 2.890592187643051147e+00 1.025327280163764954e+01 1.933353155851363914e+00 1.504073526561259939e+02 2.420450580120087025e+01 1.682491044700146006e+02 1.818900191783905029e+01 3.350455635786057229e+01 3.860313639044761658e+01 1.665765088498592092e+02 6.814808428287506104e+00 1.936132273316382907e+03 1.346148370504378988e+02 4.014444589316844940e+02 1.984066992998123169e+01 5.115381479263305664e+00 2.119459778070449829e+00 7.509393811225891113e+00 1.500136455893517073e+01 4.562187154591084237e+01 4.159069331675767899e+03 3.835512723624706268e+02 1.328914029121398926e+03 3.124644288420676830e+01 7.137726157903671265e+00 1.190556019632517928e+04 0.000000000000000000e+00 1.527499683248996917e+04 7.573929343342781067e+03 3.346737151741982075e+02 8.728092584908008575e+02 1.725988626480102983e+00 8.364154081046581268e+01 1.917005382478237152e+01 3.559460866451262717e+01 1.200119432806969044e+01 2.053619524836539867e+01 2.939327120780944824e+00 7.504471302032470703e+00 2.162970542907714844e+00 2.774110674858092818e+00 4.097422689199447632e+00 1.204806646704673945e+01 3.843323707580565962e+00 4.858776748180389404e+00 2.713392674922943115e+01 0.000000000000000000e+00 0.000000000000000000e+00 1.155470624566078008e+01 0.000000000000000000e+00 1.213025712966918945e+01 4.240312677621840862e+02 5.401249644160270691e+01 7.015798975527286530e+01 0.000000000000000000e+00 0.000000000000000000e+00 0.000000000000000000e+00 0.000000000000000000e+00 1.020320415496825950e+00 2.129950910806655884e+00 1.094905257225037065e+00 5.300594240427017212e+00 9.920935034751892090e-01 4.863135218620299738e-01 8.345101773738861084e-01 0.000000000000000000e+00 0.000000000000000000e+00 3.028132170438766035e+00 7.464665606617928439e+00 2.089759862422943115e+01 5.429104566574096680e-01 3.316755324602127075e+00 1.494712233543395996e+00 1.172166138887404951e+00 2.976422046124935150e+01 4.553789496421813965e-01 0.000000000000000000e+00 9.027146697044372559e-01 4.979637220501899719e+00 3.583916723728179932e-01 7.980238229036331177e+00 3.448199063539505005e+00 2.904595434665679932e-01 0.000000000000000000e+00 0.000000000000000000e+00 0.000000000000000000e+00 2.506787195801734924e+00 1.220502942800522073e+00 2.109773963689804077e+00 4.615566313266754150e+00 9.528174132108688354e+00 4.194855272769927979e+00 7.078188449144363403e+00 0.000000000000000000e+00 0.000000000000000000e+00 0.000000000000000000e+00 1.613400608301162942e+00 0.000000000000000000e+00 3.300103843212128241e-01 2.693101793527603149e+00 1.048608779907226918e+01 1.388598591089249101e+00 6.814249753952026367e-01 3.342300415039062056e+00 0.000000000000000000e+00 0.000000000000000000e+00 0.000000000000000000e+00 0.000000000000000000e+00 2.011467695236206055e+00 7.012358903884887695e-01 6.769950091838836670e-01 7.172914713621140415e+00 0.000000000000000000e+00 0.000000000000000000e+00 3.458054661750792902e-01 0.000000000000000000e+00 0.000000000000000000e+00 4.675349563360214233e+00 2.496997594833374023e+00 5.892483294010162354e-01
1.844794148206711171e+01 1.277649039030075073e+01 4.288141518831253052e+00 2.371310921013354900e+01 2.566975286602973938e+01 4.299832165241240567e+00 6.730783414274454117e+03 9.346373316645622253e+01 1.867334574460982921e+01 3.188292301714419864e+03 1.352907504141331003e+02 1.595821237564086914e+01 3.395139396190643311e+01 3.179485076665877941e+01 2.752230346202849898e+00 1.912440726712346077e+03 4.193322765827178955e+01 1.456479189991950989e+02 9.863251096010208130e+01 1.144572851061820984e+01 5.081700587272644043e+01 4.432122708261013031e+02 1.098604404926300049e+01 3.831457107648252986e+03 2.932205146551132202e+02 2.046056432723999023e+02 2.072044795751571939e+02 6.798614501953125000e+00 0.000000000000000000e+00 2.212516129016876221e+00 2.450597926974296925e+01 3.223040644079446793e+02 6.326227051660419420e+03 1.156868561774492036e+03 2.734325409471989133e+03 1.154578810930252075e+01 0.000000000000000000e+00 2.846989636957644962e+03 1.527499683248996917e+04 0.000000000000000000e+00 2.838588369475305080e+04 1.148558025360106996e+02 6.127387047410011292e+02 7.912764251232147217e-01 2.302389501184225082e+02 2.415574625134468079e+01 2.318653513789176941e+02 1.481205767393112005e+01 6.382743090391159058e+00 0.000000000000000000e+00 4.100748330354691440e+00 8.450625091791152954e+00 1.235805472731589916e+01 6.698639094829559326e+00 3.164469051361083984e+01 7.140271425247192383e+00 1.082774293422698975e+01 1.686986768245697021e+01 0.000000000000000000e+00 0.000000000000000000e+00 5.695729315280914307e+00 0.000000000000000000e+00 3.328898388147354126e+01 1.904546666890383051e+02 6.240045593678951263e+01 1.246302722245454930e+02 0.000000000000000000e+00 0.000000000000000000e+00 0.000000000000000000e+00 0.000000000000000000e+00 0.000000000000000000e+00 0.000000000000000000e+00 0.000000000000000000e+00 0.000000000000000000e+00 0.000000000000000000e+00 0.000000000000000000e+00 2.215002208948134932e+00 0.000000000000000000e+00 0.000000000000000000e+00 2.160571366548538208e+00 4.313982129096984863e-01 5.422494590282440186e+00 0.000000000000000000e+00 9.963629245758056641e-01 5.257390439510345459e-01 0.000000000000000000e+00 6.457802504301071167e+00 0.000000000000000000e+00 1.032973080873488936e+00 0.000000000000000000e+00 4.031136035919188898e-01 8.276178240776062012e-01 2.721534252166748047e+00 8.229050934314727783e+00 0.000000000000000000e+00 0.000000000000000000e+00 3.434956967830657959e-01 0.000000000000000000e+00 7.738361299037933350e+00 2.669442132115364075e+00 4.345522046089172363e+00 4.203396111726760864e+00 2.318801283836365190e+00 3.122965902090073076e+00 1.970952481031418069e+00 0.000000000000000000e+00 0.000000000000000000e+00 0.000000000000000000e+00 8.545134067535400391e-01 0.000000000000000000e+00 6.123878061771392822e-01 1.478094160556792991e+00 1.015868335962296065e+01 4.845692694187164307e+00 1.792999029159545898e+00 1.402503013610840066e+00 0.000000000000000000e+00 0.000000000000000000e+00 0.000000000000000000e+00 0.000000000000000000e+00 9.127483367919921875e-01 1.501626014709473100e+00 9.011047482490539551e-01 1.616651952266692893e+00 0.000000000000000000e+00 0.000000000000000000e+00 3.270263671875000000e-01 0.000000000000000000e+00 0.000000000000000000e+00 0.000000000000000000e+00 9.491941928863525391e-01 1.798543214797974077e+00
7.437590198218822479e+02 3.581357573270797729e+02 7.894806089997291565e+01 8.411617501080036163e+01 9.016862544417381287e+01 3.457179114222527261e+01 4.920413994580507278e+03 1.141938481464982033e+03 3.825179696679114727e+02 2.379673360884190060e+03 3.981984015703200726e+02 9.698454681038856506e+01 6.660261195600032806e+02 8.216960307657718658e+02 1.015945522785187052e+02 1.570230200970173064e+04 2.203613815009593964e+02 2.738861681261659032e+04 3.055935328602790833e+03 2.888737950921059223e+02 3.932355026066302798e+03 3.532316045314074017e+03 2.516755769252777100e+02 3.924336539864540100e+03 1.600078878879546892e+03 3.417820644974709126e+02 2.969083687841891788e+03 1.400011160969734014e+01 1.451858252286911011e+00 1.993570098280907033e+01 1.041997148990630961e+02 1.987050566062330972e+03 1.093842649333178997e+04 1.892494033887982005e+04 1.024823216459155083e+04 5.607267572581768036e+02 4.713429725170134788e+01 3.813766391545534134e+03 7.573929343342781067e+03 2.838588369475305080e+04 0.000000000000000000e+00 1.707371179461478903e+02 1.168263174429536093e+03 8.038853675127029419e+00 1.372845964342355956e+03 1.253996224403381063e+02 3.286140659153461002e+03 5.275683881342411041e+02 3.686448537111281780e+02 1.113812625408172963e+01 4.140229375958443256e+02 2.660870439708232880e+02 1.123350314348935939e+02 8.307208490371704102e+01 1.235928891420363925e+03 3.750663194656372070e+02 2.559687602072953894e+02 1.117354794964194070e+03 0.000000000000000000e+00 0.000000000000000000e+00 1.285215319395065023e+02 0.000000000000000000e+00 2.011624085903168009e+02 2.615081644102931023e+03 2.023579017221927927e+02 4.481011786758900257e+02 1.184327897429466070e+01 1.426582384109497070e+01 5.780543684959411621e+00 4.102048635482788086e+00 3.071847188472748158e+01 9.546431443095207214e+01 3.371130393445491791e+01 1.319632636010647104e+02 1.713200180232524872e+01 3.048683971166611162e+00 3.556986302137374878e+00 0.000000000000000000e+00 1.730853155255317910e+00 1.291211128234862926e+01 1.802760151028633118e+01 4.622682297229766846e+01 6.397105306386947632e+00 6.067155152559280396e+00 1.724758242070674896e+01 3.922461122274398804e+01 1.471380356550216959e+02 1.160717557370663044e+01 9.217659398913383484e+00 3.105419397354125977e+00 1.514231672883033930e+01 1.672262170910834911e+01 2.836322569847106934e+01 6.743874293565750122e+01 7.038547992706298828e-01 4.259401619434356689e+00 1.770032840967177989e+01 8.129415839910507202e+00 9.969281330704689026e+00 1.462304568290709916e+01 2.662106221914291027e+01 4.007442265748977661e+01 9.569410800933837891e+01 2.714104297757149098e+01 1.771952125728130056e+02 6.342223882675170898e-01 5.705209463834762573e+00 1.242732822895050049e+00 1.225495527684688923e+01 0.000000000000000000e+00 6.501501441001892090e+00 4.227580457925797397e+00 7.947207483649253845e+01 2.489134529232979176e+01 5.801859480142592673e+01 4.708730137348175049e+01 1.073544013500213978e+01 5.853494659066200256e+01 9.735378623008728027e-01 4.609994262456893921e+00 5.161539846658706665e+01 1.887502586841582897e+01 1.032665663957596003e+01 2.239721265435219166e+01 0.000000000000000000e+00 8.467675149440765381e-01 9.637252718210220337e+00 1.246901661157608032e+00 3.392751395702362061e+00 4.671569645404815674e+01 1.292575609683989946e+01 9.123002469539642334e+00
3.983566555380821228e+01 2.978071960210800171e+02 6.882203876972198486e+01 1.987934141606091885e+02 2.727787481844425201e+02 1.649939543306828114e+02 8.285946753621101379e+01 1.398084157705307007e+02 1.163932733088732050e+02 1.156581144794821967e+03 5.152828194200992584e+02 1.348235850334166912e+02 1.111299899220466969e+01 3.309869968593121143e+02 8.679709905385971069e+01 6.036938279867172241e+01 1.229406556487083080e+01 6.480152317881584167e+01 2.175059415400027873e+01 2.709308825433253887e+01 4.610860876739025116e+01 1.206978598237037943e+02 1.490771977901459024e+02 1.965321937352418900e+02 3.490916061773896217e+03 6.299307412683963776e+03 2.168644331097603128e+02 2.301508115828036978e+02 2.500563827157020924e+01 5.526319211721420288e+01 8.823044779062271118e+03 1.436548213824630011e+03 4.771493898928164867e+02 2.103126762807368877e+01 2.747912802696228027e+02 2.152751390635966899e+01 3.543650193512439728e+01 1.365691627457737923e+03 3.346737151741982075e+02 1.148558025360106996e+02 1.707371179461478903e+02 0.000000000000000000e+00 8.632396037995815277e+03 5.239453567862510681e+02 9.294380041420459747e+03 1.394916910320519946e+03 5.947595615684986115e+01 6.150902885198593140e+01 5.034364901483058929e+01 5.964238780736923218e+01 5.188796848058700562e+00 2.075330346822739003e+01 2.426938731372356131e+02 1.173453837633132935e+00 5.760011324286460876e+01 6.956453472375869751e+00 3.167641379982233047e+02 3.065775939822196960e+01 0.000000000000000000e+00 4.115154355764389038e+01 3.783363401889801025e-01 2.142699790000915883e+01 1.792635007277131081e+03 3.064727969616652103e+02 6.887998699843883514e+02 1.977993297278881073e+02 3.698869347572327215e-01 4.128192901611328125e+00 2.822961807250977007e+00 0.000000000000000000e+00 1.011101880669593989e+01 5.016171061992645264e+01 7.344425499439240390e+00 3.518754887580872293e+01 2.318525165319443193e+00 0.000000000000000000e+00 0.000000000000000000e+00 0.000000000000000000e+00 0.000000000000000000e+00 5.791453123092651367e-01 1.196042805910110030e+00 2.498863399028778076e+00 4.492222607135772705e+00 0.000000000000000000e+00 4.020078390836715698e+00 2.276533997058868053e+01 3.426379930973052979e+01 1.109695762395858987e+00 5.839380919933319092e-01 0.000000000000000000e+00 5.642548501491546631e-01 2.790777653455733809e+00 1.774402350187302080e+00 1.230263826251029968e+01 5.280127200484275818e+01 0.000000000000000000e+00 1.911363035440444946e+00 3.262181907892227173e+00 3.502238580584526062e+02 3.669580258429049735e+01 4.197053554654120688e+01 1.785620844364165904e+01 8.781433314085006714e+00 2.175543820559977917e+02 7.830312292277812958e+01 0.000000000000000000e+00 1.686172991991043091e+00 0.000000000000000000e+00 2.013356536626815796e+00 7.343669801950454712e+00 1.932353952527045848e+01 4.584017713069915771e+02 4.230501529872416882e+02 1.051256713271141052e+01 6.423535615205764771e+00 1.910787320137023926e+01 5.091689854860305786e+00 3.893177817761898041e+01 0.000000000000000000e+00 1.363380074501038042e+00 2.629724228382110951e+01 5.900438636541366577e+00 4.769587630033493042e+01 4.062400355935096741e+00 0.000000000000000000e+00 2.383917251229285839e+01 2.879541069269179854e+00 2.782685458660126177e+00 5.353096784651278739e+01 1.777224627137184143e+01 1.981987277865410135e+02 1.436307817697525024e+01
1.465824811160564067e+01 4.503936502337455750e+01 1.421173763275145951e+01 3.216156116127967834e+01 4.341698540747165680e+01 2.916636969149113057e+01 1.872630879282951000e+01 3.696244865655899048e+01 2.543788024783134105e+01 2.143268349900842168e+03 1.696276100426912024e+02 2.377391992956399918e+02 8.521163794398307800e+01 5.150543913096189499e+02 2.707964850664138794e+02 3.415251043289899826e+02 4.929989764094352722e+01 2.500226541459560110e+02 2.120628049373626993e+02 4.051653860062360764e+02 1.899988937675952911e+02 7.309057573065161705e+03 7.883346147239208221e+02 2.127414948165417172e+03 8.155210505425930023e+02 1.434703899608551910e+04 1.177300145179033052e+03 4.013106739968060879e+02 1.360683638155460073e+02 5.412300044298171997e+02 1.824347247868776094e+03 2.487329412102698996e+02 1.788282625794410933e+03 7.447404293417930603e+02 3.247254171381891138e+04 1.087920225113630011e+02 1.788505947589873912e+01 1.461723300203680992e+03 8.728092584908008575e+02 6.127387047410011292e+02 1.168263174429536093e+03 8.632396037995815277e+03 0.000000000000000000e+00 1.369161435365676880e+02 1.091351470996438911e+04 3.690156083971261978e+03 4.111057771638035774e+03 3.485194228380918958e+03 1.705947746336460114e+01 2.215502600073814108e+02 3.227166959643363953e+01 1.007203942537307917e+01 3.936387106031178860e+02 1.056435140967369080e+01 4.056916406750679016e+01 1.371369700133801075e+02 3.368872291624546051e+03 5.651609182357788086e+02 0.000000000000000000e+00 1.203800466358661936e+02 1.209889084100722911e+01 1.533613472878932953e+02 7.264770987108349800e+03 3.708678339719771770e+02 1.412811290258168992e+04 6.357123285770416260e+03 8.983987569808959961e-01 1.069220066070557085e+00 1.085034996271132979e+00 0.000000000000000000e+00 0.000000000000000000e+00 4.810740575194358826e+00 8.070444464683532715e-01 1.475963786244391951e+00 2.595174700021744219e+00 0.000000000000000000e+00 2.050172358751296997e+00 4.895454347133635919e-01 3.331730365753173828e-01 5.532798081636428833e+00 3.379470393061637878e+00 1.044938206672667924e+01 2.303412720561027971e+00 6.058651804924011230e-01 3.004526689648627791e+00 3.900907069444655928e+00 3.698658090829849243e+01 8.658237248659133911e+01 1.345010757446289062e+01 7.867522537708282471e-01 5.035521343350409573e+00 1.588491123169661137e+02 4.156827071309089661e+01 2.671352398842573166e+02 2.405308132767677023e+02 1.470953017473221047e+00 4.456070259213447571e+00 6.668717563152313232e+00 1.906192170992494084e+03 3.365465772747992901e+02 6.503534392714500427e+02 4.780778189599514008e+02 9.966190382838249207e+00 1.041129503622651100e+03 4.708556923270226235e+01 5.037269234657287598e+00 1.846521109342575073e+00 3.850966095924376886e-01 1.269477069377898948e+00 8.423692512512207031e+01 2.015375023931264877e+02 1.346197666049004056e+03 2.227098588734865189e+03 4.601980571001768112e+02 5.932902634143829346e+00 1.632028131186962128e+01 0.000000000000000000e+00 8.183982312679290771e+00 1.540737062692641990e+00 4.018472731113433838e-01 7.376762330532073975e+00 6.436852812767028809e-01 2.899923184812068939e+02 1.789324119687080028e+01 0.000000000000000000e+00 7.730409300327301025e+01 3.521093130111693781e-01 1.291505169868469061e+01 1.791593449860810949e+02 3.607418298721312766e+01 5.538591254055500031e+02 1.230112515985966013e+02
4.638843973129987717e+02 1.038806846737861989e+01 3.130572290718555095e+01 1.141622141003609059e+01 1.633983254432677867e+01 1.427862777560949041e+02 2.286774098873137984e+00 6.908112555742263794e+00 4.282491862773895264e+00 9.657624244689941406e+00 1.211485999822616932e+01 5.146901607513427734e+00 0.000000000000000000e+00 5.474180072546005249e+00 2.582668523043394089e+02 2.880342721939086914e+00 0.000000000000000000e+00 1.576013129949570057e+01 0.000000000000000000e+00 1.141493049860001037e+02 2.853023160994052887e+01 3.784500002861022949e+00 4.429871022701263428e+00 5.786652565002441406e-01 1.354017260074614910e+02 1.785460544228554056e+02 1.091804555207491063e+02 8.969717584311962128e+03 1.027332764342427026e+03 8.565550696849822998e+01 1.118023107498883974e+03 1.446257750391959860e+02 3.836788699030876160e+00 1.725697070360183938e+00 1.714421671330929087e+02 8.704189372062683105e+01 2.314984518349171140e+03 2.481123384833335876e+01 1.725988626480102983e+00 7.912764251232147217e-01 8.038853675127029419e+00 5.239453567862510681e+02 1.369161435365676880e+02 0.000000000000000000e+00 5.368318014174699783e+03 1.973788706281780833e+04 9.859621524810791016e-01 8.994915249943733215e+01 2.667069251909852028e+03 2.150212120920420148e+03 8.336483503878116608e+01 2.131313543021678925e+01 9.970561665296554565e+01 0.000000000000000000e+00 1.841944666206837056e+01 8.160733625292778015e+00 5.253062025159597397e+02 2.631381306052207947e+01 8.662006427049636841e+02 1.294571655318140984e+03 2.335747823119163957e+00 3.734737843275070190e+01 1.530318830758332979e+03 5.818549561500549316e+01 1.101550518676639058e+03 9.924796617031097412e+01 1.466639071702956931e+00 2.155644565820693970e+00 3.157231211662292036e+00 6.343131661415100098e-01 5.612531304359436035e-01 5.228441178798676425e+00 0.000000000000000000e+00 0.000000000000000000e+00 3.542375624179840088e+00 7.992004156112670898e-01 1.919704258441925049e+00 0.000000000000000000e+00 0.000000000000000000e+00 0.000000000000000000e+00 0.000000000000000000e+00 1.014652696251869024e+01 1.047754138708115068e+00 0.000000000000000000e+00 0.000000000000000000e+00 2.935411125421524048e+00 6.817933887243270874e+00 8.009006559848785400e+00 1.774059414863585982e+00 0.000000000000000000e+00 0.000000000000000000e+00 1.137246128916740062e+01 1.985731413960456848e+01 1.201765457987785055e+02 1.960514293879271008e+03 3.216325044631958008e+00 1.893929630517960039e+00 2.011391162872314009e+00 3.097283477604389191e+03 1.567444171458483027e+02 2.177812761068344116e+02 6.214631047844886780e+01 1.248119297623633983e+01 1.290590485751629103e+03 2.061131104826926830e+01 8.452413678169250488e-01 7.404052317142486572e-01 2.482349634170531782e+00 0.000000000000000000e+00 8.256125473976135254e+01 7.930340233445167542e+01 1.086907030023634070e+04 1.898471623942255974e+03 6.667569682002067566e+01 6.756761729717254639e+00 2.424029862880707142e+01 6.444832682609558105e-01 1.849356234073638916e+00 7.040251612663269043e+00 5.580477118492126465e-01 2.285754919052124023e+00 2.266609668731688898e-01 2.873892474174500080e+02 2.686314135789871216e+00 1.923175713419913890e+01 4.924912179708480835e+02 0.000000000000000000e+00 1.805095899105072021e+01 5.933696015477180481e+02 1.058417081832885920e+01 1.218355807483196031e+03 1.034983898103237010e+02
1.079501873701810979e+02 2.167667326033115103e+02 8.238786865770816803e+01 1.553329999297857000e+02 2.033798513412475870e+02 1.362261525094509125e+02 6.682321745157241821e+01 1.360514534711838053e+02 8.566708734631538391e+01 1.138289637416601039e+02 1.639828177690505981e+02 1.475608766078948975e+01 9.973475098609924316e+00 2.290136135220527933e+02 1.567925093472003937e+02 5.734598331749439240e+02 1.314814448356627974e+00 1.461735567748546885e+02 2.897180926799774170e+01 3.240935580730438232e+02 1.061689099669456056e+02 1.934057293832302094e+02 1.204732767045498036e+02 1.350818453580141068e+02 1.202524058282375108e+03 8.889898791164159775e+02 9.438688222393393517e+03 1.314987578079103969e+03 4.336253598034381866e+02 1.263449274301528931e+02 1.085890603154897917e+03 3.507134320437908173e+02 4.816216223835945129e+02 3.838207744359970093e+02 7.285899359717965126e+03 1.372299634367228123e+02 1.693278743773699091e+02 4.680365792065858841e+02 8.364154081046581268e+01 2.302389501184225082e+02 1.372845964342355956e+03 9.294380041420459747e+03 1.091351470996438911e+04 5.368318014174699783e+03 0.000000000000000000e+00 1.427732288983464059e+04 7.835180903822183609e+02 1.776089776575565111e+03 2.032695750147103979e+02 8.459806075543165207e+02 2.572241163253783824e+01 2.635779696702957153e+01 1.091703938394784927e+03 1.748367351293563843e+01 6.880780495703220367e+01 1.010663828551768972e+02 2.626360031202435039e+03 3.964376469850540161e+02 1.085997819900512917e+00 1.357448562651873090e+03 1.872883528470993042e+01 1.211950738430023051e+02 9.389477181166410446e+03 3.063279766291379929e+02 3.579713939890265010e+03 9.488088108152151108e+02 6.164165735244750977e-01 1.757366806268692017e+00 1.470434516668319924e+00 5.721912980079650879e-01 2.382220208644866943e+00 2.387498277425765991e+01 3.695259690284729004e-01 0.000000000000000000e+00 5.411236763000488281e+00 2.127751708030701128e+00 1.025834113359451072e+00 0.000000000000000000e+00 0.000000000000000000e+00 5.169448524713516235e+00 5.574625849723815918e+00 1.296151393651961925e+01 3.470460176467896063e-01 1.444201618432999101e+00 5.166984766721724576e+00 5.818536609411239624e+00 3.791226005554199219e+01 3.188231107592583058e+01 7.586940288543701172e+00 1.590883225202559981e+00 4.234840124845504761e+00 7.368298268318176270e+01 4.025776500999928231e+01 1.676406132876873016e+02 1.274057220250367891e+03 2.044094219803810120e+00 2.100124955177307129e+00 3.781900227069855180e+00 5.305481928199529648e+03 4.640800923556088833e+02 7.802402976751327515e+02 1.913860429674386978e+02 2.374187847971915843e+01 1.261401764690876007e+03 5.137482768297194724e+01 3.539990335702896118e+00 1.373774558305739912e+00 1.405766218900680986e+00 2.867237329483032227e-01 2.752971216291189194e+02 3.021401499509810833e+02 7.443528478145599365e+03 3.386444548308848880e+03 2.138862112015486048e+02 1.052994117140769958e+01 3.581898871064186096e+01 6.284589469432830811e-01 3.936107870936393738e+01 6.169700860977172852e+00 7.376108169555664062e-01 2.060606321692467091e+01 4.662358641624450684e+00 4.576594179868698120e+02 2.204929450154304860e+01 4.109394252300261563e+00 5.785760688930749893e+02 4.394754171371459961e-01 2.376516112685203908e+01 6.409353455305099487e+02 1.704416166245936992e+01 1.599030703753232956e+03 2.182961680442095087e+02
3.211754277646542164e+02 1.162565460801124928e+01 2.217179509997367859e+01 9.749060779809951782e+00 1.181167727708817061e+01 9.321345633268356323e+01 3.067422151565552202e+00 1.294055214524268926e+01 1.873281618952751160e+01 5.041997171938419342e+01 3.966961640119553323e+01 1.471238029003142955e+01 5.966723263263702393e+00 9.486617845296859741e+01 8.223230302631855011e+02 3.073646938800812123e+01 4.056856989860534668e+00 4.328585448563098907e+02 8.666993737220764160e+00 4.104261447995901108e+03 6.609235965460538864e+02 5.251651201248168945e+02 6.199261272996664047e+02 5.303589656949043274e+01 1.108051426172256015e+03 5.284722092986106873e+03 1.750150572662055129e+04 2.467713808545469874e+04 4.048838957160710834e+03 4.599846508324146271e+03 2.842739602327346802e+02 8.858773326873779297e+01 6.408130384981632233e+01 6.527273401618003845e+01 5.931984771415591240e+03 1.284514427617192041e+03 1.336938829198480107e+03 2.145423781871796010e+01 1.917005382478237152e+01 2.415574625134468079e+01 1.253996224403381063e+02 1.394916910320519946e+03 3.690156083971261978e+03 1.973788706281780833e+04 1.427732288983464059e+04 0.000000000000000000e+00 1.523860252603888966e+03 2.725238027447462082e+04 1.813643183916806947e+03 6.387819862306118011e+03 8.909430663287639618e+01 1.995529049634933116e+01 7.755572435259819031e+01 1.995139107108116150e+01 3.374656349420546775e+01 5.459708124399185181e+01 6.594515363857150078e+03 4.519009297788143158e+02 5.228931248188018799e+00 5.412107139825820923e+02 9.118776169419288635e+01 5.240348724424839020e+02 7.270112586989998817e+03 1.558503454491496086e+03 6.515035805553197861e+03 2.754459252372384071e+03 1.499866634607315063e+00 1.158632740378380044e+00 6.998690560460090637e+00 0.000000000000000000e+00 0.000000000000000000e+00 3.234998047351837158e+00 4.228700727224349976e+00 7.533114254474639893e+00 6.909530952572822571e+00 8.244280219078063965e-01 1.070529392361640930e+01 7.736236453056335449e-01 1.809060275554656982e+00 1.173604536056519088e+01 6.861847981810569763e+00 4.698243528604506736e+01 1.765739955008029938e+01 8.196448087692260742e-01 1.912663769721984863e+01 4.003120632469654083e+01 1.479541767984628962e+02 5.878909785151481628e+02 9.758685095608234406e+01 5.283548593521118164e+00 1.445635646581650002e+00 1.656907439991832007e+03 2.489894870817661001e+02 1.901696276307106018e+03 8.197004419863224030e+02 2.208377182483673096e+00 9.219172656536102295e+00 4.706701785326004028e+01 3.908941381365060806e+03 1.486327406376600038e+03 3.187009430721402168e+03 3.216179039761424065e+03 4.909681051969528198e+01 5.868441383898258209e+03 2.015137511640787125e+02 2.331749288737773895e+01 1.295124295353888932e+01 7.286689877510070801e-01 4.289640992879868442e+00 7.708206191658973694e+01 7.690438833832740784e+02 5.072439532518386841e+03 1.300386559352279073e+04 2.630903085753322102e+03 8.891726762056350708e+00 8.590107771754264832e+01 9.661282747983932495e-01 3.978870481252669844e+00 5.283076822757720947e+00 3.160652339458466020e+00 4.015046507120131558e+00 4.167700171470642090e+00 2.351767240270971797e+03 1.217935617268085053e+02 3.013936996459960938e+00 2.411425383090972900e+02 7.064159631729125977e+00 9.677671565115451813e+01 8.078258988559246063e+02 2.606529948711395264e+02 2.514522290512918971e+03 8.393563489168882370e+02
1.985634317994118092e+01 1.340487807989120039e+00 0.000000000000000000e+00 2.205064296722412109e-01 1.181573569774627908e+00 0.000000000000000000e+00 2.212749785184859874e+01 2.868346849083900096e+01 2.499506184458732960e+01 6.328388069570065255e+01 1.144859293997288034e+02 6.332631453871726990e+01 1.560552763879298936e+03 7.520624956607818604e+03 2.314914841234683990e+03 3.201697404980658916e+02 1.537124463915825068e+01 6.692384321391582489e+02 7.062358227372169495e+02 1.075996572077274038e+02 1.145004557594656944e+03 1.280445091913639953e+04 1.217629335403442019e+04 9.555804300308227539e+01 8.903576767444610596e+01 1.822800956472754024e+03 1.433186703348159972e+04 3.564399190247058868e+01 1.159375494718551991e+01 3.567187431901692776e+02 7.616149663925170898e+00 9.341122838854789734e+01 1.791194058060646057e+02 1.670392353594302904e+03 1.131447330500184944e+04 2.064231881499290111e+01 5.312624931335449219e+00 4.773236489295958762e+01 3.559460866451262717e+01 2.318653513789176941e+02 3.286140659153461002e+03 5.947595615684986115e+01 4.111057771638035774e+03 9.859621524810791016e-01 7.835180903822183609e+02 1.523860252603888966e+03 0.000000000000000000e+00 1.409663358539343062e+04 3.085294604301453081e+00 1.571182790398598073e+01 6.301109190285205841e+01 1.801616936922072920e+00 3.472400024533271790e+00 1.313007563352585017e+01 1.319403043389320018e+01 1.129322316944599010e+02 1.438235263869165919e+03 2.428774899840354919e+02 0.000000000000000000e+00 5.050981640815734863e-01 1.704398753643035889e+02 1.038109080791472962e+02 2.742732577472925186e+02 1.752690860003232956e+03 3.476557025015354156e+02 9.755244934543967247e+03 4.593522161245346069e+00 8.652833402156829834e-01 1.496843309700489044e+01 0.000000000000000000e+00 0.000000000000000000e+00 3.110806971788405928e+00 5.078698799014090604e+00 1.286984276771545055e+01 1.041924899816513062e+01 2.758422344923018965e+00 8.256981989741325378e+01 1.696574062108993974e+00 1.146501612663269043e+01 3.043809364736080170e+01 3.548956768214703317e+01 1.195174563527106955e+02 2.969325986504555104e+01 5.351620495319365567e+00 4.705663493275641684e+01 8.885061565041542053e+01 1.727295882552861883e+02 5.426121647655963898e+02 3.897361391782761189e+02 4.825190857052803040e+00 1.854015007615089061e+01 3.248485073745251270e+02 1.317706417441368103e+02 3.574534631162881851e+03 7.119629919528961182e+00 1.149219241738319042e+01 1.869734448194504139e+01 7.995633517205715179e+01 2.327771405875682831e+01 3.202968741953372955e+01 7.186801329255104065e+01 1.148607450440526009e+03 1.348423746228218079e+01 3.011734094619750977e+02 1.104832170307635977e+02 4.711341020464897156e+01 1.907708027958869934e+01 1.237575232982635054e+00 1.270043434202671051e+01 8.262875258922576904e+00 3.442432621121407266e+01 1.118947249650955023e+01 5.285351766049861908e+02 5.058724465519189835e+02 1.803217351436614990e+00 1.725951628386973979e+01 4.838283836841583252e+00 4.889480412006378174e+00 0.000000000000000000e+00 3.030260473489760908e+00 7.149967849254608154e+00 3.136034399271010908e+00 4.467982536405324936e+02 9.269721610844135284e+01 0.000000000000000000e+00 3.530578315258026123e-01 4.765113252401351929e+01 1.963944587111473083e+01 3.950739875435829163e+01 2.564934709519147873e+02 1.111854302883148016e+01 3.696535466611385345e+01
8.317653000354766846e+00 0.000000000000000000e+00 0.000000000000000000e+00 0.000000000000000000e+00 5.333693623542785645e-01 0.000000000000000000e+00 5.064985454082489014e+00 7.908966690301895142e+00 9.576378613710403442e+00 4.422581939399241691e+01 4.945829188823699951e+01 8.555170178413391113e+00 5.319347262382507324e+00 9.690037125945091248e+02 9.957719620466232300e+02 2.939263147115707042e+01 1.750896185636519942e+00 6.071470472514629364e+02 1.932103139162063954e+01 1.108448616951704025e+03 8.597995907366275787e+02 1.640925882607697986e+03 7.789246755510568619e+03 3.292320102453231812e+01 2.343365192711353018e+02 2.766997000753880002e+03 1.241895622771978014e+04 1.572103115171194077e+02 2.283611470758914948e+02 8.065845477879047394e+02 1.896777600049972889e+01 1.384334406256676075e+01 5.039602532982826233e+01 2.413318317830562876e+02 2.266125327974557877e+03 1.185256939828395986e+02 1.216817957162857056e+01 1.229332520067691981e+01 1.200119432806969044e+01 1.481205767393112005e+01 5.275683881342411041e+02 6.150902885198593140e+01 3.485194228380918958e+03 8.994915249943733215e+01 1.776089776575565111e+03 2.725238027447462082e+04 1.409663358539343062e+04 0.000000000000000000e+00 7.925129622220993042e+00 1.692759570181370066e+02 4.500479233264923096e+01 4.960807204246520996e+00 1.937799692153931108e+00 1.775359192490578053e+01 1.326883080601692022e+01 5.862497955560684204e+01 3.122809563308953784e+03 2.105970575809479044e+02 0.000000000000000000e+00 1.184663498401642023e+01 1.873117384016514109e+02 1.955889263153075888e+02 1.029793206185102008e+03 1.891241551518440019e+03 1.724420823812484969e+03 4.151409328788518906e+03 1.909906968474387901e+00 0.000000000000000000e+00 5.707412421703338623e+00 0.000000000000000000e+00 0.000000000000000000e+00 2.113701909780501875e+00 3.955677926540375200e+00 5.199182212352752686e+00 3.784744769334793091e+00 9.295666515827178955e-01 1.122072255611420033e+01 3.878757357597351074e-01 6.910197734832763672e-01 1.252569757401943029e+01 1.225464469194412054e+01 4.573335558176040649e+01 1.435847683250904083e+01 4.612871050834655762e+00 1.337940137088298975e+01 2.737801377475262044e+01 8.121337254345417023e+01 2.921894541978836060e+02 8.367066158354282379e+01 2.923031419515610185e+00 7.205036506056785583e+00 6.203063602000474930e+02 8.736804801225662231e+01 1.215075863823295094e+03 1.794019889831542969e+01 3.841184884309769121e+00 6.190091699361801147e+00 4.583517931401730294e+01 7.222586776316165924e+01 1.700542617887259098e+02 3.902605021148920059e+02 1.601355458244680904e+03 1.346144732832908986e+01 7.478881236314773560e+02 9.180661945044994354e+01 1.877837291359901073e+01 4.618610262870788574e+00 5.347433686256408691e-01 3.018420934677124023e+00 7.199252694845199585e+00 1.373762459754944132e+02 6.359580585360527039e+01 1.480600277349353064e+03 1.007334290251136053e+03 3.096390694379806963e+00 3.188203927874565125e+01 1.116183519363403098e+00 3.511888891458510908e+00 0.000000000000000000e+00 2.485284328460692915e+00 6.336828798055648804e+00 1.676627755165100098e+00 5.641888680607080460e+02 4.389456254243850708e+01 0.000000000000000000e+00 2.136259824037551880e+00 9.264179989695549011e+00 2.533919697999953868e+01 8.726467177271842957e+01 1.557364066392183020e+02 5.159291306138039346e+01 1.257259370684624002e+02
9.319010597467422485e+02 9.797736772894859314e+01 8.156199864745140076e+02 5.505651926994323730e+01 3.132150866091250805e+02 3.778861115783452988e+03 1.009167979359627054e+02 1.491353792518377077e+03 7.756970418453216553e+03 1.946224983334541037e+02 1.959413179755210876e+01 3.624550998210906982e-01 7.744202017784118652e-01 4.428287625312805176e+00 1.958623346686362865e+01 1.306968222856521891e+02 0.000000000000000000e+00 2.699068507462739944e+03 0.000000000000000000e+00 8.728302767872810364e+01 1.110671147704123918e+01 3.993882536888123114e-01 4.964993149042130405e+00 3.725419819355010986e+00 1.234907910376787044e+02 4.575435227155684714e+01 5.065434065461158752e+01 2.037237875029444922e+03 6.552708430588245392e+01 5.953049707412719727e+01 5.054690745472908020e+01 3.062197735011578175e+02 3.648836907744407654e+01 5.871624022722244263e+01 4.049285911023616791e+01 1.085071759182214919e+04 1.897066041201353073e+03 6.830624532699584961e+01 2.053619524836539867e+01 6.382743090391159058e+00 3.686448537111281780e+02 5.034364901483058929e+01 1.705947746336460114e+01 2.667069251909852028e+03 2.032695750147103979e+02 1.813643183916806947e+03 3.085294604301453081e+00 7.925129622220993042e+00 0.000000000000000000e+00 5.459590349659323692e+03 3.234556419700384140e+02 3.552860382646322250e+02 1.874624788761138916e+01 8.703966230154037476e+00 7.085545755177736282e+02 1.198254974484443949e+02 1.180277251303195953e+02 2.474852546006441116e+02 4.723928370773792267e+02 2.558441515117883966e+02 8.646978050470352173e+00 1.994581252336502075e+00 1.537378054410218908e+02 3.482037828117609024e+02 7.149774144589900970e+01 1.345225244760512950e+01 2.796577453613280895e+01 5.021565386652945762e+01 1.829722502827643993e+01 2.899988567829132080e+01 2.858993575274943737e+02 6.397506685853004456e+02 1.050223010778426982e+02 6.707383637428283691e+02 8.924211740493774414e+00 6.160211890935897827e+00 5.445726007223129272e+00 2.507900923490523848e+00 2.225520491600037065e+00 2.287456884980202076e+01 2.345837590098381042e+01 3.379089187383651733e+02 1.357423219084740040e+01 1.239668798446654918e+01 4.070184469223021573e+00 3.894558408856391907e+01 1.285171021223067953e+02 1.889582812786102073e+00 1.371005594730376975e+00 0.000000000000000000e+00 1.533324119448661982e+01 8.772094905376434326e+00 1.021710650622844980e+02 6.734026879072189331e+00 4.653186029195786233e+01 1.521318455040455042e+01 7.625036433339118958e+00 9.124947249889373779e+00 4.376255048811435699e+01 8.678443610668182373e+00 1.558955909311771038e+01 1.512448388338088989e+01 6.000490503311157227e+02 6.866510978341102600e+01 5.243436171710491180e+02 1.888979434967041016e+00 2.346772849559783936e+00 1.402655005455017090e+00 6.280868321657180786e+00 2.465084016323090044e+00 1.213783681392669900e+00 1.210142598301171972e+02 6.900685562193393707e+01 1.394684614241123022e+01 7.952934390008449554e+02 2.208719929754734039e+02 1.542774149775505066e+01 1.794694447517395020e+02 1.328512668609618919e+00 6.935055524110794067e+00 1.581421495676040934e+02 2.837952798604964855e+01 6.142093300819396973e+00 3.324977305531501770e+01 0.000000000000000000e+00 4.237035542726516724e+00 2.077066144347190857e+01 2.691273689270020086e-01 1.082082539796829046e+01 7.419438326358795166e+01 2.353300708532333019e+01 3.398401170969008955e+00
2.157909980118274973e+02 1.876121819019318071e+00 3.053704905509949086e+01 3.940609395503997803e-01 2.953892707824707031e+00 5.981645056605339050e+01 1.780587434768677035e-01 2.727757576107979176e+01 1.687171066701411917e+02 2.437589439749718068e+01 5.261290431022644043e+00 1.594484090805053933e+00 0.000000000000000000e+00 3.074981659650803056e+00 1.439068870991467861e+02 1.830782473087311013e+00 9.693520069122314453e-01 1.646478275060653971e+02 8.046537637710571289e-01 3.012695557981729962e+03 3.336976101994513755e+01 1.555123391747475026e+01 3.779174327850341797e+00 9.870351254940032959e-01 6.681316092610359192e+01 2.171823079884051992e+02 6.404941015243530273e+02 3.504883532673120044e+03 2.143332727134228207e+03 2.204345124065876007e+02 4.617371463775634766e+01 6.115397068858146667e+01 1.678036302328109963e+00 2.287177145481110063e+00 2.950478998720645905e+02 2.783165785700082779e+03 6.661938463762403444e+03 5.862107396125792569e+00 2.939327120780944824e+00 0.000000000000000000e+00 1.113812625408172963e+01 5.964238780736923218e+01 2.215502600073814108e+02 2.150212120920420148e+03 8.459806075543165207e+02 6.387819862306118011e+03 1.571182790398598073e+01 1.692759570181370066e+02 5.459590349659323692e+03 0.000000000000000000e+00 8.205235317349433899e+01 2.367519298195838928e+01 5.069173514842987061e+00 2.537633091211318970e+00 1.336378770023584082e+02 4.304247868061065674e+01 2.851863610744475750e+02 1.461409335136413858e+02 3.222441771626471905e+02 1.423644729852676107e+02 1.364168196916579978e+00 2.304760780930519104e+01 3.023276984542608261e+02 1.428509624898433970e+02 2.563795957714319229e+02 1.828951853662728979e+02 1.321944084763526917e+01 1.628918716311455128e+01 1.008732411265373052e+01 1.028316855430603027e+00 1.443989720940590082e+01 8.163369679450988770e+01 2.025579535961151123e+01 6.321722370386123657e+01 6.916685450077056885e+01 1.781674647331238148e+01 2.115881431102753041e+01 1.282672399282454911e+01 7.346988797187805176e+00 9.415702700614929199e+01 1.097360931336880014e+02 8.482639901638031006e+02 7.487576514482498169e+00 4.595212665200232749e+01 7.240804231166839600e+01 1.160318631827830984e+02 9.406694757938385010e+02 4.090310004353523254e+01 9.306011348962783813e+00 2.294929933547973988e+01 9.821647587418556213e+01 9.499248352646827698e+01 2.613104982972145081e+02 1.138900758773088029e+02 3.396771553158760071e+01 1.058569367229939040e+01 5.545968799293041229e+01 8.981600970029830933e+00 6.180337740480899811e+01 4.247769625484942679e+01 1.116374716311693049e+02 2.356248598992825123e+02 1.938326976627110980e+03 4.163533344268798828e+02 9.268079410195350647e+02 2.518139541149138960e+00 2.943030777573585866e+01 2.627417919039725902e+01 5.811605015397071838e+01 1.633527934551239014e+00 2.204991742968558910e+01 1.509089334011077881e+02 5.125895682275295258e+02 1.799572746306658075e+02 7.435055270791053772e+01 2.929842875003815266e+02 3.968530842661858316e+01 2.093190930187701895e+02 2.058705329895019975e+00 7.649013251066207886e+00 2.087723550200462057e+02 7.013652712106704712e+01 1.056303949654102041e+02 1.123320810198784017e+02 7.627842426300048828e-01 3.724966645240784135e+00 3.439246821403502707e+01 4.485799014568328857e+00 1.866828736662865040e+01 1.630647493004798889e+02 4.618481150269507651e+01 4.252390602231025696e+01
2.068020190283656120e+03 1.589405471384525015e+02 3.179568292796611786e+02 2.640113905370234875e+02 3.615563693940638927e+02 5.360855406820774078e+02 5.629985031485558267e+01 5.285105495750904083e+02 6.198881273567676544e+02 2.888015826046466827e+01 2.616793000698089955e+01 9.773019793629646301e+01 4.384175924360752106e+02 2.699812176585196994e+03 4.534457964271306992e+03 5.633288231492043252e+01 2.896789205670356750e+02 1.313428243339061964e+03 1.894414893090724945e+02 2.446643128991127014e+02 9.769334222376346588e+02 7.809662398695945740e+01 9.142519160509109497e+02 1.742863700687885000e+02 2.173271837830543873e+01 1.235320734977721990e+01 2.661345396935940144e+01 5.259758961200714111e+01 4.964367270469666416e+00 6.547002431154251099e+02 1.234155856966972067e+02 6.026462441325187683e+03 1.003228868544101999e+02 1.685434215366840078e+02 1.956113120913505909e+01 3.178380508422852131e+02 6.796062798798084259e+01 8.327894875407218933e+01 7.504471302032470703e+00 4.100748330354691440e+00 4.140229375958443256e+02 5.188796848058700562e+00 3.227166959643363953e+01 8.336483503878116608e+01 2.572241163253783824e+01 8.909430663287639618e+01 6.301109190285205841e+01 4.500479233264923096e+01 3.234556419700384140e+02 8.205235317349433899e+01 0.000000000000000000e+00 3.318663563758134842e+03 1.739244236499071121e+02 1.130838551864027977e+03 1.123785434707999002e+03 1.416226005256175995e+02 5.429017607867717743e+01 8.229050907343626022e+02 6.697581678628922397e+00 7.158074453473091125e+00 1.807095893502234958e+03 1.699546328186989115e+02 1.806649892032146099e+01 8.038034709393978119e+02 1.515455517172813060e+01 8.770959505438804626e+01 8.361058473587036133e+00 9.021573722362518311e+00 3.580241531133652177e+00 1.268738448619842973e+00 1.649487099051475880e+01 6.897758898138999939e+01 9.868547409772872925e+00 4.241569271683692932e+01 8.671765774488449097e+00 6.331656575202941895e-01 1.189027547836303933e+00 0.000000000000000000e+00 0.000000000000000000e+00 8.477130621671676636e+00 5.739200443029403687e+00 3.098016305267811177e+01 7.595032662153244019e+00 1.901924371719359907e+00 3.959041193127632141e+00 3.103524985909461975e+01 6.778093554079532623e+01 9.742197990417480469e-01 2.884166672825812849e+00 4.360697865486145020e-01 5.633041858673095703e+00 1.055315971374511941e+00 6.293000221252441406e+00 7.442222118377686435e+00 2.131147170066833141e+01 2.859777390956879106e+00 7.329512625932692593e+00 1.018817365169524924e+00 2.554093122482299805e+00 6.863661110401153564e-01 0.000000000000000000e+00 1.704466879367827925e+00 7.223177513480186462e+01 9.404777109622955322e+00 1.280204401016235067e+02 4.076099991798400879e-01 8.211067914962768555e-01 1.331624537706374900e+00 5.581686645746231079e+00 0.000000000000000000e+00 3.720073699951171875e-01 2.054488748311996016e+00 6.462746977806091309e+00 1.728507399559020996e+00 3.786004284024239297e+01 4.682309523224831338e+01 7.626484274864196777e+00 5.499178081750869751e+01 9.400355219841003418e-01 7.589621186256408691e+00 3.043911692500114086e+01 1.357054802775382996e+01 0.000000000000000000e+00 1.242255300283432007e+01 0.000000000000000000e+00 4.271904826164246161e-01 5.321424812078475952e+00 2.777132749557495117e+00 4.546855896711348599e+00 2.923666688799858093e+01 2.506496727466582808e+00 3.706645071506500244e-01
1.957093054190278053e+03 6.224092683792114258e+02 1.214161543697118987e+03 7.176892791390419006e+02 1.096249057471751939e+03 2.071858950972557068e+03 8.849815100431442261e+01 8.769854396283626556e+02 1.047829157114028931e+03 1.104370889067650019e+01 8.670883893966674805e+00 1.919177561998367088e+00 3.516411125659943071e+00 1.135847368836403071e+01 2.199523776769638062e+01 6.880939307808876038e+01 5.823226571083068848e+00 4.202124452292919159e+02 4.882639318704605103e+00 2.116242426633834839e+01 3.590672311186789756e+01 1.770667105913162009e+00 0.000000000000000000e+00 2.610923659801483154e+01 5.200015074014663696e+01 1.549538433551788108e+00 2.781731456518173218e+00 2.377930429577827098e+01 4.886539578437805176e-01 0.000000000000000000e+00 6.223941691219806671e+02 3.477958952546120145e+03 2.574897107481955913e+02 3.352087444067001343e+01 1.876587030291556957e+01 1.601616539657115936e+02 5.316783130168914795e+01 3.157351989150046734e+02 2.162970542907714844e+00 8.450625091791152954e+00 2.660870439708232880e+02 2.075330346822739003e+01 1.007203942537307917e+01 2.131313543021678925e+01 2.635779696702957153e+01 1.995529049634933116e+01 1.801616936922072920e+00 4.960807204246520996e+00 3.552860382646322250e+02 2.367519298195838928e+01 3.318663563758134842e+03 0.000000000000000000e+00 1.977084751129150106e+02 1.395738053232430957e+03 1.115986722084880057e+04 1.269865541756152965e+02 9.984914957731962204e+02 5.179639822199940681e+03 5.840618848800659180e+00 1.484633177518845049e+00 8.929474598169326782e+01 9.213691353797912598e-01 4.643774357438086753e+01 3.734041769504547119e+02 1.934802681207657082e+00 1.662880152463912964e+00 1.112761018872261047e+02 1.528585141599178030e+02 1.541214379668235956e+01 9.136540973186492920e+01 1.057029720336199034e+03 1.694654769241810072e+03 2.411244364678859995e+02 1.306137237638235092e+03 4.756011283397675271e+01 7.448640495538712436e+00 6.254046678543090820e+00 1.208494365215301958e+00 3.052112221717834029e+00 2.411530709266662953e+01 3.822530308365821838e+01 6.944184999167919159e+01 1.250126969814301070e+01 1.523076856136322021e+01 5.898651233315467834e+01 1.847567752450704859e+02 5.060454468727111816e+02 1.346678435802459939e+00 1.159982383251189964e+00 1.725556004047394154e+01 4.964647525548934937e+01 1.408642852306365967e+01 2.475632098317145946e+01 8.424639999866485596e-01 9.589343091845512390e+01 6.893612429499626160e+01 4.551872192323207855e+01 1.750972315669060109e+01 4.281342029571533203e-01 0.000000000000000000e+00 0.000000000000000000e+00 5.866299271583557129e-01 1.186470371484756043e+02 6.088587045669555664e-01 8.149904138147830963e+02 1.320444583892822044e+00 1.781328037381171825e+01 2.114466702938079834e+01 4.428127688169478660e+01 4.515808105468750000e+00 3.458331525325775146e-01 7.636999487876892090e-01 5.064949989318847656e-01 2.347096502780913863e+00 3.720806219577788738e+02 1.057536303400993063e+02 9.511041468381881714e+01 7.173106373846530914e+02 5.202500164508819580e+00 5.576147305965424295e+01 4.515453367531300159e+02 5.427727538347244263e+01 4.191471099853515625e+00 1.895484001040458963e+02 0.000000000000000000e+00 7.029437422752380371e-01 4.808110418915749307e+01 2.967165350914001021e+00 1.313541805744170965e+01 1.075600129067897939e+02 4.083119332790374756e-01 0.000000000000000000e+00
1.281586689800024033e+02 3.775746238231658936e+02 1.990114761441946030e+02 2.037454286664724066e+02 2.689578147232533070e+02 2.513810300678015039e+02 9.653114521503448486e+01 2.360580883622168926e+02 1.833823949098587036e+02 1.046117912232876002e+01 4.666900575160980225e+00 9.604569077491760254e-01 1.531178310513495955e+00 1.081845834851264954e+00 5.640035271644592285e-01 8.922030246257781982e+01 0.000000000000000000e+00 6.950473876297473907e+01 2.741886585950850996e+00 4.765618905425071716e+00 1.893199950456619041e+00 1.446191698312758955e+00 1.007376909255981001e+00 5.368371337652206421e+00 1.726296278834342957e+02 5.216955840587615967e+00 1.227866674959659932e+01 1.130108833312987926e+01 1.250251770019531028e+00 5.563275218009948730e-01 9.328910768181085587e+02 8.551498393580317497e+03 1.019782698303460933e+02 6.296656042337417603e+00 5.527913825213909149e+01 2.922997966408729908e+01 1.146553261578083038e+01 3.892027490288019180e+02 2.774110674858092818e+00 1.235805472731589916e+01 1.123350314348935939e+02 2.426938731372356131e+02 3.936387106031178860e+02 9.970561665296554565e+01 1.091703938394784927e+03 7.755572435259819031e+01 3.472400024533271790e+00 1.937799692153931108e+00 1.874624788761138916e+01 5.069173514842987061e+00 1.739244236499071121e+02 1.977084751129150106e+02 0.000000000000000000e+00 4.449255533665419193e+02 3.020950406491755871e+02 7.518991827964782715e+00 1.181057351827620927e+01 4.209989751875401254e+01 2.589255213737488148e+01 4.613957664370536804e+01 0.000000000000000000e+00 2.567182266712189076e+01 2.830219929352403142e+03 4.701566545665264130e+01 1.587147393822669983e+01 1.252025038003921953e+00 5.243682891130447388e+00 9.517192572355270386e+00 3.263463973999022993e+00 3.892971515655518022e+00 2.102387002110480907e+01 1.155421127378941009e+02 2.041938656568526866e+01 6.174086660146713257e+01 1.174293152987957001e+01 1.808060914278029951e+00 2.837635278701782227e-01 0.000000000000000000e+00 0.000000000000000000e+00 9.656737744808197021e-01 1.064379370212554932e+01 4.233823239803314209e+00 7.935653030872344971e+00 7.148160040378570557e-01 1.975709635019302013e+01 8.388221998512744904e+01 1.312795874029397964e+02 0.000000000000000000e+00 0.000000000000000000e+00 1.696213811635971069e+00 5.891934558749198914e+00 3.357937663793563843e+00 1.170093834400177002e+00 0.000000000000000000e+00 1.153978878259658991e+01 1.892466783523560014e+00 7.264031529426574707e+00 5.959148794412612915e+00 3.263976225256919861e+01 0.000000000000000000e+00 1.657434165477752908e+00 6.950093805789947510e-01 3.236046668887137656e+01 8.946322560310363770e+00 2.364810830056667044e+02 0.000000000000000000e+00 3.779746487736701965e+00 4.456219434738159180e+00 9.625844925642013550e+00 5.665258616209030151e-01 3.390042781829833984e-01 4.924447342753410339e+01 1.672029647231101990e+01 7.162134945392608643e-01 1.854128694534302113e+01 4.396421903371810913e+01 9.386795699596405029e+00 1.147575960010290004e+02 2.020529240369797197e+00 7.925951838493347168e+00 7.216575405001640320e+01 1.699776083230971935e+01 8.219873994588851929e+00 1.157262270152568995e+01 9.393973469734191895e+00 5.980805873870849609e+00 1.870053778588772175e+01 2.978054523468018022e+00 1.161170428991317927e+01 4.290014262497425079e+01 1.192520526051520946e+01 2.795381009578704834e+00
1.056975101828574992e+02 2.269445105642080023e+02 4.353854331374167685e+01 2.920191132128239246e+02 3.291769625693560215e+02 1.921816980242728903e+02 5.018579004704952240e+01 2.160083536207675934e+02 1.185224814862013005e+02 3.374465391039847884e+00 1.112448084354400990e+01 4.580223751068115234e+01 1.481694079339503958e+02 5.985623074173927307e+02 5.126962013542652130e+02 2.266696085035800934e+01 3.013130605220795122e+00 8.676253558695316315e+01 5.665375083684921265e+00 2.679814743995666859e+01 6.050450626015663147e+01 6.127582922577857971e+01 4.927111393213272095e+02 1.511759847402573076e+00 5.448966413736343384e+00 5.250257790088653564e+00 5.362580299377441406e+00 3.087061405181885210e+00 4.817007333040237427e+00 3.447113645374774933e+02 1.345961133122443925e+03 1.300802973419428099e+03 2.117501232028007863e+01 7.887818336486816406e+00 8.996696859598159790e+00 2.992070271074771881e+01 1.213029101490974071e+01 2.285468922555446980e+01 4.097422689199447632e+00 6.698639094829559326e+00 8.307208490371704102e+01 1.173453837633132935e+00 1.056435140967369080e+01 0.000000000000000000e+00 1.748367351293563843e+01 1.995139107108116150e+01 1.313007563352585017e+01 1.775359192490578053e+01 8.703966230154037476e+00 2.537633091211318970e+00 1.130838551864027977e+03 1.395738053232430957e+03 4.449255533665419193e+02 0.000000000000000000e+00 7.292348973155021667e+02 1.158932302892207957e+02 9.933447488248348236e+02 3.578093810826539993e+02 5.963689225912094116e+01 0.000000000000000000e+00 3.556448422491549991e+03 1.026227555215358962e+03 4.564372475594282150e+02 3.809654967784882160e+02 7.027147442102432251e+00 5.173622056841850281e+01 1.977539050579071045e+01 9.299791216850280762e+00 6.592491865158081055e-01 1.034809291362762007e+00 1.763685750961304066e+01 6.890219941735267639e+01 1.370590582489966991e+01 5.727916169166564941e+01 5.186111122369766235e+00 3.550782501697539728e-01 1.551624983549118042e+00 0.000000000000000000e+00 0.000000000000000000e+00 8.058924674987792969e-01 7.324162006378173828e+00 3.337764754891396013e+00 2.925458222627640215e+00 2.409219533205031905e+00 1.326117354631423950e+01 4.072665524482727051e+01 1.001104900538920930e+02 0.000000000000000000e+00 0.000000000000000000e+00 2.241584628820418867e+00 7.888674214482307434e+00 3.534274429082870039e+00 4.184446334838867188e+00 3.841708868741989136e+00 2.342652576565741924e+02 2.251023203134537021e-01 3.542367711663246155e+00 4.191400498151779175e+00 0.000000000000000000e+00 8.913105726242065430e-01 1.140114307403564009e+00 6.229234337806701660e-01 1.883073759078979137e+01 1.707653224468230979e+00 1.541061652153730108e+02 0.000000000000000000e+00 1.982895269989966902e+00 1.831309944391251054e+00 1.089826303720474066e+01 3.911915421485900879e-01 0.000000000000000000e+00 1.906968474388123003e+00 3.625214070081710815e+00 9.471603631973266602e-01 1.218910881876944963e+01 3.089918152987957001e+01 1.075318704545498072e+01 1.210710161328316019e+02 0.000000000000000000e+00 9.441178457438945770e+01 6.251343771815299988e+01 2.014032836258411052e+01 9.612623810768127441e+00 1.235715892910956981e+01 1.145517724752425970e+01 1.791161090135573897e+00 2.769264063239097950e+01 6.717123389244079590e+00 6.811869889497756958e+00 3.205910569429398294e+01 1.334870606660842896e+00 7.678720355033874512e-01
2.898026501834393116e+02 1.388839664131402969e+03 8.110088512003421783e+02 2.445977714747190021e+03 3.549927945405244827e+03 2.937140997305511974e+03 2.825452541410923004e+02 3.742734793633223035e+03 3.128389100193976901e+03 4.380039568245410919e+01 1.516201162338257014e+01 3.059572160243988037e+00 3.955675035715103149e+00 2.149963539838790894e+01 1.731646075844765065e+01 2.542164617478848072e+02 5.345490407943726296e+01 2.598522426158189774e+03 1.493190184235572993e+01 3.037772853970528217e+02 1.963395200967788981e+02 9.430203497409820557e+00 3.327950918674468994e+01 2.338704464733600901e+02 1.941602114737034128e+02 9.430331170558929443e+00 2.369930261373519897e+01 1.608664628863335011e+01 4.514865338802337646e+00 2.709590685367583873e+01 1.489421621561050131e+02 2.468736360058187984e+03 6.187396118789911270e+02 4.596645538508892059e+02 4.438011728227139230e+01 1.065856524124742009e+03 1.328487541675567911e+02 7.335905363708734512e+02 1.204806646704673945e+01 3.164469051361083984e+01 1.235928891420363925e+03 5.760011324286460876e+01 4.056916406750679016e+01 1.841944666206837056e+01 6.880780495703220367e+01 3.374656349420546775e+01 1.319403043389320018e+01 1.326883080601692022e+01 7.085545755177736282e+02 1.336378770023584082e+02 1.123785434707999002e+03 1.115986722084880057e+04 3.020950406491755871e+02 7.292348973155021667e+02 0.000000000000000000e+00 4.854421371817588806e+02 2.965411923676729202e+02 1.361189256623387109e+03 2.049690783023833784e+00 8.765985965728759766e-01 3.823802626132965088e+01 1.284943699836730957e+00 1.714132463485003086e+02 6.376950630992650986e+02 4.435443401336669922e+00 2.084388577938079834e+01 8.206358200311660767e+01 1.126141694188117981e+02 1.738454172015190125e+01 3.973736780881881714e+01 5.263826021850109100e+02 1.062820724964142073e+03 1.521136648952960968e+02 7.498281856030225754e+02 6.237479461729527230e+01 4.373842120170593262e+00 7.590443789958953857e+00 8.101357221603393555e-01 1.768397212028502974e+00 1.510432150959968922e+01 3.521779853105545044e+01 5.213549892604351044e+01 5.030053442716599221e+01 1.785622338950634003e+01 8.486725348234176636e+01 2.420741556435822872e+02 5.627129566073417664e+02 1.965268909931183083e+00 3.930207490921021063e-01 1.119130747020244954e+01 4.109700421988964081e+01 1.009932553768157959e+01 1.984605687856673839e+01 4.220247596502304077e+00 3.042855268716812134e+01 4.249819131195545197e+01 5.264983706176280975e+01 3.633907106518744712e+01 3.956894397735596147e+00 2.683700844645500183e+00 1.035506069660186990e+00 6.695391803979873657e+00 2.548238075077534006e+02 3.214025795459746870e+00 1.109330683439970016e+03 1.715304255485534890e+00 3.047785463929175975e+01 1.453443861007690074e+01 4.492668835818768258e+01 3.713703513145447221e+00 7.871654927730560303e-01 6.847764521837233609e+00 6.952190756797791416e+00 2.079490691423416138e+00 2.359186505973339081e+02 2.730839874893426895e+02 7.870725959539413452e+01 6.412289712131023407e+02 5.034968137741088867e+00 2.370684546232223866e+01 4.614306263327599140e+02 1.881442119479179098e+02 4.509877979755401611e+00 9.885375615954399109e+01 0.000000000000000000e+00 0.000000000000000000e+00 5.577960106730461121e+01 0.000000000000000000e+00 1.736952364444733021e+01 1.649745204001665115e+02 1.493715107440948042e+00 0.000000000000000000e+00
4.221055498719214683e+01 4.251903009414672852e+01 1.133202290534972967e+01 7.039539158344268799e+01 1.229173123240471028e+02 6.340847066044806724e+01 1.362149924039841054e+01 2.200583338141441061e+02 1.497737945616244986e+02 1.882360965013504028e+01 4.806681799888610840e+01 2.179370830357075022e+02 1.286270043075084914e+03 6.469906599760056451e+03 1.124211956194042978e+04 3.744154044985771179e+01 9.470702032744884491e+02 1.852553528428077925e+03 8.687865346670150757e+02 6.152089378535747528e+02 2.842281554669142224e+03 2.366959531009196951e+02 1.770538056224585034e+03 5.688426738977432251e+02 2.019989773631095886e+01 2.628532606363296864e+01 5.877927970886229758e+01 4.876439303159713745e+00 2.290159854292869923e+01 1.154745160982012976e+03 1.025990471243857982e+01 7.671994304656982422e+01 7.978266409039497375e+01 2.865498003363608746e+02 9.275279915332794189e+01 2.679979884028434753e+02 3.882956734299659729e+01 3.929840581119061227e+01 3.843323707580565962e+00 7.140271425247192383e+00 3.750663194656372070e+02 6.956453472375869751e+00 1.371369700133801075e+02 8.160733625292778015e+00 1.010663828551768972e+02 5.459708124399185181e+01 1.129322316944599010e+02 5.862497955560684204e+01 1.198254974484443949e+02 4.304247868061065674e+01 1.416226005256175995e+02 1.269865541756152965e+02 7.518991827964782715e+00 1.158932302892207957e+02 4.854421371817588806e+02 0.000000000000000000e+00 2.406789089143275930e+02 1.511803293004631996e+03 6.256775617599487305e+00 3.208274888992310281e+01 9.569574123620986938e+01 1.016891735196114013e+02 5.101611462235450745e+01 9.489055876135826111e+02 2.418507423996924999e+01 3.617664900720118908e+02 7.495923638343811035e-01 7.853320926427841187e+00 9.263826608657836914e-01 1.521323144435883012e+00 5.932200670242309570e+00 3.157615658640861867e+01 4.978452861309052402e+00 3.112311291694641113e+01 1.038330325484275996e+01 0.000000000000000000e+00 1.077984094619750977e+00 6.589209437370300293e-01 0.000000000000000000e+00 5.603647500276566440e+00 9.272860363125801086e+00 3.775576588511466980e+01 1.788064301013946977e+00 1.452729195356369019e+00 6.607285618782042569e+00 2.227683821320534108e+01 8.936797344684600830e+01 3.180777102708816972e+00 3.868828475475310835e+00 2.514326959848403931e+00 6.191828042268753052e+00 2.627975046634674072e+00 7.144478321075438565e+00 1.693780007958412170e+01 1.520431488752364890e+00 2.530317991971970049e+00 1.179306682944297968e+01 2.977264106273651123e+00 1.404606539011001942e+01 3.496098071336746216e+00 5.599205017089843750e+00 5.626997917890548706e+00 9.023727357387542725e+01 1.189583817124366938e+01 1.295211496800183966e+02 2.955102622509003241e-01 3.615874469280242920e+00 1.616230398416518943e+00 8.895500004291534424e+00 2.283423185348511186e+00 6.043478846549987793e-01 8.204587787389755249e+00 2.028852093219757080e+01 6.533832907676696777e+00 1.321064954996109009e+01 3.814829811453819275e+01 6.654269605875015259e+00 3.557035803794860840e+01 8.286074101924896240e-01 3.474924832582474199e+00 3.314467991590499878e+02 5.430310231149196625e+02 5.752009361982345581e+00 6.958542585372924805e+00 0.000000000000000000e+00 8.900296986103057861e-01 9.594993501901626587e+00 0.000000000000000000e+00 2.722282320261002031e+00 1.768834358453750966e+01 8.775096654891967773e+00 5.623664677143096924e+00
3.896260687708854675e+01 3.288614308834075928e+01 8.683967456221580505e+00 4.723880013823509216e+01 6.172205615043640137e+01 4.814967170357704163e+01 8.474782764911651611e+00 7.030306501686573029e+01 1.032294839471579024e+02 1.497659184038639069e+01 2.590368977189064026e+01 5.634189492464066262e+01 1.409904088377952860e+02 6.656782186925411224e+02 6.356003924906253815e+02 1.909863153100014088e+01 1.201028455495834066e+02 4.896787406802176861e+02 1.003063870966434052e+02 7.476226910948753357e+02 4.882342363148928257e+02 3.101345793008803753e+02 5.977324855461716652e+03 2.938561545014380840e+02 2.923969200253486989e+01 1.108607604056597040e+02 5.136803294718265533e+02 1.359826965361834027e+03 1.724873479008674906e+02 6.753383970409631729e+03 2.440009149610995962e+02 5.651671411097049713e+01 1.334046991169453023e+01 1.629545443207026096e+02 1.084661766305566061e+03 2.525315761268138885e+02 5.623171466588973999e+01 1.024462457001209081e+01 4.858776748180389404e+00 1.082774293422698975e+01 2.559687602072953894e+02 3.167641379982233047e+02 3.368872291624546051e+03 5.253062025159597397e+02 2.626360031202435039e+03 6.594515363857150078e+03 1.438235263869165919e+03 3.122809563308953784e+03 1.180277251303195953e+02 2.851863610744475750e+02 5.429017607867717743e+01 9.984914957731962204e+02 1.181057351827620927e+01 9.933447488248348236e+02 2.965411923676729202e+02 2.406789089143275930e+02 0.000000000000000000e+00 4.617834011495113373e+03 3.129158489704132080e+02 1.232102485835551988e+03 3.546768535375595093e+02 1.744334470272063982e+03 4.872174939498305321e+03 4.242400594413279578e+03 3.356626898676156998e+03 3.228474964037538030e+03 4.016407921910285950e+00 5.782532930374146396e+00 2.175911647081375122e+01 2.595406591892241988e+00 1.099348884820937933e+01 4.707450816035270691e+01 1.708858209848403931e+01 4.029254190623760223e+01 2.305793488025664928e+01 3.234932869672774824e+00 2.141063984483479885e+02 1.496159184873104095e+02 5.341619638204574585e+02 2.436356828063726141e+02 5.828369472920895333e+01 1.074967982485889934e+03 4.285237473249434714e+01 1.724481345713138936e+01 1.008696171194314957e+02 1.767517253011465073e+02 2.617411773502827259e+02 3.111078583449124835e+03 1.112200445562601089e+03 8.064291402697563171e+00 2.030951419472694042e+01 4.504592863619328114e+02 1.498317931592463879e+02 2.642948165565729141e+03 1.028685117065906951e+02 2.297151084244250896e+01 4.208646334707736969e+01 1.586468249261378958e+02 8.250999499559402466e+02 3.419748915135859875e+02 8.167410604208707809e+02 1.658333360627294041e+03 5.122996556758881326e+01 2.467718614012002945e+03 2.223129482567310049e+02 9.620496335625648499e+01 2.669870164990425110e+01 4.972725570201873779e+00 1.159259051084518077e+01 1.221065691113471985e+01 2.283381651043891907e+02 1.025318535625935056e+03 4.191985578194260597e+03 6.497930949181318283e+02 2.041014388203620911e+01 4.630964863300322776e+01 1.593287137150763932e+01 2.267351026833057119e+02 1.229103922843933105e+00 9.442624518275260925e+01 1.804620448350906088e+02 8.426943868398666382e+00 2.517642999902368047e+03 7.155730394124984741e+02 2.162210680246352865e+02 5.648199251294136047e+01 8.777209466695785522e+01 1.218545430302619934e+02 3.354213467687367825e+02 1.825256718546152115e+02 6.362132734358310699e+02 2.055856905132532120e+02
8.679130902886390686e+01 1.274020828306674957e+02 9.268665316700935364e+01 2.087605549395084097e+02 3.065487680733203888e+02 5.247698711156845093e+02 2.979190935194491985e+01 3.855884491056203842e+02 6.881293269097805023e+02 1.056469472348690033e+02 8.788367155194282532e+01 3.867455825507640839e+02 1.856647657990456082e+03 7.450479425519704819e+03 1.041329104994237059e+04 6.668875358998775482e+01 1.803485395699739001e+03 2.591443399250506900e+03 1.926691760882735025e+03 1.446330297455192067e+03 3.019375979200005986e+03 3.860083064734935760e+02 3.961286059349774860e+03 2.573901189431548119e+03 5.594031837582588196e+01 8.588146321475505829e+01 2.063935455381869986e+02 4.736397655308247323e+01 2.443330731391907022e+02 2.966522941902279854e+03 1.953405013680458069e+01 2.566658938974142075e+02 8.240961462259292603e+01 7.709710123687982559e+02 3.948376772552729221e+02 7.066637427955865860e+02 1.103817065507173965e+02 1.026768107861280015e+02 2.713392674922943115e+01 1.686986768245697021e+01 1.117354794964194070e+03 3.065775939822196960e+01 5.651609182357788086e+02 2.631381306052207947e+01 3.964376469850540161e+02 4.519009297788143158e+02 2.428774899840354919e+02 2.105970575809479044e+02 2.474852546006441116e+02 1.461409335136413858e+02 8.229050907343626022e+02 5.179639822199940681e+03 4.209989751875401254e+01 3.578093810826539993e+02 1.361189256623387109e+03 1.511803293004631996e+03 4.617834011495113373e+03 0.000000000000000000e+00 3.006024599075316939e+00 1.326690956950188038e+01 5.374298290610313416e+02 6.645311355590820312e+00 1.025230624228716039e+02 7.316854648739099503e+02 2.008518881499767019e+02 1.384015746787189983e+03 9.003940445184707642e+01 1.612712780386208919e+02 2.627866053581238148e+01 9.277710187435150146e+01 1.002144731700420039e+03 1.494662691459059943e+03 2.917512293756008148e+02 1.286433743163943063e+03 3.546171935647726059e+02 2.721545202285050777e+02 3.279394444376230240e+02 2.619612595289946171e+02 3.089653729498385815e+02 1.122542597219347954e+03 3.679461707770823864e+02 3.937145005971192859e+03 4.714721405506134033e+01 4.394679950028657913e+02 6.655580322295427322e+02 5.056318288743495941e+02 1.545989994719624974e+03 2.575539987087249756e+02 1.455448815971612930e+02 9.806284321844577789e+01 8.977171957939863205e+02 6.346985964477062225e+01 4.513353999704123112e+02 2.572308244556189152e+02 1.381088605523109081e+01 1.107542456537484981e+02 5.085790119171143147e+02 7.490772551298141479e+01 8.703378881514072418e+01 4.930447901785373688e+01 5.829265832901000977e+01 7.200296883285045624e+01 3.025130099803208736e+02 1.122074415981769988e+02 1.211845900818706014e+03 1.947219491004943848e+01 1.158635666370391988e+02 5.322734427452086692e+01 2.538884820938110067e+02 1.439460881054401042e+01 3.136354549229145050e+01 6.842016404867172241e+01 2.321321441233158112e+02 3.203445340692996979e+01 1.966758246272802069e+02 1.628700343221426010e+02 8.955998870730400085e+01 5.191200998276472092e+02 7.119229629635810852e+00 1.806677456200122833e+01 2.777416267096995739e+02 1.148043672144412994e+02 1.088192687928677032e+02 1.682276039272547052e+02 0.000000000000000000e+00 5.100922077894210815e+00 8.228185133635997772e+01 3.590522110462189276e-01 3.062830069661140087e+01 3.723457668423653217e+02 5.205086752772331238e+01 1.080612021684646962e+01
6.830705648660659790e+01 1.568910092115402000e+00 8.457944393157958984e-01 0.000000000000000000e+00 4.851557314395905096e-01 2.149285855889320018e+01 0.000000000000000000e+00 0.000000000000000000e+00 9.574148058891296387e-01 2.786478400230408270e-01 0.000000000000000000e+00 0.000000000000000000e+00 0.000000000000000000e+00 0.000000000000000000e+00 1.479960536956786932e+01 1.517289668321609053e+00 0.000000000000000000e+00 5.836719870567321777e-01 0.000000000000000000e+00 3.362175971269607988e+00 6.571629643440246582e-01 0.000000000000000000e+00 0.000000000000000000e+00 0.000000000000000000e+00 0.000000000000000000e+00 0.000000000000000000e+00 0.000000000000000000e+00 1.954532113373280026e+03 1.672874756753444956e+02 0.000000000000000000e+00 2.365355702638626099e+02 3.989169180393218994e+01 0.000000000000000000e+00 0.000000000000000000e+00 0.000000000000000000e+00 1.603738725185394065e+00 5.188599506914615631e+02 0.000000000000000000e+00 0.000000000000000000e+00 0.000000000000000000e+00 0.000000000000000000e+00 0.000000000000000000e+00 0.000000000000000000e+00 8.662006427049636841e+02 1.085997819900512917e+00 5.228931248188018799e+00 0.000000000000000000e+00 0.000000000000000000e+00 4.723928370773792267e+02 3.222441771626471905e+02 6.697581678628922397e+00 5.840618848800659180e+00 2.589255213737488148e+01 5.963689225912094116e+01 2.049690783023833784e+00 6.256775617599487305e+00 3.129158489704132080e+02 3.006024599075316939e+00 0.000000000000000000e+00 9.165307402610778809e+01 0.000000000000000000e+00 4.265867286920546775e+01 1.035127722322941054e+03 2.661396792531013133e+01 1.081106554269790934e+02 0.000000000000000000e+00 0.000000000000000000e+00 0.000000000000000000e+00 0.000000000000000000e+00 0.000000000000000000e+00 0.000000000000000000e+00 4.527826607227324884e-01 0.000000000000000000e+00 0.000000000000000000e+00 0.000000000000000000e+00 0.000000000000000000e+00 0.000000000000000000e+00 0.000000000000000000e+00 0.000000000000000000e+00 0.000000000000000000e+00 0.000000000000000000e+00 0.000000000000000000e+00 0.000000000000000000e+00 0.000000000000000000e+00 0.000000000000000000e+00 3.477339744567871094e-01 3.711892664432526190e-01 0.000000000000000000e+00 0.000000000000000000e+00 0.000000000000000000e+00 0.000000000000000000e+00 0.000000000000000000e+00 0.000000000000000000e+00 0.000000000000000000e+00 3.363300412893294844e+00 1.682173848152161089e+00 0.000000000000000000e+00 0.000000000000000000e+00 0.000000000000000000e+00 0.000000000000000000e+00 0.000000000000000000e+00 0.000000000000000000e+00 1.449558466672896895e+00 6.820881962776184082e-01 0.000000000000000000e+00 0.000000000000000000e+00 0.000000000000000000e+00 0.000000000000000000e+00 3.494525253772736151e-01 0.000000000000000000e+00 0.000000000000000000e+00 1.354668638110161005e+01 0.000000000000000000e+00 0.000000000000000000e+00 0.000000000000000000e+00 0.000000000000000000e+00 0.000000000000000000e+00 1.596092045307158980e+00 0.000000000000000000e+00 1.963979458808898926e+01 0.000000000000000000e+00 8.869432210922241211e-01 2.073591840267181041e+01 0.000000000000000000e+00 7.494376599788665771e+01 1.003729212284087957e+01 2.476265788078308105e+00 2.339717912673949840e+01 4.389933443069458008e+01 1.228175401687622070e+00 7.394297122955322266e+00 0.000000000000000000e+00
3.813567975163459778e+01 4.361220717430114746e+00 2.406525582075119019e+00 7.299067974090576172e-01 2.396891891956328902e+00 8.177823469042778015e+00 0.000000000000000000e+00 6.889311969280242920e-01 3.836682140827178955e-01 9.251951575279235840e-01 9.650784432888031006e-01 0.000000000000000000e+00 0.000000000000000000e+00 3.112060725688933771e-01 9.043717086315155029e+00 3.588275313377379816e-01 0.000000000000000000e+00 1.475913822650908980e+00 0.000000000000000000e+00 1.649967303872108104e+01 2.250932484865189043e+00 0.000000000000000000e+00 0.000000000000000000e+00 0.000000000000000000e+00 2.829335406422615051e+01 1.527029776573180975e+01 1.735613816976546886e+01 7.270852332711219788e+02 5.721864506602287292e+01 7.489376515150070190e+00 1.812160894721745990e+03 2.359300661087036133e+01 2.327354311943054199e+00 0.000000000000000000e+00 2.350960582494736073e+01 5.583851635456085205e+00 2.343575928807258890e+02 7.221534311771392822e+00 0.000000000000000000e+00 0.000000000000000000e+00 0.000000000000000000e+00 4.115154355764389038e+01 1.203800466358661936e+02 1.294571655318140984e+03 1.357448562651873090e+03 5.412107139825820923e+02 5.050981640815734863e-01 1.184663498401642023e+01 2.558441515117883966e+02 1.423644729852676107e+02 7.158074453473091125e+00 1.484633177518845049e+00 4.613957664370536804e+01 0.000000000000000000e+00 8.765985965728759766e-01 3.208274888992310281e+01 1.232102485835551988e+03 1.326690956950188038e+01 9.165307402610778809e+01 0.000000000000000000e+00 0.000000000000000000e+00 1.236078262329102007e+00 9.104238213300704956e+02 4.179428488016129428e+00 8.082392233908176422e+02 3.204737243056297302e+01 0.000000000000000000e+00 2.997832894325255793e-01 0.000000000000000000e+00 0.000000000000000000e+00 0.000000000000000000e+00 1.378846645355225053e+00 0.000000000000000000e+00 0.000000000000000000e+00 0.000000000000000000e+00 0.000000000000000000e+00 0.000000000000000000e+00 0.000000000000000000e+00 0.000000000000000000e+00 2.076535552740097046e+00 0.000000000000000000e+00 8.645603954792022705e-01 0.000000000000000000e+00 0.000000000000000000e+00 7.629013657569885254e-01 0.000000000000000000e+00 6.483547091484069824e-01 5.810600817203521729e-01 0.000000000000000000e+00 0.000000000000000000e+00 0.000000000000000000e+00 0.000000000000000000e+00 3.334192931652069092e+00 1.496289670467377064e+01 1.021903835028409958e+03 0.000000000000000000e+00 0.000000000000000000e+00 0.000000000000000000e+00 1.584228855073451996e+02 1.921625377237797139e+01 1.748331370949744823e+01 5.125730410218238831e+00 2.072931557893753052e+00 7.754664087295532227e+01 4.409287214279174805e+00 0.000000000000000000e+00 0.000000000000000000e+00 0.000000000000000000e+00 0.000000000000000000e+00 1.219780093431472956e+01 7.211387753486633301e+00 1.328243350327014923e+03 1.971601555645466135e+02 1.072909995913506087e+01 3.350243866443634033e-01 5.717882603406906128e+00 0.000000000000000000e+00 0.000000000000000000e+00 0.000000000000000000e+00 0.000000000000000000e+00 0.000000000000000000e+00 0.000000000000000000e+00 3.013627523183822987e+01 0.000000000000000000e+00 1.925010145902633951e+02 2.534629964828490927e+02 0.000000000000000000e+00 2.131282508373260054e+00 2.672596412599086761e+02 2.130860090255737027e-01 1.060888847708701945e+02 7.412920683622360229e+00
5.319020479917526245e+01 7.068367540836334229e+00 0.000000000000000000e+00 1.767472055554389954e+01 1.505006253719330012e+01 7.423373401165009433e+00 1.378603756427764893e+00 2.953586605191231129e+01 1.767274603247642872e+01 2.174422976374626160e+01 3.616745349764823914e+01 4.632539234459400177e+02 7.310839125812053680e+02 3.372218822240829013e+03 3.908682397842407227e+03 2.761776685714722035e+01 1.061646939814091013e+02 3.414524966180325123e+02 6.008079713582993264e+01 1.616731340885162069e+02 5.994767251312732697e+02 5.454151199460029602e+02 2.504658617168664932e+03 3.680327653884887695e+01 4.848603039979934692e+00 1.804990485310554860e+01 4.015136301517486572e+00 3.855395376682281050e+00 1.083205115795134965e+01 1.445783631742001035e+03 3.255765626728535267e+02 1.299623692035675049e+01 7.764085987210273743e+01 6.205307397246360779e+01 1.573226776719092967e+01 2.636298230290412903e+01 4.637053877115249634e+00 2.903308665752410889e+01 1.155470624566078008e+01 5.695729315280914307e+00 1.285215319395065023e+02 3.783363401889801025e-01 1.209889084100722911e+01 2.335747823119163957e+00 1.872883528470993042e+01 9.118776169419288635e+01 1.704398753643035889e+02 1.873117384016514109e+02 8.646978050470352173e+00 1.364168196916579978e+00 1.807095893502234958e+03 8.929474598169326782e+01 0.000000000000000000e+00 3.556448422491549991e+03 3.823802626132965088e+01 9.569574123620986938e+01 3.546768535375595093e+02 5.374298290610313416e+02 0.000000000000000000e+00 0.000000000000000000e+00 0.000000000000000000e+00 4.102340447008609772e+02 2.803056836128234863e+00 2.582996541798114777e+03 2.706311464309691939e+00 1.712009448707104013e+02 1.434758573770523071e+00 2.828296422958374023e+00 4.263927936553955078e-01 7.250751852989196777e-01 0.000000000000000000e+00 2.139358818531035933e+00 0.000000000000000000e+00 3.861658781766891035e+00 7.786355316638946533e-01 0.000000000000000000e+00 0.000000000000000000e+00 0.000000000000000000e+00 9.721865057945251465e-01 2.956592440605164129e-01 6.428522467613220215e-01 3.290910840034484863e+00 0.000000000000000000e+00 0.000000000000000000e+00 0.000000000000000000e+00 1.092931687831879106e+00 5.747794747352600098e+00 3.499269485473632812e-01 4.370879858732224399e+00 7.458774149417877197e-01 0.000000000000000000e+00 3.029172420501708984e-01 8.857152163982391357e-01 2.146800178289413097e+01 7.429822403192520142e+01 0.000000000000000000e+00 1.385071933269500954e+00 0.000000000000000000e+00 2.632177025079727173e+00 0.000000000000000000e+00 1.396865814924239890e+00 6.637211948633193970e+00 5.917402565479278564e+00 1.455804169178009033e+00 9.249230071902275085e+00 0.000000000000000000e+00 2.778151035308837891e-01 9.056182801723480225e-01 3.153767585754395086e-01 0.000000000000000000e+00 0.000000000000000000e+00 3.221109151840209961e+00 9.386056065559387207e+00 6.322482377290725708e+00 0.000000000000000000e+00 8.950540125370025635e-01 1.635449647903441939e+00 1.400406217575073065e+01 0.000000000000000000e+00 2.294123518466949108e+01 4.073219716548919678e+00 2.046188861131668091e+00 3.763612210750579834e+00 2.768397688865662065e+00 0.000000000000000000e+00 0.000000000000000000e+00 5.920608282089233398e+00 4.552467137575150424e+00 1.595212936401366965e+00 2.492624044418334961e+00 2.855555921792984009e+00 1.596022337675095049e+00
4.154593259096145630e+00 8.815246522426605225e-01 0.000000000000000000e+00 1.461243152618407981e+00 8.010906279087066650e-01 5.365234017372131348e-01 4.088156819343566895e-01 0.000000000000000000e+00 3.285371243953704834e+00 5.287466645240783691e-01 0.000000000000000000e+00 0.000000000000000000e+00 0.000000000000000000e+00 3.281259238719940186e+00 1.001416069269179943e+01 0.000000000000000000e+00 3.722658753395081122e-01 5.223536431789398193e+00 0.000000000000000000e+00 2.134683173894881847e+01 5.674616903066635132e+00 5.291895866394042969e+00 1.396635489463805868e+02 1.519167065620421919e+00 3.024705946445465088e-01 5.458287358283996582e+00 2.350447678565979004e+01 8.454987061023712158e+01 1.406820201873778942e+01 1.838626596927643106e+02 9.045500373840332031e+01 1.324062007665633978e+01 0.000000000000000000e+00 9.061760902404785156e-01 2.922831803560256958e+01 7.305817887187004089e+00 1.983851462602614912e+00 0.000000000000000000e+00 0.000000000000000000e+00 0.000000000000000000e+00 0.000000000000000000e+00 2.142699790000915883e+01 1.533613472878932953e+02 3.734737843275070190e+01 1.211950738430023051e+02 5.240348724424839020e+02 1.038109080791472962e+02 1.955889263153075888e+02 1.994581252336502075e+00 2.304760780930519104e+01 1.699546328186989115e+02 9.213691353797912598e-01 2.567182266712189076e+01 1.026227555215358962e+03 1.284943699836730957e+00 1.016891735196114013e+02 1.744334470272063982e+03 6.645311355590820312e+00 4.265867286920546775e+01 1.236078262329102007e+00 4.102340447008609772e+02 0.000000000000000000e+00 1.814334720224142075e+03 8.816578378379344940e+02 1.551180034875869929e+01 9.257434678077697754e+01 1.007932305335998979e+00 0.000000000000000000e+00 0.000000000000000000e+00 0.000000000000000000e+00 0.000000000000000000e+00 1.786453723907470925e+00 0.000000000000000000e+00 1.318187594413757102e+00 0.000000000000000000e+00 0.000000000000000000e+00 0.000000000000000000e+00 0.000000000000000000e+00 0.000000000000000000e+00 2.313137054443358931e+00 3.556833267211914062e-01 2.245681405067443848e+00 3.024074137210845947e-01 3.131193220615386963e-01 0.000000000000000000e+00 0.000000000000000000e+00 1.361376285552978960e+00 5.468101859092712402e+00 6.811422407627105713e-01 0.000000000000000000e+00 0.000000000000000000e+00 9.335594475269317627e+00 4.974873065948485773e-01 1.644563916325569153e+01 7.597789227962493896e+00 0.000000000000000000e+00 0.000000000000000000e+00 8.671720027923583984e-01 1.944129121303557994e+01 4.079700440168380737e+00 2.333416581153869984e+01 1.473885136842728016e+01 3.513441085815430243e-01 9.414103230834007263e+01 0.000000000000000000e+00 6.523717641830444336e-01 0.000000000000000000e+00 0.000000000000000000e+00 0.000000000000000000e+00 6.905807852745056152e-01 6.221665024757385254e+00 3.206453916430473328e+01 1.538391713798046112e+02 1.738443377614020946e+01 0.000000000000000000e+00 0.000000000000000000e+00 1.514552474021912065e+00 1.714956820011138916e+00 0.000000000000000000e+00 4.380084872245789129e-01 9.669792056083679199e-01 7.376934885978698730e-01 2.453469672799110057e+01 2.904766917228699175e+00 3.283051013946533203e+00 2.878592580556869951e+00 1.311595767736434937e+00 6.547857552766799927e+00 5.710899144411087036e+00 2.579652369022368941e+00 1.756402000784873962e+01 1.004411427676678059e+01
1.164894925206900069e+02 5.558185742795467377e+02 1.594535848200320913e+02 3.912813100814818768e+02 4.367694510817527771e+02 3.121762755066155819e+02 1.443668204993010136e+02 2.951795166283845901e+02 2.406198730915785120e+02 4.048838102817534690e+01 3.363755092024803162e+01 1.295917177200317028e+01 2.736991345882416216e+00 2.159142297506332042e+01 3.886361494660378213e+01 9.713726602494716644e+01 0.000000000000000000e+00 1.549209754914045050e+02 1.121812105178833008e+01 2.453060765862464905e+02 4.985650753974915261e+01 9.726814527809619904e+01 2.010825535953044891e+02 3.897943137586116791e+01 9.402232591211795807e+02 3.615297616869211197e+02 5.990338795036077499e+02 1.058565000325440906e+03 1.414699307382107065e+02 2.090957351326941875e+02 5.492296980977058411e+03 1.550325820714235078e+03 9.161244280636310577e+01 2.479938894510269165e+01 1.011777701541780971e+03 1.333799315690993978e+02 9.670624050498008728e+01 7.788576756864786148e+02 1.213025712966918945e+01 3.328898388147354126e+01 2.011624085903168009e+02 1.792635007277131081e+03 7.264770987108349800e+03 1.530318830758332979e+03 9.389477181166410446e+03 7.270112586989998817e+03 2.742732577472925186e+02 1.029793206185102008e+03 1.537378054410218908e+02 3.023276984542608261e+02 1.806649892032146099e+01 4.643774357438086753e+01 2.830219929352403142e+03 4.564372475594282150e+02 1.714132463485003086e+02 5.101611462235450745e+01 4.872174939498305321e+03 1.025230624228716039e+02 1.035127722322941054e+03 9.104238213300704956e+02 2.803056836128234863e+00 1.814334720224142075e+03 0.000000000000000000e+00 7.497340797781944275e+02 7.530922273993492126e+02 4.332303188443183899e+02 4.780123621225357056e+00 1.202794617414473954e+01 2.858185052871704102e+00 2.944652348756790161e+00 3.158299720287322998e+01 1.243461320251225999e+02 2.616755922138690948e+01 8.540076097846031189e+01 1.593364095687866033e+01 1.643474817276000977e+00 0.000000000000000000e+00 0.000000000000000000e+00 0.000000000000000000e+00 1.333655744791031106e+00 1.427623914182185949e+01 1.303912021219730022e+01 8.142974346876144409e+00 1.747810572385787964e+00 2.300597953796387074e+01 7.788387432694435120e+01 1.665860855877398876e+02 3.411691486835479736e+01 6.266580045223236084e+00 4.757320910692214966e+00 1.232778716087340953e+01 1.391899265944958017e+02 3.214751730859280343e+01 1.275902980864048004e+02 1.690518406033515930e+02 4.825113192200660706e+00 8.216740816831588745e+00 1.098896956443786976e+01 9.218707379698753357e+02 1.684697660654782965e+02 4.483208410739899250e+02 1.835537960678339005e+02 5.819510561227797751e+01 1.487416018605232011e+03 3.261476487964392277e+02 2.386269420385361162e+00 3.898130536079407182e+00 4.908259749412536621e+00 1.811473083496094105e+01 2.315825629234313965e+01 1.357671473473309902e+02 1.400353150784969102e+03 2.514925504341721989e+03 1.988406350314616873e+02 3.562647289037703757e+01 5.999736651778221130e+01 1.125239418447018025e+01 1.516345738321543024e+02 3.383383780717850176e+00 5.730593043565750122e+01 8.882503648102283478e+01 1.744082251191138866e+01 4.206813524663447765e+02 2.971799647808074951e+01 1.481278051733970926e+02 8.228910949826240540e+01 2.553071181476115825e+01 4.938357877731323242e+01 2.415565117895602896e+02 5.163146761059761047e+01 5.151367918998003006e+02 1.357028073072432903e+02
3.235721719861031147e+02 7.162280715107917786e+02 1.346447023153305054e+02 1.291259795084595908e+03 1.436674634099007108e+03 6.548509296327829361e+02 3.106645515859127045e+02 1.978021615281701088e+03 1.308383564323187102e+03 1.174801331028342020e+03 1.092125647842884064e+03 3.586056436687707901e+03 2.839642685502768018e+03 1.126672065371274948e+04 1.114683908647298995e+04 4.419313000589609146e+02 1.525505669057369005e+03 5.333107488393783569e+03 1.205985923647881009e+03 9.970623519122600555e+02 5.974444348245859146e+03 2.737414375126361847e+03 8.538615190684795380e+03 1.011288893133401984e+03 8.273140234500169754e+02 1.011949154958129043e+03 1.963592068254947947e+02 1.378073705136775970e+02 6.099643111228942871e+01 3.881352307170629956e+03 4.934624814987183328e+01 8.475379359126091003e+02 1.292438357099890936e+03 8.245849666595458984e+02 2.171016612648963928e+02 6.247044401466846466e+02 6.596378140151500702e+01 1.113593141615391005e+03 4.240312677621840862e+02 1.904546666890383051e+02 2.615081644102931023e+03 3.064727969616652103e+02 3.708678339719771770e+02 5.818549561500549316e+01 3.063279766291379929e+02 1.558503454491496086e+03 1.752690860003232956e+03 1.891241551518440019e+03 3.482037828117609024e+02 1.428509624898433970e+02 8.038034709393978119e+02 3.734041769504547119e+02 4.701566545665264130e+01 3.809654967784882160e+02 6.376950630992650986e+02 9.489055876135826111e+02 4.242400594413279578e+03 7.316854648739099503e+02 2.661396792531013133e+01 4.179428488016129428e+00 2.582996541798114777e+03 8.816578378379344940e+02 7.497340797781944275e+02 0.000000000000000000e+00 2.618365474045276997e+01 9.345314954817295074e+02 8.080052465200424194e+00 2.627780303359032033e+01 6.806439638137817383e+00 1.043408733606339034e+01 5.362358805537223816e+01 2.212502651512623117e+02 3.942099884152411704e+01 1.710136334002017975e+02 4.000916936993598938e+01 2.887802958488463911e+00 2.620272070169448853e+00 4.395160973072052002e-01 2.196650266647338867e+00 1.346022512018680928e+01 2.301701554656029103e+01 4.534579904377459769e+01 1.760665252804756165e+01 6.185779422521591187e+00 4.288206776976584678e+01 1.128473683446646021e+02 3.064145561903715134e+02 2.873982504010200856e+01 1.582702799141407013e+01 3.990301400423049927e+00 2.690212590992451069e+01 4.879408149421215057e+01 2.226758280396461132e+01 1.841675622016190914e+02 1.364003583788871943e+01 8.802733585238456726e+00 2.434572346508502960e+01 1.215122857689856950e+01 3.411905422806739807e+01 1.476664537191390991e+01 3.315737417340279336e+01 1.393521361798048019e+02 1.528286905884743021e+02 2.008653583228588104e+02 5.259153625965118408e+02 2.452534854412078857e+00 1.329094450175761999e+01 1.084825561940670013e+01 2.762605355679988861e+01 8.352823257446289062e-01 1.251634313166142043e+01 3.942604452371597290e+01 2.214569433927536011e+02 1.008982568830251978e+02 8.236171528697013855e+01 1.396874049603939056e+02 2.558482074737548828e+01 1.868594993054867075e+02 0.000000000000000000e+00 1.208643242716789068e+01 1.359999554306268976e+02 3.508914500474929810e+01 5.444753241539000754e+01 2.686034899950027111e+01 2.555366992950439009e+00 5.610609412193298340e+00 2.857657431066035869e+01 4.230932027101516724e+00 1.610635611414909008e+01 8.706135597825050354e+01 2.564735388755797985e+01 1.218663075566291987e+01
1.112072914838791071e+01 2.161346822977066040e+00 2.103408336639403853e+00 1.069224849343300088e+00 1.239716649055480957e+00 3.013501554727553877e+00 3.711907535791397095e+00 1.295522242784499900e+00 6.640616655349731445e-01 1.359631991982460022e+02 1.143968883156776073e+01 2.082168287038803101e+01 1.349129024147987010e+01 5.999581634998322244e+01 4.885862702131270652e+01 5.893173012137413025e+01 1.063336107134819031e+01 2.935954053699969890e+01 3.345204013586044312e+01 1.093413433432579041e+02 3.794787797331809998e+01 6.107671037614345551e+02 8.407765498757362366e+01 3.426925952881575199e+02 7.241934981942176819e+01 6.893448561429977417e+02 2.535317436471581004e+03 8.937082295417785645e+02 1.477977286428213120e+02 1.399646814614534094e+02 1.433993380069732950e+02 3.263555830717086792e+01 1.369197998493910120e+02 1.246970354616641998e+02 7.026698493286967278e+03 4.699454557895659690e+01 8.111599881947040558e+01 6.843022222816944122e+01 5.401249644160270691e+01 6.240045593678951263e+01 2.023579017221927927e+02 6.887998699843883514e+02 1.412811290258168992e+04 1.101550518676639058e+03 3.579713939890265010e+03 6.515035805553197861e+03 3.476557025015354156e+02 1.724420823812484969e+03 7.149774144589900970e+01 2.563795957714319229e+02 1.515455517172813060e+01 1.934802681207657082e+00 1.587147393822669983e+01 7.027147442102432251e+00 4.435443401336669922e+00 2.418507423996924999e+01 3.356626898676156998e+03 2.008518881499767019e+02 1.081106554269790934e+02 8.082392233908176422e+02 2.706311464309691939e+00 1.551180034875869929e+01 7.530922273993492126e+02 2.618365474045276997e+01 0.000000000000000000e+00 1.024576563879847981e+03 2.760580047965050188e+00 2.258504211902617964e+00 2.560115486383438110e+00 1.186316311359405962e+00 0.000000000000000000e+00 3.788066893815993819e+00 1.309405505657196045e+00 1.331420838832855003e+00 4.026390194892883301e+00 0.000000000000000000e+00 2.647756576538085938e+00 7.300719916820526123e-01 0.000000000000000000e+00 2.771152183413505998e+00 4.026031196117401123e-01 9.017241477966308594e+00 8.377699553966522217e-01 4.967230111360549927e-01 3.520069077610969988e+00 3.983416423201560974e+00 2.257499933242797852e+01 6.778430406749248505e+01 6.050127834081649780e+00 5.398928374052047729e-01 9.983978420495986938e-01 1.622729353308677958e+02 4.107518258690834045e+01 1.002610257714986943e+02 1.301340453773736954e+03 3.726370245218276978e+00 3.111161068081856218e+00 6.711611136794090271e+00 1.689106193125247955e+03 2.643855641633272171e+02 3.613002264052628902e+02 2.659833960235118866e+02 8.601993173360824585e+00 5.252125532776117325e+02 3.681248584389687295e+01 4.956077590584754944e+00 4.530004635453224182e+00 1.189441233873367088e+00 1.139588668942451033e+00 1.389878433495759964e+02 2.853177320957183838e+02 2.399591717958449863e+03 1.585070964068173907e+03 2.132091619521378902e+02 3.748397111892700195e+00 3.318610994517803192e+01 3.825623989105225164e-01 1.914136797189712969e+00 3.685651212930678877e+00 5.944275856018066406e-01 7.995114624500274658e-01 2.401789784431457964e+00 1.739236562252044962e+02 1.015220668911934077e+01 6.547156367301940918e+02 7.107701375484466553e+02 0.000000000000000000e+00 1.337066015601157964e+01 6.851050204187631607e+02 1.186617767810822066e+01 4.106060791462659836e+02 7.826934225857257843e+01
2.774982362985610962e+00 0.000000000000000000e+00 0.000000000000000000e+00 0.000000000000000000e+00 0.000000000000000000e+00 2.488501071929931918e-01 9.859623312950134277e-01 2.532527029514313188e+00 1.704237639904021995e+00 5.969883088767529244e+01 9.054055780172348022e+00 2.491444162130356119e+02 5.600982950329780579e+02 2.790984224081038860e+02 2.235154560506344126e+02 1.220834651589394042e+02 1.949430832266807911e+01 7.516206642985343933e+01 7.560633355379104614e+01 2.878590098917484283e+02 1.209346112608910033e+02 1.175623196612297943e+04 2.759115659594535828e+03 2.562758268713951111e+02 5.981060457229614258e+01 2.350560709819198109e+03 2.781058274224400975e+03 3.771123342663050266e+02 1.250566019117832042e+02 1.097484443753957976e+03 8.138197332620620728e+00 4.241673469543457031e+01 2.258154509216547012e+02 2.675499603748322102e+02 8.489213537529110909e+03 7.116748216748237610e+01 1.421409429609776076e+01 4.295742897689341788e+01 7.015798975527286530e+01 1.246302722245454930e+02 4.481011786758900257e+02 1.977993297278881073e+02 6.357123285770416260e+03 9.924796617031097412e+01 9.488088108152151108e+02 2.754459252372384071e+03 9.755244934543967247e+03 4.151409328788518906e+03 1.345225244760512950e+01 1.828951853662728979e+02 8.770959505438804626e+01 1.662880152463912964e+00 1.252025038003921953e+00 5.173622056841850281e+01 2.084388577938079834e+01 3.617664900720118908e+02 3.228474964037538030e+03 1.384015746787189983e+03 0.000000000000000000e+00 3.204737243056297302e+01 1.712009448707104013e+02 9.257434678077697754e+01 4.332303188443183899e+02 9.345314954817295074e+02 1.024576563879847981e+03 0.000000000000000000e+00 2.972379326820374090e-01 3.709826573729515076e+00 7.047587186098098755e+00 9.207089841365814209e-01 0.000000000000000000e+00 0.000000000000000000e+00 2.717846274375915971e+00 6.030314385890960693e+00 5.086842775344848633e-01 0.000000000000000000e+00 2.154239714145660045e+01 1.579898744821548018e+00 4.135052293539047241e+00 1.066363662481307983e+01 6.489333063364028931e+00 2.979679013788700104e+01 1.487178808450699030e+01 1.000043869018554910e+00 1.359723107516765950e+01 3.967989440262317657e+01 6.575476495921611786e+01 2.557671929150820063e+02 9.931133764982223511e+01 1.042205154895782027e+00 8.923026025295257568e-01 4.205178416818379787e+02 5.878166654706001282e+01 1.150950727730989001e+03 2.467294205725193024e+01 3.929860204458237138e+00 7.850967392325401306e+00 4.145026305317878723e+01 3.300613435059785843e+02 1.155206341594458053e+02 2.787622820734977722e+02 1.197808062493800890e+03 6.083048239350318909e+00 5.254684858620166779e+02 5.748948261141777039e+01 2.134998744726181030e+01 3.499736040830612183e+00 0.000000000000000000e+00 2.403133273124694824e+00 1.137840250134468079e+01 8.568005035817623138e+01 3.478523339033126831e+02 1.366862289458513033e+03 7.571181152015924454e+02 1.027182966470717940e+00 1.419104048609733937e+01 3.547803759574890137e-01 7.759739458560943604e-01 5.495437085628509521e-01 6.189407408237457275e-01 1.171945333480834961e+00 8.995861113071441650e-01 4.680916955918074223e+02 4.480694527924060822e+01 0.000000000000000000e+00 1.449888360500336049e+01 1.088452491164206926e+01 2.914752015471458080e+01 1.067613156884908960e+02 1.502613371163606928e+02 2.269938058555125906e+02 6.069687877595424652e+01
1.116407141089439037e+01 2.293820652365684865e+01 1.837750637531280873e+01 1.794683828949927928e+01 3.851329702138900757e+01 1.183858016729355001e+02 1.099431815743445995e+01 6.778280559182167053e+01 1.405261722505092905e+02 4.439563155174254816e-01 0.000000000000000000e+00 0.000000000000000000e+00 0.000000000000000000e+00 0.000000000000000000e+00 2.071369588375091997e+00 4.276339143514633179e+00 0.000000000000000000e+00 3.953973335027694702e+01 4.422608017921447754e-01 5.599617689847946167e+00 2.841719985008240190e+00 1.696357339620589988e+00 1.364475220441818015e+00 0.000000000000000000e+00 1.156386214494705023e+01 1.518691241741179976e+00 1.538612723350524902e+00 0.000000000000000000e+00 3.606480062007904053e-01 8.059755176305770874e+00 1.536005780100821916e+01 5.339929938316345215e+00 1.583727508783340010e+00 1.251440525054932085e+00 1.773448884487152100e+00 2.365831723809241893e+01 0.000000000000000000e+00 1.717032104730606079e+00 0.000000000000000000e+00 0.000000000000000000e+00 1.184327897429466070e+01 3.698869347572327215e-01 8.983987569808959961e-01 1.466639071702956931e+00 6.164165735244750977e-01 1.499866634607315063e+00 4.593522161245346069e+00 1.909906968474387901e+00 2.796577453613280895e+01 1.321944084763526917e+01 8.361058473587036133e+00 1.112761018872261047e+02 5.243682891130447388e+00 1.977539050579071045e+01 8.206358200311660767e+01 7.495923638343811035e-01 4.016407921910285950e+00 9.003940445184707642e+01 0.000000000000000000e+00 0.000000000000000000e+00 1.434758573770523071e+00 1.007932305335998979e+00 4.780123621225357056e+00 8.080052465200424194e+00 2.760580047965050188e+00 2.972379326820374090e-01 0.000000000000000000e+00 2.703695770114659808e+03 7.182885735437273979e+03 2.522201285362243937e+02 6.468440375924110413e+02 2.403841946229339101e+03 2.553384442940353892e+03 1.323807471781969070e+03 1.312098535299300863e+02 4.558817446231842041e-01 0.000000000000000000e+00 5.805208295583724976e+00 1.643827641010284069e+01 7.002333402633666992e+00 3.833434939384460005e+00 1.762662404775619862e+01 2.369092932671308972e+03 0.000000000000000000e+00 3.741788685321807861e+01 5.130581352412700653e+02 4.500876250863075256e+01 4.526929312944412231e+01 1.055764800310135065e+01 6.363541671633719687e+01 8.953293949365615845e+00 6.766729569435119629e+01 1.297733932733535989e+00 2.539752578735351918e+01 1.530076701641083048e+02 6.524885799556970596e+03 1.090760192275046947e+01 4.399618312120438191e+02 1.641280772984027863e+02 3.513659070432186127e+01 2.633103718608617783e+02 2.284239036440849020e+02 1.188728783726692058e+02 1.861609831154345898e+02 1.064266759932040941e+03 1.353542199134826944e+02 2.140454499870538996e+02 1.509544144272803976e+02 1.549105311334132864e+02 2.604623422026633861e+01 8.838151037693023682e+00 6.453446131944656372e+01 5.979525320231915231e+01 5.514101257920265198e+01 1.186384617745876085e+03 4.246249589025974274e+02 1.668012679249048006e+03 2.210440056532620929e+03 8.471671718358993530e+01 2.367880114912987040e+02 3.252349435389041901e+02 8.429786056280136108e+01 1.313474962115287958e+01 1.770364258885383890e+02 0.000000000000000000e+00 4.100965559482573908e-01 1.381634545326232910e+02 7.136723548173904419e+01 9.203288200497627258e+01 2.172251249551773071e+02 1.340556323528290017e+00 0.000000000000000000e+00
3.688746717572212219e+01 3.147497397661209106e+01 4.574943676590918784e+01 2.818498751521110890e+01 1.224977293312550017e+02 2.554074524044991108e+02 1.710252338647842052e+01 1.939999037683010101e+02 3.217879912555217743e+02 2.858566612005234209e+00 0.000000000000000000e+00 0.000000000000000000e+00 0.000000000000000000e+00 0.000000000000000000e+00 1.332393974065781084e+00 1.192647856473923085e+01 2.654068171977996826e-01 8.457931888103485107e+01 2.949106395244597834e-01 5.859609097242355347e+00 3.023472338914871216e+00 0.000000000000000000e+00 1.574445337057114092e+00 3.013506829738616943e-01 2.134907343983649852e+01 1.037748336791991965e+00 3.546286225318909247e-01 2.611078500747681108e+00 0.000000000000000000e+00 1.011449694633484109e+00 2.207008123397827148e+00 1.173939406871796010e+01 2.732499241828918013e+00 3.309639692306518999e+00 1.184491783380507979e+00 3.734454828500747681e+01 1.705485612154006958e+00 3.430582344532012939e+00 0.000000000000000000e+00 0.000000000000000000e+00 1.426582384109497070e+01 4.128192901611328125e+00 1.069220066070557085e+00 2.155644565820693970e+00 1.757366806268692017e+00 1.158632740378380044e+00 8.652833402156829834e-01 0.000000000000000000e+00 5.021565386652945762e+01 1.628918716311455128e+01 9.021573722362518311e+00 1.528585141599178030e+02 9.517192572355270386e+00 9.299791216850280762e+00 1.126141694188117981e+02 7.853320926427841187e+00 5.782532930374146396e+00 1.612712780386208919e+02 0.000000000000000000e+00 2.997832894325255793e-01 2.828296422958374023e+00 0.000000000000000000e+00 1.202794617414473954e+01 2.627780303359032033e+01 2.258504211902617964e+00 3.709826573729515076e+00 2.703695770114659808e+03 0.000000000000000000e+00 9.021528038606047630e+03 3.006496021127701169e+04 1.399794894519447917e+04 5.930998806357383728e+03 1.686919746665656930e+04 1.133728436630963915e+04 2.956163541972637177e+02 1.661141037940979004e+00 6.817538142204284668e-01 1.370264112949370894e+00 4.455965608358383179e+00 3.180924534797668013e+00 4.597650468349456787e+00 4.150984883308411200e-01 1.429211449742316972e+03 0.000000000000000000e+00 1.188859808444976984e+01 7.907745448946952820e+02 2.332265156507492065e+01 3.386360403895378113e+01 3.082035720348358154e+00 1.218659670054912993e+02 6.603797882795333862e+00 9.616464803516864777e+02 1.385445654392241988e+00 1.123294311761856079e+01 8.277825599908828735e+01 2.314875630766152881e+03 9.299174219369888306e+00 2.434261767566204071e+02 4.012653230875731083e+02 2.594486981630324873e+00 6.151273366808891296e+01 9.642734950780868530e+01 2.060055190324782970e+01 2.637481957674026045e+00 4.832115567326546284e+02 2.594849428534508107e+01 1.594615160614252090e+03 1.171473960757256009e+03 2.700976395457983017e+02 5.011122350692749023e+02 4.624694173038005829e+01 7.093501099944114685e+01 5.095057256519793754e+01 7.204760968685150146e+01 1.477850684225558950e+02 1.540114486217498957e+01 3.823127385079861256e+02 1.595907085090876080e+03 6.738174216747283936e+02 3.239486713409423828e+02 1.002089855045079958e+03 2.076597009897232056e+02 1.139147090911865057e+01 2.179420024156569866e+02 5.752577185630798340e-01 1.553476452827454057e+00 1.635147428214550018e+02 1.037103736400604070e+01 1.654943566814064980e+03 1.974644849658011935e+03 1.370481401681900024e+00 2.094168782234191895e+00
5.355097889900208408e+00 3.946974694728850874e+00 8.711270570755004883e+00 1.695803582668303999e+00 1.449987038969993947e+01 3.364947840571404214e+01 1.672260761260986106e+00 3.838511455059052224e+01 7.020546442270278931e+01 1.868004679679871050e+00 0.000000000000000000e+00 0.000000000000000000e+00 0.000000000000000000e+00 0.000000000000000000e+00 3.170515090227127075e+00 2.354557991027832031e+00 0.000000000000000000e+00 2.680056989192963002e+01 0.000000000000000000e+00 5.707997769117355347e+00 3.161362409591674805e+00 4.467758804559707642e+00 8.236676231026649475e+00 0.000000000000000000e+00 3.961792260408401045e+00 2.873217374086380005e+00 2.054725393652915955e+00 7.722506344318389893e+00 1.463678240776062012e+00 2.740769279003142955e+01 0.000000000000000000e+00 3.362095013260840926e+00 3.936992585659027100e-01 0.000000000000000000e+00 9.539010271430015564e+00 5.262987852096557617e+00 1.968918740749358909e+00 1.105545163154602051e+00 0.000000000000000000e+00 0.000000000000000000e+00 5.780543684959411621e+00 2.822961807250977007e+00 1.085034996271132979e+00 3.157231211662292036e+00 1.470434516668319924e+00 6.998690560460090637e+00 1.496843309700489044e+01 5.707412421703338623e+00 1.829722502827643993e+01 1.008732411265373052e+01 3.580241531133652177e+00 1.541214379668235956e+01 3.263463973999022993e+00 6.592491865158081055e-01 1.738454172015190125e+01 9.263826608657836914e-01 2.175911647081375122e+01 2.627866053581238148e+01 0.000000000000000000e+00 0.000000000000000000e+00 4.263927936553955078e-01 0.000000000000000000e+00 2.858185052871704102e+00 6.806439638137817383e+00 2.560115486383438110e+00 7.047587186098098755e+00 7.182885735437273979e+03 9.021528038606047630e+03 0.000000000000000000e+00 1.719777784225345022e+04 2.585526582896708874e+02 2.732008464932442280e+02 3.327992630383372307e+04 6.034251022905111313e+03 2.053357668220997141e+02 1.300682455301285012e+00 2.783040463924407959e+00 7.587278008460999423e+00 1.287513327598571955e+01 5.204213321208953857e+00 2.725776523351668867e+00 1.088476300239562988e+00 1.866869695115089053e+04 1.802702307701111062e+00 6.367577487230300903e+01 9.170218603312969208e+02 2.621286454796791077e+01 1.056707153618336008e+02 1.886183667182922008e+01 1.752145210802555084e+02 8.946703135967254639e+00 2.422947812080383017e+02 0.000000000000000000e+00 9.711678743362426758e+00 3.465119053423404694e+01 4.891231765121222452e+03 6.994545280933380127e+00 1.626050563335418929e+03 6.058696850091218948e+02 1.253650739789008952e+02 9.122429343611001968e+02 9.092022508382797241e+02 1.703312698006629944e+01 1.244094640016556008e+00 2.782168442904949188e+02 1.507518315911293030e+03 4.071228258922696114e+03 3.885128741562365917e+02 2.849375939071177868e+02 8.844674563407897949e+01 2.908408197760581970e+01 1.432775723934173939e+01 5.709041184186934714e+01 1.063662497401237061e+02 6.226900300383567810e+01 3.002470701932907104e+00 1.578785640001296997e+02 2.228791464269160940e+02 1.707611693143844889e+02 7.946658450365066528e+01 1.947067744731903076e+02 8.334830805659294128e+01 1.018850544095039012e+01 1.311624199151992975e+01 0.000000000000000000e+00 1.841356098651885986e+00 8.202156481146812439e+01 3.161964088678359985e+00 2.891031420826911926e+02 4.453200968503952026e+02 1.549589276313781960e+00 6.733445167541503906e+00
1.105741566419601085e+01 1.169477117061614990e+01 1.036641547083855031e+01 1.125732868909835993e+01 3.734374463558197021e+01 1.223067387938499024e+02 5.205431103706359863e+00 5.955441012978553772e+01 1.315598993301391886e+02 0.000000000000000000e+00 1.326551198959351030e+00 0.000000000000000000e+00 0.000000000000000000e+00 0.000000000000000000e+00 0.000000000000000000e+00 9.506976604461669922e-01 0.000000000000000000e+00 2.291855487227439880e+01 0.000000000000000000e+00 1.071043252944946067e+00 2.629221975803375244e-01 0.000000000000000000e+00 0.000000000000000000e+00 0.000000000000000000e+00 1.048450091481208979e+01 0.000000000000000000e+00 0.000000000000000000e+00 0.000000000000000000e+00 0.000000000000000000e+00 1.119014650583266990e+00 2.355237185955048052e+00 6.518488496541976929e+00 1.618575513362884966e+00 4.804208278656005859e-01 0.000000000000000000e+00 5.568471431732177734e+00 4.230951368808745783e-01 2.369201302528380904e+00 0.000000000000000000e+00 0.000000000000000000e+00 4.102048635482788086e+00 0.000000000000000000e+00 0.000000000000000000e+00 6.343131661415100098e-01 5.721912980079650879e-01 0.000000000000000000e+00 0.000000000000000000e+00 0.000000000000000000e+00 2.899988567829132080e+01 1.028316855430603027e+00 1.268738448619842973e+00 9.136540973186492920e+01 3.892971515655518022e+00 1.034809291362762007e+00 3.973736780881881714e+01 1.521323144435883012e+00 2.595406591892241988e+00 9.277710187435150146e+01 0.000000000000000000e+00 0.000000000000000000e+00 7.250751852989196777e-01 0.000000000000000000e+00 2.944652348756790161e+00 1.043408733606339034e+01 1.186316311359405962e+00 9.207089841365814209e-01 2.522201285362243937e+02 3.006496021127701169e+04 1.719777784225345022e+04 0.000000000000000000e+00 2.990717406412959099e+04 3.761412868440151215e+03 3.013927527204155922e+04 1.501830645123123941e+04 3.230027752816677094e+02 0.000000000000000000e+00 0.000000000000000000e+00 0.000000000000000000e+00 1.348911523818969949e+00 0.000000000000000000e+00 0.000000000000000000e+00 0.000000000000000000e+00 2.656398021280766102e+02 0.000000000000000000e+00 7.935488104820250577e+00 2.331174537539482117e+01 1.246277445554732921e+01 1.475249648094177024e+00 0.000000000000000000e+00 3.353413859009742737e+01 2.429087996482849121e+00 1.455645176619291078e+03 0.000000000000000000e+00 0.000000000000000000e+00 6.951686009764671326e+01 1.091286272376775969e+03 7.813834846019744873e+00 1.041789312362671041e+02 1.515530109107494070e+02 2.930482506752014160e+00 2.418773883581161144e+01 2.880754691362380981e+01 7.759599298238754272e+00 1.209688425064086914e+00 3.334284168481826782e+01 4.453595316410064697e+01 2.475487043708562851e+03 1.965510949641465913e+03 6.307646268904209137e+02 3.774860844612122150e+02 1.908236533403396962e+01 2.845408684015274048e+01 8.215199351310729980e+00 3.750741332769393921e+00 7.610670953989028931e+01 7.207614779472351074e-01 1.579602732062340067e+02 7.676604012250900269e+02 2.041799805760383890e+02 2.497779806852340982e+02 1.340581346452235948e+03 2.811902005672454834e+02 1.074420404434203924e+01 1.062961455583571961e+02 0.000000000000000000e+00 4.233885407447814941e-01 3.407879160940647125e+02 6.240264952182769775e+00 1.062905550956726074e+03 3.643970320910214923e+03 1.267445623874664085e+00 0.000000000000000000e+00
6.214857247471808677e+01 7.972041606903076172e+01 1.438083191215991974e+02 1.129754447042942047e+02 4.075939565598965260e+02 1.009132379800081026e+03 4.978843477368354797e+01 5.549227235913276672e+02 1.109010098308325041e+03 6.293890357017517090e+00 4.779784083366394043e-01 0.000000000000000000e+00 0.000000000000000000e+00 0.000000000000000000e+00 6.149566769599914551e-01 2.171003505587578175e+01 0.000000000000000000e+00 1.422811075150966929e+02 0.000000000000000000e+00 8.906006276607513428e+00 4.175738453865051270e+00 6.117510795593261719e-01 0.000000000000000000e+00 1.231361091136931929e+00 5.336328849196434021e+01 0.000000000000000000e+00 4.055957198143004816e-01 0.000000000000000000e+00 0.000000000000000000e+00 0.000000000000000000e+00 3.884614795446395874e+00 4.625958293676376343e+01 1.827971106767654064e+01 5.009493649005889893e+00 0.000000000000000000e+00 5.548962691426277161e+01 4.666231393814086914e+00 9.615724056959152222e+00 1.020320415496825950e+00 0.000000000000000000e+00 3.071847188472748158e+01 1.011101880669593989e+01 0.000000000000000000e+00 5.612531304359436035e-01 2.382220208644866943e+00 0.000000000000000000e+00 0.000000000000000000e+00 0.000000000000000000e+00 2.858993575274943737e+02 1.443989720940590082e+01 1.649487099051475880e+01 1.057029720336199034e+03 2.102387002110480907e+01 1.763685750961304066e+01 5.263826021850109100e+02 5.932200670242309570e+00 1.099348884820937933e+01 1.002144731700420039e+03 0.000000000000000000e+00 0.000000000000000000e+00 0.000000000000000000e+00 0.000000000000000000e+00 3.158299720287322998e+01 5.362358805537223816e+01 0.000000000000000000e+00 0.000000000000000000e+00 6.468440375924110413e+02 1.399794894519447917e+04 2.585526582896708874e+02 2.990717406412959099e+04 0.000000000000000000e+00 2.253048461276293165e+04 5.432576476693153381e+03 9.880346428182721138e+04 1.186421119570731975e+02 0.000000000000000000e+00 0.000000000000000000e+00 0.000000000000000000e+00 0.000000000000000000e+00 0.000000000000000000e+00 0.000000000000000000e+00 1.933841168880463091e+00 3.942894279956818337e+01 0.000000000000000000e+00 6.225873827934265137e-01 2.063866579532622936e+01 3.011901080608367920e+00 1.302042424678802046e+00 0.000000000000000000e+00 9.244602233171463013e+00 1.403908491134643999e+00 4.997184695899487110e+02 0.000000000000000000e+00 0.000000000000000000e+00 6.067734450101851706e+01 8.141821008622646332e+02 1.959990859031677024e+00 1.366869810223579051e+01 1.441819063127040863e+02 3.574724495410919189e-01 4.250218272209166592e+00 3.978088647127151045e+00 1.552017268538475037e+01 1.311625361442565918e+00 2.229587179720402048e+02 1.210911905765532914e+01 7.459189622998237610e+02 6.352682703137397766e+02 1.026354844570160054e+02 2.360276654362679096e+02 1.784861615300178883e+01 2.564960616827011108e+01 1.072660031914710999e+01 3.686466902494430986e+00 9.907715664803981781e+02 3.686712437868118286e+01 3.022298820018767742e+02 1.624510548681020964e+03 2.542028950154781057e+02 1.648413751125335978e+02 1.044316495895385970e+03 2.270306782126426981e+02 4.142718735337256675e+01 7.413745052814483643e+02 2.409013390541077104e+00 7.916495203971862793e-01 1.404481469392775921e+02 8.227509379386901855e+00 7.157908995151519775e+02 1.243094572454690933e+03 2.175952434539794922e+00 0.000000000000000000e+00
2.817883183062077137e+02 2.095614672303200052e+02 2.531436170935631083e+02 2.341615594029426859e+02 9.887791679799556732e+02 2.243440849632025220e+03 9.551819956302642822e+01 1.229226474136113893e+03 2.349409650176763989e+03 1.260593688488006947e+01 3.514280170202254805e+00 0.000000000000000000e+00 0.000000000000000000e+00 5.850721597671508789e-01 3.064591139554976973e+00 8.213973081111907959e+01 0.000000000000000000e+00 4.156933681368827820e+02 1.845363169908524004e+00 2.876990753412247059e+01 1.248419368267058971e+01 2.608049809932708740e-01 2.968350827693939209e+00 1.265218347311019897e+00 2.469314087331295013e+02 6.624620556831359863e-01 1.588795304298401101e+00 7.068495601415634155e+00 3.648242354393004816e-01 2.265586942434310913e+00 1.670747205615043995e+01 1.607527412921189978e+02 6.956645134091377258e+01 1.169819414615630926e+01 1.862053453922271951e+00 1.805062001645565033e+02 4.509969770908355713e+00 5.520612737536429648e+01 2.129950910806655884e+00 0.000000000000000000e+00 9.546431443095207214e+01 5.016171061992645264e+01 4.810740575194358826e+00 5.228441178798676425e+00 2.387498277425765991e+01 3.234998047351837158e+00 3.110806971788405928e+00 2.113701909780501875e+00 6.397506685853004456e+02 8.163369679450988770e+01 6.897758898138999939e+01 1.694654769241810072e+03 1.155421127378941009e+02 6.890219941735267639e+01 1.062820724964142073e+03 3.157615658640861867e+01 4.707450816035270691e+01 1.494662691459059943e+03 4.527826607227324884e-01 1.378846645355225053e+00 2.139358818531035933e+00 1.786453723907470925e+00 1.243461320251225999e+02 2.212502651512623117e+02 3.788066893815993819e+00 0.000000000000000000e+00 2.403841946229339101e+03 5.930998806357383728e+03 2.732008464932442280e+02 3.761412868440151215e+03 2.253048461276293165e+04 0.000000000000000000e+00 2.257604963093996048e+03 3.426227536076307297e+04 1.338443153500556946e+02 3.407964706420897882e-01 2.188347339630126953e+00 1.087317228317260964e+00 0.000000000000000000e+00 0.000000000000000000e+00 1.084838867187500000e+00 6.511365205049514771e+00 2.237732639312744141e+02 7.273066043853759766e-01 1.670138442516326904e+01 5.613976101577281952e+02 2.987582722306251881e+01 1.781051486730575917e+01 8.025648206472396851e+00 2.393378809094429016e+01 1.987120509147644043e+00 3.221649025976657867e+02 1.031338590383530018e+01 1.083683667480946013e+02 5.537647831439971924e+01 1.376282144069672086e+03 1.479995131492614968e+00 8.691334363818168640e+01 1.157735044211148931e+02 2.900018036365509033e+00 1.987607535719871876e+01 3.945038607716559653e+01 1.035747254610062100e+03 9.547887516617774963e+02 5.643086684852839426e+03 5.101229608058929443e+00 3.127978809773921967e+02 4.447800206840037731e+02 8.853659135103225708e+01 1.016841107308865020e+02 1.160473498702049078e+01 3.213739195168017773e+02 1.994517466723918915e+02 2.897137817740440013e+01 7.023399638891220093e+03 9.036833139657974243e+02 8.827040813863277435e+02 3.011542111188172839e+03 2.323798488080502125e+02 2.256934584975242899e+02 1.674896396905184019e+03 2.860133060514926910e+02 6.224970307946205139e+01 9.437287405431270599e+02 8.596631884574890137e-01 4.307033121585845947e-01 1.908342132866382883e+02 9.569153517484664917e+00 4.326872194111347198e+02 1.122122040599585034e+03 2.320123285055160967e+00 2.255831599235535112e+00
5.643933945894241333e+01 3.627739208936691284e+01 4.466448658704757690e+01 5.604516261816024780e+01 1.730903421938419058e+02 3.320542387366294861e+02 1.728260937333106995e+01 2.612589777112007141e+02 4.819804748892784119e+02 5.851970940828323364e+00 0.000000000000000000e+00 3.737455308437346857e-01 0.000000000000000000e+00 1.275762706995009932e+00 5.276426762342453003e+00 2.245801484584807994e+01 7.579342424869537354e-01 1.195330148637295054e+02 9.301863312721252441e-01 2.716323915123939869e+01 1.593883720040320995e+01 1.242174059152602927e+00 6.633192762732505798e+00 7.448670864105224609e-01 3.223884442448616028e+01 7.453370094299316406e-01 2.173088371753693071e+00 2.859574824571609053e+00 2.869016230106353760e-01 1.411318388581275940e+01 5.023899018764495850e+00 3.192247277498244884e+01 1.637135416269302013e+01 1.054959893226623979e+00 1.511354088783263938e+00 5.671459344029427285e+01 1.162986412644385936e+01 1.309054797887801946e+01 1.094905257225037065e+00 0.000000000000000000e+00 3.371130393445491791e+01 7.344425499439240390e+00 8.070444464683532715e-01 0.000000000000000000e+00 3.695259690284729004e-01 4.228700727224349976e+00 5.078698799014090604e+00 3.955677926540375200e+00 1.050223010778426982e+02 2.025579535961151123e+01 9.868547409772872925e+00 2.411244364678859995e+02 2.041938656568526866e+01 1.370590582489966991e+01 1.521136648952960968e+02 4.978452861309052402e+00 1.708858209848403931e+01 2.917512293756008148e+02 0.000000000000000000e+00 0.000000000000000000e+00 0.000000000000000000e+00 0.000000000000000000e+00 2.616755922138690948e+01 3.942099884152411704e+01 1.309405505657196045e+00 2.717846274375915971e+00 2.553384442940353892e+03 1.686919746665656930e+04 3.327992630383372307e+04 3.013927527204155922e+04 5.432576476693153381e+03 2.257604963093996048e+03 0.000000000000000000e+00 4.724918299943208694e+04 4.968251752257347107e+02 2.505136817693709883e+00 5.766430675983428955e+00 1.150838911533355935e+00 1.693754291534423828e+01 9.297525882720947266e-01 5.318256467580795288e+00 7.486299797892569607e+00 5.813850238740444183e+03 2.709923446178435835e+00 5.471100634336472268e+01 5.168064860850572586e+03 6.395598784089087729e+01 8.109696745872497559e+01 5.430011987686157227e+01 1.420422644913197132e+02 2.456276622414588928e+01 6.341332056820392609e+02 5.362500041723251343e+00 4.489041158556938171e+01 1.009187252223491953e+02 1.477492895901202928e+03 5.658388912677764893e+00 2.509861962497234060e+02 1.213689106404781057e+02 1.443965277075768050e+01 1.678661278188228891e+02 3.440820367038249969e+02 7.200615149736404419e+01 6.096341460943222046e+00 2.084304101273417018e+03 5.917370390892028809e+01 1.206863057002424966e+03 1.010741203129291989e+03 5.774333211183547974e+02 1.171076319068669989e+02 2.424564054608345032e+01 1.319119197130203069e+01 5.870174497365952249e+01 2.159869556427001953e+02 3.313792079389094738e+02 2.051632001996039989e+01 3.107413910627365112e+02 1.115738960400223959e+03 1.528631161749362946e+02 2.594656886756420135e+02 1.006727029234171027e+03 4.902089217007160187e+02 4.462448486685752869e+01 1.467639667093754099e+02 5.809045433998107910e-01 0.000000000000000000e+00 4.066063185632228851e+02 1.480627942085265936e+01 3.703593351542950245e+02 2.305540891498326801e+03 3.292537331581115723e-01 4.141792654991149902e-01
1.942766943573952005e+02 2.134775573313235952e+02 2.451503736972809122e+02 2.478470814228057861e+02 9.911181580126285553e+02 2.062407584816216968e+03 1.209422512650489949e+02 1.451590360164642107e+03 2.749099725604056857e+03 2.321999359130859020e+01 3.997671484947205034e+00 0.000000000000000000e+00 0.000000000000000000e+00 2.867821872234344038e+00 1.437339614331722082e+01 6.803302666544914246e+01 3.526543974876403809e-01 5.280014186799526215e+02 5.012982517480850220e+00 5.340192496776580811e+01 3.662936595082283020e+01 3.363376975059508833e+00 1.767932906746863964e+01 3.548665970563888994e+00 1.611163173317908957e+02 1.168216884136199951e+00 2.252314031124114990e+00 3.713385909795761108e+00 2.500700533390045166e+00 3.225012037158011680e+01 1.239624691009520951e+01 1.249933781027794026e+02 4.793419513106346130e+01 9.581082910299301147e+00 2.607737779617310014e+00 1.933067002296448038e+02 4.528312742710114414e+00 4.512501597404479980e+01 5.300594240427017212e+00 0.000000000000000000e+00 1.319632636010647104e+02 3.518754887580872293e+01 1.475963786244391951e+00 0.000000000000000000e+00 0.000000000000000000e+00 7.533114254474639893e+00 1.286984276771545055e+01 5.199182212352752686e+00 6.707383637428283691e+02 6.321722370386123657e+01 4.241569271683692932e+01 1.306137237638235092e+03 6.174086660146713257e+01 5.727916169166564941e+01 7.498281856030225754e+02 3.112311291694641113e+01 4.029254190623760223e+01 1.286433743163943063e+03 0.000000000000000000e+00 0.000000000000000000e+00 3.861658781766891035e+00 1.318187594413757102e+00 8.540076097846031189e+01 1.710136334002017975e+02 1.331420838832855003e+00 6.030314385890960693e+00 1.323807471781969070e+03 1.133728436630963915e+04 6.034251022905111313e+03 1.501830645123123941e+04 9.880346428182721138e+04 3.426227536076307297e+04 4.724918299943208694e+04 0.000000000000000000e+00 5.456754055023193359e+02 1.267770051956176980e+00 1.466243559122085927e+01 2.808086216449737993e+00 6.110381841659545898e+00 4.241068154573441440e+00 7.135421484708786011e+00 1.295021227002144037e+01 1.091226510226726987e+03 1.127745151519774947e+00 2.674664017558097839e+01 5.961127520993351936e+03 2.073318693339824961e+02 9.890228405594825745e+01 7.254182249307632446e+01 1.091637476384640024e+02 1.337677961587906061e+01 5.213557900339365005e+02 1.918237084150313976e+01 7.459750038385391235e+01 1.356203947067261026e+02 8.005870302915573120e+02 1.418549796938896002e+01 1.408419967293739035e+02 7.451661354303359985e+01 1.109910970926284968e+01 1.082636140137910985e+02 3.280966080427169800e+02 1.763743374943732931e+02 6.940822988748550415e+00 5.183268678158521652e+03 1.996541163325310109e+01 7.550421375036239624e+02 8.777677685916423798e+02 4.344479583203793140e+02 8.006659743189811707e+01 2.790988031029700878e+01 1.143799054622649969e+01 1.015723550617694997e+02 2.264181931912899017e+02 3.542896863073111035e+03 1.304093378186225891e+02 5.087027589678763775e+02 1.982179603755474091e+03 1.333545679748058035e+02 3.141585293412209126e+02 1.627574789464473952e+03 7.539232902824878693e+02 7.254956197738647461e+01 4.828158529698848724e+02 0.000000000000000000e+00 0.000000000000000000e+00 4.918579179346560863e+02 2.859651997685432079e+01 3.229997069835662842e+02 2.299338366985321045e+03 3.762588620185852051e+00 0.000000000000000000e+00
1.732031053304671886e+01 9.359143376350402832e-01 1.872966647148132102e+00 1.143453180789947954e+00 3.975734293460845947e+00 8.840368449687957764e+00 0.000000000000000000e+00 4.922291934490203857e+00 1.710060396790504100e+01 4.273941099643707275e+00 3.107545822858809981e+00 0.000000000000000000e+00 2.980142533779143732e-01 7.829156577587127686e+00 4.925553032755851746e+01 2.323458403348923174e+00 5.838823825120925903e+00 2.102029643058777140e+02 1.594725781679153087e+01 2.103190363347530081e+02 1.542788535058498098e+02 2.692141234874724898e+00 1.924448907375335915e+00 1.263847625255585072e+01 1.681086660921573994e+01 0.000000000000000000e+00 1.194695980846882044e+01 9.263205826282501221e-01 7.706259801983833313e+00 5.631135165691375732e+00 4.485405981540679932e-01 2.198387473821640015e+01 2.605750083923339844e+00 6.964563488960266113e+00 3.035766854882239851e+00 1.053328843414783051e+02 1.524169826507568004e+01 1.009876686334609985e+01 9.920935034751892090e-01 0.000000000000000000e+00 1.713200180232524872e+01 2.318525165319443193e+00 2.595174700021744219e+00 3.542375624179840088e+00 5.411236763000488281e+00 6.909530952572822571e+00 1.041924899816513062e+01 3.784744769334793091e+00 8.924211740493774414e+00 6.916685450077056885e+01 8.671765774488449097e+00 4.756011283397675271e+01 1.174293152987957001e+01 5.186111122369766235e+00 6.237479461729527230e+01 1.038330325484275996e+01 2.305793488025664928e+01 3.546171935647726059e+02 0.000000000000000000e+00 0.000000000000000000e+00 7.786355316638946533e-01 0.000000000000000000e+00 1.593364095687866033e+01 4.000916936993598938e+01 4.026390194892883301e+00 5.086842775344848633e-01 1.312098535299300863e+02 2.956163541972637177e+02 2.053357668220997141e+02 3.230027752816677094e+02 1.186421119570731975e+02 1.338443153500556946e+02 4.968251752257347107e+02 5.456754055023193359e+02 0.000000000000000000e+00 3.963057976663113095e+03 1.026317348986864090e+03 1.755646097660065053e+01 5.020556807518005371e+00 1.231631745100020936e+02 7.076923071742057800e+02 1.652964358627795889e+02 6.876199586689472198e+02 8.473959699273109436e+01 7.448680718839168549e+02 2.579889490187168121e+03 2.448727521687746048e+03 3.031953361630440114e+01 6.891951799392700195e+00 2.682195834994316101e+03 2.924221665173768997e+03 2.045152792900800932e+03 2.692007449269295094e+01 6.763295918703079224e+00 1.701698887348175049e+01 1.103137679398059987e+02 1.059326223641633987e+03 9.410059389472007751e+02 2.486181022375822067e+02 3.794032597243785858e+02 4.591222254931926727e+01 7.254523724317550659e+01 2.856326701939105988e+02 3.925390452146530151e+00 2.935469087064266205e+02 3.304151276648045155e+02 1.074305178970098069e+02 3.711625274658203125e+03 3.999935766220092773e+03 1.437980849415064085e+03 2.095801661327480815e+03 6.777529624104499817e+01 1.739208643734455109e+02 2.979326033592224121e+01 1.034202266335486939e+02 4.857449105381966348e+01 1.435364443063735962e+01 2.524987053871155140e+01 2.194655534625053050e+01 4.637407600879669189e+00 1.245966020226478932e+01 5.087129086256027222e+00 3.681887692213057761e+01 3.873259472846984863e+01 0.000000000000000000e+00 2.118786811828612837e+00 7.050965017080307007e+01 4.247450858354567593e+00 8.102195887267589569e+02 8.768593895971775055e+03 2.132591664791106822e+01 2.131257593631743941e+00
0.000000000000000000e+00 0.000000000000000000e+00 0.000000000000000000e+00 0.000000000000000000e+00 3.210899233818054199e-01 0.000000000000000000e+00 0.000000000000000000e+00 0.000000000000000000e+00 3.180453777313231867e-01 8.905849307775497437e-01 0.000000000000000000e+00 0.000000000000000000e+00 6.144983172416687012e-01 7.029387861490249634e+00 1.038377957195043990e+02 2.967475354671478271e-01 1.656738996505737083e+00 4.856480567157269235e+01 1.234013536572456005e+01 6.315189839899539948e+01 7.164352725446224213e+01 3.486579060554503839e-01 1.537562608718872070e+00 3.361082643270492998e+00 1.551432222127913985e+00 6.077197194099426270e-01 2.867486655712128130e+00 0.000000000000000000e+00 7.064112514257431030e+00 1.226597100496291892e+00 2.982937693595886230e-01 2.371378511190413985e+00 1.255692720413208008e+00 9.057922661304473877e-01 6.190887689590454102e-01 1.579594826698303045e+01 6.077972441911697388e+00 1.321601599454879983e+00 4.863135218620299738e-01 0.000000000000000000e+00 3.048683971166611162e+00 0.000000000000000000e+00 0.000000000000000000e+00 7.992004156112670898e-01 2.127751708030701128e+00 8.244280219078063965e-01 2.758422344923018965e+00 9.295666515827178955e-01 6.160211890935897827e+00 1.781674647331238148e+01 6.331656575202941895e-01 7.448640495538712436e+00 1.808060914278029951e+00 3.550782501697539728e-01 4.373842120170593262e+00 0.000000000000000000e+00 3.234932869672774824e+00 2.721545202285050777e+02 0.000000000000000000e+00 0.000000000000000000e+00 0.000000000000000000e+00 0.000000000000000000e+00 1.643474817276000977e+00 2.887802958488463911e+00 0.000000000000000000e+00 0.000000000000000000e+00 4.558817446231842041e-01 1.661141037940979004e+00 1.300682455301285012e+00 0.000000000000000000e+00 0.000000000000000000e+00 3.407964706420897882e-01 2.505136817693709883e+00 1.267770051956176980e+00 3.963057976663113095e+03 0.000000000000000000e+00 6.227012218326330185e+03 1.879083743691444042e+01 2.534839153289794922e+00 3.416295723915100098e+02 2.240076407790184021e+02 4.459164878129959106e+02 5.193769067525863647e+00 2.363215301930904104e+02 5.517431131005287170e+02 3.825646951794624329e+01 1.794829314351082132e+02 2.606874734163283858e+00 4.648374617099761963e+00 1.161286559104919007e+02 5.994762960046529770e+03 7.472492644488811493e+02 3.811154827475547791e+01 3.126408368349074873e+00 1.620696902275085005e+00 3.346029520034790039e-01 7.627431166172027588e+02 2.550986355543136952e+01 2.744761779904365895e+01 3.442775222659111023e+01 7.011726498603820801e-01 5.235449761152266568e+00 5.724269187450408936e+01 1.664560735225677046e+00 9.421317934989929199e+00 8.054985529184341431e+01 1.051637732982634965e+01 3.644390556216239929e+01 8.944117081165313721e+01 1.347656712234019949e+02 1.495221660733222961e+02 8.690581768751144409e+00 1.769695878028869984e+01 2.580619692802429199e+00 5.419934391975402832e-01 8.015154004096984863e-01 0.000000000000000000e+00 0.000000000000000000e+00 9.609661698341369629e-01 0.000000000000000000e+00 0.000000000000000000e+00 4.366574466228485107e+00 3.870914906263350996e+00 2.032664746046065929e+01 0.000000000000000000e+00 8.906705975532531738e-01 9.076399981975555420e+00 0.000000000000000000e+00 1.314617049098015116e+02 3.792550532162189029e+03 4.483705759048461914e-01 4.449620544910430908e-01
1.855574131011962891e+00 0.000000000000000000e+00 0.000000000000000000e+00 0.000000000000000000e+00 0.000000000000000000e+00 0.000000000000000000e+00 0.000000000000000000e+00 4.273345470428466797e-01 3.062443733215332031e-01 4.303365677595139438e+00 1.464878976345062034e+00 6.881881058216094971e-01 3.122876018285750899e+00 9.759426921606063843e+00 2.582861784100533100e+02 0.000000000000000000e+00 1.388513356447220071e+00 5.956702446937561035e+01 1.250206461548805059e+01 6.789434126019477844e+01 9.312604102492332458e+01 1.258248281478882014e+01 1.349390142410993860e+02 5.334017485380172729e+00 3.836364448070526123e-01 2.300730854272841963e+00 2.057665482163428816e+00 2.229500067234038951e+01 1.703327625989913940e+01 3.326290990859270096e+02 0.000000000000000000e+00 3.587137758731842041e+00 0.000000000000000000e+00 2.457833170890808105e+00 6.377375274896621704e+00 1.349153435230254949e+01 9.247559487819671631e+00 1.173218429088592973e+00 8.345101773738861084e-01 2.215002208948134932e+00 3.556986302137374878e+00 0.000000000000000000e+00 2.050172358751296997e+00 1.919704258441925049e+00 1.025834113359451072e+00 1.070529392361640930e+01 8.256981989741325378e+01 1.122072255611420033e+01 5.445726007223129272e+00 2.115881431102753041e+01 1.189027547836303933e+00 6.254046678543090820e+00 2.837635278701782227e-01 1.551624983549118042e+00 7.590443789958953857e+00 1.077984094619750977e+00 2.141063984483479885e+02 3.279394444376230240e+02 0.000000000000000000e+00 0.000000000000000000e+00 0.000000000000000000e+00 0.000000000000000000e+00 0.000000000000000000e+00 2.620272070169448853e+00 2.647756576538085938e+00 2.154239714145660045e+01 0.000000000000000000e+00 6.817538142204284668e-01 2.783040463924407959e+00 0.000000000000000000e+00 0.000000000000000000e+00 2.188347339630126953e+00 5.766430675983428955e+00 1.466243559122085927e+01 1.026317348986864090e+03 6.227012218326330185e+03 0.000000000000000000e+00 7.317377657562494278e+03 7.440308611094951630e+02 3.690555769473313831e+03 6.627792968451976776e+02 2.067814428359270096e+03 1.087945494055747986e+01 5.943451008468866348e+03 2.525586472362279892e+03 4.548372648358345032e+02 4.738165651559830280e+02 3.477541995495557785e+03 1.227203289121388934e+03 6.713017049431800842e+01 8.739239166140556335e+03 2.852887507677077792e+03 6.046225079894065857e+01 1.643450636237859953e+03 2.294961333274840865e+00 1.513759344816208108e+00 1.332842180907726060e+03 2.216588241755962088e+02 6.101318147778511047e+01 9.819832575321197510e+01 7.473851919174194336e+00 7.653489664196968079e+01 6.363448116183280945e+01 2.200133903622626974e+02 7.984606048464775085e+01 1.530963404476642893e+02 1.037091213464736938e+01 1.160800987482070923e+01 4.852758446335793252e+01 2.384651737213135050e+02 3.753923341929913136e+02 2.433147692680358887e+01 5.194186058640480042e+01 2.578273662924766896e+01 3.691727817058563232e-01 0.000000000000000000e+00 2.806915712356567028e+01 0.000000000000000000e+00 0.000000000000000000e+00 1.583968436717987061e+01 0.000000000000000000e+00 1.752633738517760875e+01 2.155672347247601124e+02 8.206930688023567200e+01 0.000000000000000000e+00 0.000000000000000000e+00 1.067622514486313094e+03 3.753366470336914062e+00 6.136107897162437439e+02 7.455049080461263657e+03 5.590808629989624023e+00 1.933022582530974987e+01
1.994148164987564087e+00 0.000000000000000000e+00 0.000000000000000000e+00 0.000000000000000000e+00 0.000000000000000000e+00 0.000000000000000000e+00 0.000000000000000000e+00 0.000000000000000000e+00 0.000000000000000000e+00 2.846550643444060724e-01 0.000000000000000000e+00 0.000000000000000000e+00 9.678700268268585205e-01 1.658771035075188038e+01 3.250471558868885040e+02 0.000000000000000000e+00 7.323134839534759521e-01 1.336116860806941986e+01 7.900223433971405029e-01 2.834839949011803029e+01 2.161105951666831970e+01 1.789973855018615945e+00 1.699696490168571117e+01 4.616444110870360773e-01 0.000000000000000000e+00 0.000000000000000000e+00 9.438064396381378174e-01 4.259404838085175116e-01 1.344400107860565008e+01 2.314878438413143158e+01 0.000000000000000000e+00 0.000000000000000000e+00 0.000000000000000000e+00 3.594847977161407027e+00 4.191690385341643732e-01 5.717947751283645630e+00 7.134172171354293823e+00 3.322608172893524170e-01 0.000000000000000000e+00 0.000000000000000000e+00 0.000000000000000000e+00 0.000000000000000000e+00 4.895454347133635919e-01 0.000000000000000000e+00 0.000000000000000000e+00 7.736236453056335449e-01 1.696574062108993974e+00 3.878757357597351074e-01 2.507900923490523848e+00 1.282672399282454911e+01 0.000000000000000000e+00 1.208494365215301958e+00 0.000000000000000000e+00 0.000000000000000000e+00 8.101357221603393555e-01 6.589209437370300293e-01 1.496159184873104095e+02 2.619612595289946171e+02 0.000000000000000000e+00 0.000000000000000000e+00 0.000000000000000000e+00 0.000000000000000000e+00 0.000000000000000000e+00 4.395160973072052002e-01 7.300719916820526123e-01 1.579898744821548018e+00 5.805208295583724976e+00 1.370264112949370894e+00 7.587278008460999423e+00 0.000000000000000000e+00 0.000000000000000000e+00 1.087317228317260964e+00 1.150838911533355935e+00 2.808086216449737993e+00 1.755646097660065053e+01 1.879083743691444042e+01 7.317377657562494278e+03 0.000000000000000000e+00 4.111502425938844681e+03 7.819079970061779022e+03 1.141870311111212004e+03 1.700030166745186079e+03 3.308682098984718323e+01 3.914883028119802020e+03 1.593236533582210996e+03 6.738366780877113342e+02 4.313541129827498821e+02 2.242835873484611966e+03 2.442108093500137045e+02 9.521001577377319336e+00 4.257125533223152161e+02 3.161191253066062927e+02 7.403936535120010376e+00 9.680578714609146118e+01 0.000000000000000000e+00 7.128416836261749268e+00 2.403887712657451914e+02 5.874601708352565765e+02 9.996916219592094421e+00 5.642932799458503723e+01 1.738350877165794017e+01 8.859626826643943787e+01 3.918548870086669922e+01 4.027340888977050781e+00 7.088655799627304077e+00 1.249533040523529053e+02 2.328879168629645946e+01 0.000000000000000000e+00 7.937773436307907104e+00 9.886838018894195557e+00 1.745145696401596069e+01 2.100248336791992188e+00 1.811588883399962935e+00 7.994810968637466431e+00 0.000000000000000000e+00 0.000000000000000000e+00 1.158372142910956981e+01 1.913291871547698975e+00 0.000000000000000000e+00 8.972164839506149292e+00 1.504327356815337913e+00 2.225221210718154907e+01 3.731765118539332775e+02 1.966083533763884930e+02 0.000000000000000000e+00 0.000000000000000000e+00 1.934387081861495972e+02 3.160839676856995184e-01 9.274719774723052979e+00 5.683521414399147034e+02 0.000000000000000000e+00 5.481041014194489414e+00
4.125541836023330688e+00 0.000000000000000000e+00 0.000000000000000000e+00 0.000000000000000000e+00 0.000000000000000000e+00 0.000000000000000000e+00 0.000000000000000000e+00 0.000000000000000000e+00 0.000000000000000000e+00 2.958569824695587158e-01 0.000000000000000000e+00 0.000000000000000000e+00 7.026678204536437988e+00 7.992973871529102325e+01 5.691955026239156723e+02 0.000000000000000000e+00 8.873476535081863403e-01 1.480988284945487976e+01 1.374437719583510908e+00 3.133085377514361980e+01 3.548940694332122803e+01 1.012134528160095037e+01 1.179050059616565989e+02 3.011740744113922119e-01 0.000000000000000000e+00 2.705021798610687256e-01 2.674247026443480890e-01 6.915211975574493408e-01 9.284042149782180786e+00 1.633597427308559134e+02 0.000000000000000000e+00 0.000000000000000000e+00 8.118278980255126953e-01 0.000000000000000000e+00 0.000000000000000000e+00 6.516026407480239868e+00 1.894412162899971008e+01 0.000000000000000000e+00 0.000000000000000000e+00 0.000000000000000000e+00 1.730853155255317910e+00 0.000000000000000000e+00 3.331730365753173828e-01 0.000000000000000000e+00 0.000000000000000000e+00 1.809060275554656982e+00 1.146501612663269043e+01 6.910197734832763672e-01 2.225520491600037065e+00 7.346988797187805176e+00 0.000000000000000000e+00 3.052112221717834029e+00 0.000000000000000000e+00 0.000000000000000000e+00 1.768397212028502974e+00 0.000000000000000000e+00 5.341619638204574585e+02 3.089653729498385815e+02 0.000000000000000000e+00 0.000000000000000000e+00 9.721865057945251465e-01 0.000000000000000000e+00 0.000000000000000000e+00 2.196650266647338867e+00 0.000000000000000000e+00 4.135052293539047241e+00 1.643827641010284069e+01 4.455965608358383179e+00 1.287513327598571955e+01 1.348911523818969949e+00 0.000000000000000000e+00 0.000000000000000000e+00 1.693754291534423828e+01 6.110381841659545898e+00 5.020556807518005371e+00 2.534839153289794922e+00 7.440308611094951630e+02 4.111502425938844681e+03 0.000000000000000000e+00 2.455407794576882952e+04 1.053208791762589954e+03 3.059551123082637787e+02 4.858436599373816733e+01 3.054571683704853058e+02 5.721859562695026398e+02 5.567030948698520660e+02 5.392955445051193237e+02 5.278383867949247360e+03 1.646555087095499039e+04 1.551661878824234009e+00 1.505413514375687001e+01 8.049099931120872498e+01 3.467902839183806929e+00 4.739268942177295685e+01 0.000000000000000000e+00 5.491675257682800293e+00 2.938723951578139904e+01 3.995377894937992096e+02 7.098725929856300354e+00 4.644344189763069153e+01 4.435114920139312744e+01 1.215373449683188937e+03 9.108512276411056519e+01 4.797121584415435791e-01 1.845307409763335826e+01 3.785386103391647339e+01 7.668285369873046875e+00 2.446478247642517090e+00 8.501556515693664551e+00 5.186718612909317017e+00 1.683118945360184071e+01 6.952282786369323730e-01 6.598331153392791748e+00 5.968751493096352334e+01 1.246702194213866965e+00 0.000000000000000000e+00 2.039019086956977844e+01 8.645886182785034180e-01 0.000000000000000000e+00 9.547499001026153564e+00 3.317635715007781982e+00 6.151859709620475769e+01 1.043061830669641040e+03 4.917143034636973766e+02 0.000000000000000000e+00 0.000000000000000000e+00 2.649577870368958088e+02 0.000000000000000000e+00 7.938208103179931641e+00 5.225303063094615936e+02 0.000000000000000000e+00 2.387119030952453969e+01
8.022077947854995728e+00 0.000000000000000000e+00 1.322452425956726074e+00 0.000000000000000000e+00 0.000000000000000000e+00 0.000000000000000000e+00 0.000000000000000000e+00 9.173503220081329346e-01 1.768821269273757935e+00 1.955691085755825043e+01 2.238567829132080078e+00 2.401643633842467818e+00 1.164183540642262038e+01 1.030420908778906011e+02 1.272224279791116942e+03 4.834073185920714777e-01 1.543206936120986938e+01 1.658075550794600872e+02 5.039595253765583038e+01 2.576589744389057159e+02 3.120927826166152954e+02 1.143827901780604961e+01 8.022186431288719177e+01 3.446673910319805145e+01 2.843585878610610962e+00 2.638389766216278076e+00 1.302236330509185969e+01 3.053745493292808977e+00 8.557343989610671997e+01 1.205483718216418936e+02 0.000000000000000000e+00 5.148942798376083374e+00 3.763093322515488115e+00 1.312540352344512939e+01 1.002072276175021948e+01 8.485905537009239197e+01 5.182773146033287048e+01 1.056401056051253917e+01 3.028132170438766035e+00 2.160571366548538208e+00 1.291211128234862926e+01 5.791453123092651367e-01 5.532798081636428833e+00 0.000000000000000000e+00 5.169448524713516235e+00 1.173604536056519088e+01 3.043809364736080170e+01 1.252569757401943029e+01 2.287456884980202076e+01 9.415702700614929199e+01 8.477130621671676636e+00 2.411530709266662953e+01 9.656737744808197021e-01 8.058924674987792969e-01 1.510432150959968922e+01 5.603647500276566440e+00 2.436356828063726141e+02 1.122542597219347954e+03 0.000000000000000000e+00 2.076535552740097046e+00 2.956592440605164129e-01 2.313137054443358931e+00 1.333655744791031106e+00 1.346022512018680928e+01 2.771152183413505998e+00 1.066363662481307983e+01 7.002333402633666992e+00 3.180924534797668013e+00 5.204213321208953857e+00 0.000000000000000000e+00 0.000000000000000000e+00 0.000000000000000000e+00 9.297525882720947266e-01 4.241068154573441440e+00 1.231631745100020936e+02 3.416295723915100098e+02 3.690555769473313831e+03 7.819079970061779022e+03 2.455407794576882952e+04 0.000000000000000000e+00 7.461946971178054810e+03 7.852544108152390436e+03 2.501477202773094177e+01 4.353373118460178375e+03 3.030252540826797031e+03 8.181217081844806671e+02 1.652858912378550031e+03 4.307350989460945129e+03 5.205614395827054977e+03 9.344936668872833252e+00 3.608411543369293213e+02 6.869691068530082703e+02 2.099401962757110951e+01 1.385515380308032036e+03 7.975585013628005981e+00 3.972557544708251953e+00 1.774401596188544943e+02 2.097655618786812113e+02 1.911887959986925125e+02 3.514366052448750111e+02 4.527638592720031738e+02 5.196342067822813988e+03 2.896975493431090740e+02 1.174731618165970026e+01 1.868735575675964000e+01 2.140557146072388051e+01 1.288456258177757086e+01 1.707178056240082009e+00 1.602223268151282909e+01 3.739249278008937836e+02 4.373630714118481251e+02 2.623075056076050160e+01 1.017587325870991037e+02 4.995042087435721783e+02 0.000000000000000000e+00 1.747902750968933105e+00 5.343888717293739319e+02 0.000000000000000000e+00 0.000000000000000000e+00 2.499613510966300964e+02 5.298381865024566650e+00 2.123555881798266910e+03 2.099464705020188831e+03 3.677739291995763779e+03 0.000000000000000000e+00 1.968681573867798074e+00 5.436266346335411072e+03 1.293519434332847950e+01 2.893541494607924847e+02 1.689201541531085968e+04 1.241996869444846929e+01 5.335418874025344849e+01
1.466761443018912914e+01 0.000000000000000000e+00 0.000000000000000000e+00 0.000000000000000000e+00 4.796272516250609796e-01 7.576648592948913574e-01 0.000000000000000000e+00 5.033298373222351074e+00 4.753335848450660706e+00 2.115531784296036122e+01 5.794189810752868652e+00 1.005564928054810014e+00 3.279505103826522827e+00 3.801973719894886017e+01 2.169271571189165115e+02 3.261276483535767157e-01 2.225093993544578908e+01 1.899559826999903009e+02 5.397154557704926248e+01 2.085256892144680023e+02 2.053377106636762903e+02 1.046579423546791077e+01 2.314692714810371044e+01 6.016603307425975800e+01 1.046343357861042023e+01 2.893240988254547119e+00 1.313506546616554083e+01 4.922102302312850952e+00 3.641345587372779846e+01 4.546845896542072296e+01 5.671261847019195557e-01 1.917699472606182098e+01 6.184772163629531860e+00 1.737854665517807007e+01 1.244646245241164983e+01 1.028875283300877044e+02 1.064735037088393987e+01 2.605881455540657043e+01 7.464665606617928439e+00 4.313982129096984863e-01 1.802760151028633118e+01 1.196042805910110030e+00 3.379470393061637878e+00 0.000000000000000000e+00 5.574625849723815918e+00 6.861847981810569763e+00 3.548956768214703317e+01 1.225464469194412054e+01 2.345837590098381042e+01 1.097360931336880014e+02 5.739200443029403687e+00 3.822530308365821838e+01 1.064379370212554932e+01 7.324162006378173828e+00 3.521779853105545044e+01 9.272860363125801086e+00 5.828369472920895333e+01 3.679461707770823864e+02 0.000000000000000000e+00 0.000000000000000000e+00 6.428522467613220215e-01 3.556833267211914062e-01 1.427623914182185949e+01 2.301701554656029103e+01 4.026031196117401123e-01 6.489333063364028931e+00 3.833434939384460005e+00 4.597650468349456787e+00 2.725776523351668867e+00 0.000000000000000000e+00 0.000000000000000000e+00 1.084838867187500000e+00 5.318256467580795288e+00 7.135421484708786011e+00 7.076923071742057800e+02 2.240076407790184021e+02 6.627792968451976776e+02 1.141870311111212004e+03 1.053208791762589954e+03 7.461946971178054810e+03 0.000000000000000000e+00 2.709554003268479846e+03 9.995830088853836060e+00 4.714046002686023712e+03 1.782119818300009001e+03 4.607812004685401917e+02 2.589418626993895032e+03 1.099844297260046005e+03 1.432290900841355096e+03 4.125768971443176270e+01 4.070830649733542828e+02 3.093173043727874756e+02 2.488872089982033131e+01 1.835487588644027994e+02 7.450793981552124023e-01 1.132050761580467046e+01 1.506456320881844135e+02 3.892303133010864258e+01 7.186228053271770477e+01 2.605898967832326889e+02 2.973423448204994202e+02 2.380462426781653903e+03 1.111249746084212973e+02 5.885865539312362671e+00 1.626516547799110057e+01 4.441936761140823364e+00 3.284671252965927124e+01 5.522797852754592896e+01 1.139738925397395946e+02 7.122717595100402832e+01 1.009777543842792937e+02 6.111515820026397705e+00 4.555865979194641113e+01 3.835774789154530140e+02 0.000000000000000000e+00 0.000000000000000000e+00 2.650618042349814800e+02 2.503981351852416992e+00 5.606064796447753906e-01 5.730819767713546753e+01 8.553095957636833191e+01 1.943547536313534010e+03 2.194655377864837931e+02 1.012760954856873013e+03 0.000000000000000000e+00 0.000000000000000000e+00 9.265937811732292175e+02 3.813800305128097978e+00 5.810534507036209106e+01 5.397880494236946106e+03 2.118331849575043169e+00 1.802623772621155140e+01
1.101964281499385976e+02 0.000000000000000000e+00 3.046387195587158203e+00 0.000000000000000000e+00 1.136952280998229980e+00 2.779410305619240162e+01 0.000000000000000000e+00 1.922317624092102051e+00 5.926027834415435791e+00 5.034587910771369934e+01 7.154709547758102417e+00 6.780607700347900391e+00 5.154883866012095694e+01 7.667640559375286102e+02 1.482368698632716951e+04 2.355709612369536909e+00 4.375756803154944663e+01 4.570829306840897175e+02 1.621977922171354010e+02 1.509603361755609967e+03 1.170547652974724997e+03 7.165036644041538239e+01 1.114766141384840012e+03 1.132650653272867061e+02 1.147118479013442993e+01 1.384347265958786011e+01 2.610245727002621052e+01 6.118435311317443848e+01 1.031897162497044064e+03 2.256999264940619014e+03 6.638768613338470459e-01 5.717273405194283242e+01 1.193023815751075922e+01 3.411077843606472015e+01 2.547724135220051167e+01 3.763917115926743122e+02 6.778529782295227051e+02 3.535261441767215729e+01 2.089759862422943115e+01 5.422494590282440186e+00 4.622682297229766846e+01 2.498863399028778076e+00 1.044938206672667924e+01 1.014652696251869024e+01 1.296151393651961925e+01 4.698243528604506736e+01 1.195174563527106955e+02 4.573335558176040649e+01 3.379089187383651733e+02 8.482639901638031006e+02 3.098016305267811177e+01 6.944184999167919159e+01 4.233823239803314209e+00 3.337764754891396013e+00 5.213549892604351044e+01 3.775576588511466980e+01 1.074967982485889934e+03 3.937145005971192859e+03 0.000000000000000000e+00 8.645603954792022705e-01 3.290910840034484863e+00 2.245681405067443848e+00 1.303912021219730022e+01 4.534579904377459769e+01 9.017241477966308594e+00 2.979679013788700104e+01 1.762662404775619862e+01 4.150984883308411200e-01 1.088476300239562988e+00 0.000000000000000000e+00 1.933841168880463091e+00 6.511365205049514771e+00 7.486299797892569607e+00 1.295021227002144037e+01 1.652964358627795889e+02 4.459164878129959106e+02 2.067814428359270096e+03 1.700030166745186079e+03 3.059551123082637787e+02 7.852544108152390436e+03 2.709554003268479846e+03 0.000000000000000000e+00 4.712048947811126709e+00 7.076822195649147034e+02 1.757154093384743021e+02 8.321222841739654541e+01 1.731128795638680003e+03 4.211834712028502850e+02 1.607557065354287988e+04 2.553652641177177074e+01 5.247399806976318359e+02 2.126421216726303101e+02 1.085508482173085031e+04 1.604054540303348949e+04 1.184457129240036011e+01 6.297406524419785434e+00 9.355968013405799866e+01 2.551673221588135121e+01 5.976576235890387778e+01 3.579030461609364266e+01 5.845497614145278931e+01 6.405496627390384674e+02 1.294715076091885931e+04 8.860056803226470947e+02 2.539507318437098888e+02 1.047325730323792037e+01 2.199466130137443898e+01 1.100653132796288070e+01 6.383025857806205750e+01 8.033181110024452209e+01 6.909905871748924255e+01 3.263165497779846191e+01 3.731631324589251903e+02 3.610495581328868866e+02 5.788896083831787109e-01 3.111019682884215953e+01 1.694906015783547900e+03 2.217733889818191972e+00 0.000000000000000000e+00 4.931528186500071911e+02 3.337667840719223022e+01 1.113957265880703926e+04 2.505634608358145215e+03 1.480587663984299070e+04 0.000000000000000000e+00 1.640170097351073997e+00 6.181794324517250061e+03 1.870385795831679943e+01 8.126296609640121460e+01 1.290807823839784032e+04 6.686837017536163330e+00 1.085884380042552948e+02
1.231623023748398005e+01 7.669836252927780151e+00 1.201711687445640919e+01 1.588365399837494074e+01 4.453225603699684143e+01 4.658533272147178650e+01 8.753331393003463745e+00 8.700733640789985657e+01 1.201300099194049977e+02 3.040899455547333208e+00 0.000000000000000000e+00 0.000000000000000000e+00 7.454297542572021484e-01 1.995801240205764993e+00 1.051753303408622919e+01 2.537184178829193115e+00 3.458244800567626953e-01 5.240583094954490662e+01 4.111869633197783869e-01 2.030982139706611989e+01 8.370197951793670654e+00 5.921724885702133179e+00 2.293887561559677124e+01 4.467928707599639893e-01 1.142377741634845911e+01 4.904461503028869629e+00 3.837957680225371870e+00 7.862953856587409973e+00 4.945790767669677734e-01 5.507394984364510293e+01 3.448066681623458862e+00 6.321889474987983704e+00 5.448839068412780762e+00 1.690800070762634055e+00 1.454647731781006037e+01 2.748008596897124889e+01 1.220987260341644065e+00 5.418654620647430420e+00 5.429104566574096680e-01 0.000000000000000000e+00 6.397105306386947632e+00 4.492222607135772705e+00 2.303412720561027971e+00 1.047754138708115068e+00 3.470460176467896063e-01 1.765739955008029938e+01 2.969325986504555104e+01 1.435847683250904083e+01 1.357423219084740040e+01 7.487576514482498169e+00 7.595032662153244019e+00 1.250126969814301070e+01 7.935653030872344971e+00 2.925458222627640215e+00 5.030053442716599221e+01 1.788064301013946977e+00 4.285237473249434714e+01 4.714721405506134033e+01 0.000000000000000000e+00 0.000000000000000000e+00 0.000000000000000000e+00 3.024074137210845947e-01 8.142974346876144409e+00 1.760665252804756165e+01 8.377699553966522217e-01 1.487178808450699030e+01 2.369092932671308972e+03 1.429211449742316972e+03 1.866869695115089053e+04 2.656398021280766102e+02 3.942894279956818337e+01 2.237732639312744141e+02 5.813850238740444183e+03 1.091226510226726987e+03 6.876199586689472198e+02 5.193769067525863647e+00 1.087945494055747986e+01 3.308682098984718323e+01 4.858436599373816733e+01 2.501477202773094177e+01 9.995830088853836060e+00 4.712048947811126709e+00 0.000000000000000000e+00 8.169808030128479004e+00 3.291441304981709095e+02 5.852987922638654709e+03 6.647062492370605469e+01 3.499262427687644958e+02 8.273895469307899475e+01 3.939527429655193828e+03 3.669983744621276855e+01 4.154515692293643951e+02 5.597394943237304688e+00 3.372975745797157288e+01 5.250655806064605713e+01 3.025614836946129799e+03 1.127651710808276988e+02 6.287265349507331848e+03 7.698239431530237198e+02 4.943976890742778778e+02 1.579576821878551982e+03 1.979430681288242113e+03 4.726230335235595703e+01 1.993448907136917114e+01 7.443442750871181488e+02 5.555844347000122070e+03 4.670386402606964111e+03 9.613609820902347565e+02 2.519705206468700908e+03 1.141548396646976045e+02 1.215637990534305999e+02 2.106451657414435985e+01 1.309458609521389008e+02 3.245248352140188217e+02 8.103057104349136353e+01 1.401820510625839056e+01 1.828302938044070913e+02 2.699705272316933247e+02 1.602261486053467081e+02 1.290390229523181915e+02 3.668767683506011963e+02 2.479593544006347940e+02 2.944920939207077026e+01 2.543869140744208934e+01 0.000000000000000000e+00 8.742235302925109863e-01 2.147651377320289896e+02 6.654161989688873291e+00 3.336541669368743896e+02 1.153608049601315997e+03 6.102309912443161011e+00 1.005157697200774969e+01
5.085039019584655762e+00 0.000000000000000000e+00 0.000000000000000000e+00 0.000000000000000000e+00 0.000000000000000000e+00 1.407988071441649947e+00 0.000000000000000000e+00 0.000000000000000000e+00 3.925537467002869207e-01 6.487262845039367676e+00 1.225648999214171919e+00 5.790064632892608643e-01 2.189865022897719893e+00 1.440020847320556996e+01 2.344913219809531881e+02 0.000000000000000000e+00 5.556109279394149780e+00 9.433694377541542053e+01 2.969616796076298115e+01 1.259660238176583960e+02 1.525168520510196970e+02 3.723919361829758135e+00 4.427382260560989380e+00 2.268155300617218018e+01 2.753777623176575151e+00 1.474051803350449052e+00 4.878676146268844604e+00 1.206719607114792092e+00 2.904738028347491863e+01 8.980731621384620667e+00 1.205201804637908936e+00 5.100364893674849576e+00 2.275683552026749101e+00 4.685869336128234863e+00 3.628686353564261946e+00 3.304196918010711670e+01 3.417863249778748003e+00 9.997335046529769897e+00 3.316755324602127075e+00 9.963629245758056641e-01 6.067155152559280396e+00 0.000000000000000000e+00 6.058651804924011230e-01 0.000000000000000000e+00 1.444201618432999101e+00 8.196448087692260742e-01 5.351620495319365567e+00 4.612871050834655762e+00 1.239668798446654918e+01 4.595212665200232749e+01 1.901924371719359907e+00 1.523076856136322021e+01 7.148160040378570557e-01 2.409219533205031905e+00 1.785622338950634003e+01 1.452729195356369019e+00 1.724481345713138936e+01 4.394679950028657913e+02 0.000000000000000000e+00 0.000000000000000000e+00 0.000000000000000000e+00 3.131193220615386963e-01 1.747810572385787964e+00 6.185779422521591187e+00 4.967230111360549927e-01 1.000043869018554910e+00 0.000000000000000000e+00 0.000000000000000000e+00 1.802702307701111062e+00 0.000000000000000000e+00 0.000000000000000000e+00 7.273066043853759766e-01 2.709923446178435835e+00 1.127745151519774947e+00 8.473959699273109436e+01 2.363215301930904104e+02 5.943451008468866348e+03 3.914883028119802020e+03 3.054571683704853058e+02 4.353373118460178375e+03 4.714046002686023712e+03 7.076822195649147034e+02 8.169808030128479004e+00 0.000000000000000000e+00 1.676383715155721075e+04 6.869204570949077606e+02 1.154527888357639085e+03 4.797003549635409740e+02 7.897672355175018311e+01 6.815556108951568604e+00 4.611385297775268555e+03 5.403636443912982941e+02 2.396821647882461903e+01 2.267203441262244823e+01 0.000000000000000000e+00 2.172207891941071001e+00 5.483722145378589630e+03 2.415939526557922079e+02 2.209501621127128956e+01 1.696156810820102976e+02 5.992130039632319694e+01 2.881035292744637104e+02 6.313862553238868713e+01 5.302211940288543701e+00 8.221832424402236938e+00 9.937936356663703918e+01 7.218429386615753174e+00 9.402453303337097168e-01 9.640082269906997681e+00 1.810836300253868103e+01 8.787818199396133423e+01 8.419756889343261719e-01 4.795689240097999573e+00 1.494718351960182012e+01 0.000000000000000000e+00 0.000000000000000000e+00 7.707145392894744873e+00 0.000000000000000000e+00 0.000000000000000000e+00 4.767107576131820679e+00 4.893538653850554865e-01 2.733413839340209961e+01 3.382005840539932251e+01 1.323196110129356100e+02 0.000000000000000000e+00 0.000000000000000000e+00 6.157979798316956277e+01 0.000000000000000000e+00 1.441975098848343073e+01 5.486796473413705826e+02 2.934939175844192949e+00 9.954055249691009521e-01
3.817432510852813721e+01 8.291347622871398926e-01 0.000000000000000000e+00 1.380908191204071045e+00 5.954093337059020996e-01 6.244740366935729980e+00 0.000000000000000000e+00 4.104925245046615601e+00 4.612432688474655151e+00 5.944058939814567566e+00 2.339194536209106001e+00 1.577521234750747903e+00 1.440615460276603921e+00 1.212826108932494940e+01 9.503496906161308289e+01 2.000388711690903154e+00 4.744988873600959778e+00 2.478402512520551966e+02 1.919177789986133931e+01 2.166098368912934973e+02 1.663044426590203955e+02 8.693627148866653442e+00 3.464317131042479758e+01 1.580919510126114069e+01 2.844542506337165833e+01 4.934168756008148193e+00 1.165252919495105921e+01 4.390757828950881958e+00 1.391606387495994923e+01 7.024912928044795990e+01 3.493216484785079956e+00 2.355334967374801991e+01 1.609960585832596047e+00 7.127499327063559598e+00 1.599012652039528071e+01 8.972291782498359680e+01 1.248348952829837977e+01 1.274438422918320057e+01 1.494712233543395996e+00 5.257390439510345459e-01 1.724758242070674896e+01 4.020078390836715698e+00 3.004526689648627791e+00 0.000000000000000000e+00 5.166984766721724576e+00 1.912663769721984863e+01 4.705663493275641684e+01 1.337940137088298975e+01 4.070184469223021573e+00 7.240804231166839600e+01 3.959041193127632141e+00 5.898651233315467834e+01 1.975709635019302013e+01 1.326117354631423950e+01 8.486725348234176636e+01 6.607285618782042569e+00 1.008696171194314957e+02 6.655580322295427322e+02 0.000000000000000000e+00 7.629013657569885254e-01 0.000000000000000000e+00 0.000000000000000000e+00 2.300597953796387074e+01 4.288206776976584678e+01 3.520069077610969988e+00 1.359723107516765950e+01 3.741788685321807861e+01 1.188859808444976984e+01 6.367577487230300903e+01 7.935488104820250577e+00 6.225873827934265137e-01 1.670138442516326904e+01 5.471100634336472268e+01 2.674664017558097839e+01 7.448680718839168549e+02 5.517431131005287170e+02 2.525586472362279892e+03 1.593236533582210996e+03 5.721859562695026398e+02 3.030252540826797031e+03 1.782119818300009001e+03 1.757154093384743021e+02 3.291441304981709095e+02 1.676383715155721075e+04 0.000000000000000000e+00 1.593324077832699004e+04 1.334258091181517102e+03 2.402636323273181915e+03 2.128301826119422913e+02 1.767267102897166922e+02 2.090960432648659207e+03 1.237119854420423962e+03 1.436282056570052923e+01 1.256572735607624054e+02 3.428232684731483015e+00 5.814912745356559753e+01 7.933914931058883667e+03 9.347650319367647171e+03 2.963360535055398941e+02 2.254249169960618019e+03 8.088883777856826782e+02 2.643692708536982991e+03 8.946587780117988586e+01 2.184743002057075856e+01 4.107672807574272156e+01 2.783116238713263897e+02 1.068831328451633027e+02 1.202420085966587067e+02 2.177132979631423950e+02 7.224944251775741577e+01 8.347444415241479874e+02 3.578367888927460161e+00 4.893164429068564658e+01 1.950283043086529062e+02 2.176468551158905029e+00 3.786878287792205811e-01 1.451706471741198925e+02 1.349868419170379923e+02 4.053119778633117676e+00 2.486032480001449940e+01 3.536164994239807129e+02 1.817126744389533997e+02 1.038470361828804016e+02 1.881442352533339886e+02 0.000000000000000000e+00 0.000000000000000000e+00 2.633762624263762859e+02 1.630147725343704002e+00 5.893085478246212006e+01 1.462085948705672990e+03 1.772041958570479991e+01 7.020761787891387939e+00
1.786976079940795898e+02 1.455576387047767994e+01 1.303804558515549061e+01 1.612615406513214111e+01 5.344584605097770691e+01 1.252158656120300009e+02 5.790766775608062744e+00 1.132685522437096068e+02 1.576198049187659933e+02 1.179756473004817963e+01 5.006376147270202637e+00 4.576311409473419189e-01 5.861492753028869629e-01 1.128142961859703064e+01 6.815722307562828064e+01 6.590185433626174927e+00 3.040947765111923218e+00 3.058441764116287231e+02 6.337059572339057922e+00 2.348476641029118923e+02 1.072571803778409958e+02 1.515441633760928930e+01 7.650540289282798767e+01 1.464335365593433025e+01 8.990473884344100952e+01 5.645735710859298706e+00 7.498578846454620361e+00 2.005886983871459961e+01 7.972929239273071289e+00 1.672582136988640116e+02 1.187159165740012945e+01 8.176819573342800140e+01 1.159788993000984014e+01 1.242681640386581066e+01 2.492589184641838074e+01 2.506240389794110968e+02 1.685346740484238026e+01 2.689072108268738148e+01 1.172166138887404951e+00 0.000000000000000000e+00 3.922461122274398804e+01 2.276533997058868053e+01 3.900907069444655928e+00 2.935411125421524048e+00 5.818536609411239624e+00 4.003120632469654083e+01 8.885061565041542053e+01 2.737801377475262044e+01 3.894558408856391907e+01 1.160318631827830984e+02 3.103524985909461975e+01 1.847567752450704859e+02 8.388221998512744904e+01 4.072665524482727051e+01 2.420741556435822872e+02 2.227683821320534108e+01 1.767517253011465073e+02 5.056318288743495941e+02 3.477339744567871094e-01 0.000000000000000000e+00 1.092931687831879106e+00 0.000000000000000000e+00 7.788387432694435120e+01 1.128473683446646021e+02 3.983416423201560974e+00 3.967989440262317657e+01 5.130581352412700653e+02 7.907745448946952820e+02 9.170218603312969208e+02 2.331174537539482117e+01 2.063866579532622936e+01 5.613976101577281952e+02 5.168064860850572586e+03 5.961127520993351936e+03 2.579889490187168121e+03 3.825646951794624329e+01 4.548372648358345032e+02 6.738366780877113342e+02 5.567030948698520660e+02 8.181217081844806671e+02 4.607812004685401917e+02 8.321222841739654541e+01 5.852987922638654709e+03 6.869204570949077606e+02 1.593324077832699004e+04 0.000000000000000000e+00 1.925142249611020088e+04 1.716088382065295946e+03 1.010251365959643977e+03 3.585765051245688824e+02 2.963809845447540283e+02 6.321875580847263336e+02 1.818510769903660105e+02 7.034291128516197205e+02 1.784353674948215129e+01 4.832414761185646057e+02 1.136967232376337051e+03 1.122187673394382000e+04 3.131077644228935242e+02 1.003720710381865956e+03 1.269118313223124005e+03 4.922970638185740427e+03 2.337350403964520069e+02 5.283060032129287720e+01 8.659805985033512115e+03 2.037167358100413992e+02 5.894309036433696747e+02 7.639941819310188293e+02 1.165250338479876973e+03 8.762572367489337921e+01 3.166945561915636063e+02 1.719790399074553999e+00 3.914931829273701283e+02 1.525093851849436987e+03 2.107026408016681955e+02 3.134277501702309010e+01 4.157470274865626720e+02 8.146032372117042542e+02 3.946018701791763306e+01 9.536183163523674011e+01 8.897071160674095154e+02 6.670150910019874573e+02 2.782292048931121826e+02 3.486945796608924866e+02 0.000000000000000000e+00 5.298715829849243164e-01 8.522009226977825165e+02 2.263770613074303029e+01 1.341852929592133137e+02 3.698480683654547192e+03 6.587492197751998901e+00 2.101940619945526123e+01
3.795611275434494019e+02 1.657297670841217041e+00 6.804564058780670166e+00 8.442617684602737427e+00 1.515949612855911077e+01 4.230550378561019897e+01 1.870145797729491965e+00 3.125402621924877167e+01 6.030881963670253754e+01 6.172952081263065338e+01 1.739264574646950123e+01 3.514435052871704102e+00 7.503117904067038602e+00 6.882396812736988068e+01 6.222903849929571152e+02 1.522536617517470958e+01 4.908985999226570129e+01 1.396712813258171082e+03 1.061581563353538940e+02 1.445615695297718048e+03 7.225444710105657578e+02 4.583011041581630707e+01 1.759436394870280935e+02 1.387333820611237911e+02 2.082788466960192011e+02 2.589126384258269908e+01 7.598292724788188934e+01 6.018031764030457254e+01 9.618363735079765320e+01 4.233516480773686794e+02 3.511432664096354728e+01 2.077741505950689032e+02 4.658007535338401794e+01 1.040382191687822058e+02 6.702970767021179199e+01 1.172441294595598947e+03 1.042958273291587972e+02 8.838007557392120361e+01 2.976422046124935150e+01 6.457802504301071167e+00 1.471380356550216959e+02 3.426379930973052979e+01 3.698658090829849243e+01 6.817933887243270874e+00 3.791226005554199219e+01 1.479541767984628962e+02 1.727295882552861883e+02 8.121337254345417023e+01 1.285171021223067953e+02 9.406694757938385010e+02 6.778093554079532623e+01 5.060454468727111816e+02 1.312795874029397964e+02 1.001104900538920930e+02 5.627129566073417664e+02 8.936797344684600830e+01 2.617411773502827259e+02 1.545989994719624974e+03 3.711892664432526190e-01 6.483547091484069824e-01 5.747794747352600098e+00 1.361376285552978960e+00 1.665860855877398876e+02 3.064145561903715134e+02 2.257499933242797852e+01 6.575476495921611786e+01 4.500876250863075256e+01 2.332265156507492065e+01 2.621286454796791077e+01 1.246277445554732921e+01 3.011901080608367920e+00 2.987582722306251881e+01 6.395598784089087729e+01 2.073318693339824961e+02 2.448727521687746048e+03 1.794829314351082132e+02 4.738165651559830280e+02 4.313541129827498821e+02 5.392955445051193237e+02 1.652858912378550031e+03 2.589418626993895032e+03 1.731128795638680003e+03 6.647062492370605469e+01 1.154527888357639085e+03 1.334258091181517102e+03 1.925142249611020088e+04 0.000000000000000000e+00 1.159665953248739015e+03 2.101694920301436923e+03 2.927984262406826019e+02 9.093626318573951721e+02 7.370538938343524933e+02 5.584878656387329102e+03 2.472594138443470001e+03 1.764999815821647999e+01 1.003122973740101003e+02 6.076031736880540848e+02 1.407980511784554096e+02 1.286061610281466869e+02 1.994058214426040934e+02 2.941158592402935028e+02 2.386069081693888165e+03 1.601577207744122006e+03 5.231630716621875763e+02 1.243610686647891998e+04 4.177109518647193909e+01 3.259903945624827770e+02 3.175224678516387939e+02 8.898041098117828369e+02 5.471392768621444702e+01 1.984128741323947906e+02 3.694216480851172690e+01 1.275105538874865033e+03 1.215619977056979906e+03 1.480705204606056036e+01 2.377459307909012125e+02 6.513456228971481323e+02 2.478569611907004955e+01 4.099266648292542392e+00 1.108782596886157990e+02 1.274179103732109070e+03 2.606203543096780777e+03 8.426731411814689636e+02 2.476375395327806018e+03 0.000000000000000000e+00 2.818437874317169189e+00 1.291900119036436081e+03 5.845921397209166770e+01 1.687555318772793100e+02 5.229215440928936005e+03 1.381332373619079945e+01 4.288097751140593772e+01
2.289699226617813110e+00 0.000000000000000000e+00 0.000000000000000000e+00 0.000000000000000000e+00 0.000000000000000000e+00 9.670326113700866699e-01 0.000000000000000000e+00 0.000000000000000000e+00 4.388679563999176025e-01 8.996540904045104980e-01 9.433091431856155396e-01 2.656479269266128984e+00 1.333425644040108082e+01 1.073475722372532033e+02 5.179493890553712845e+02 0.000000000000000000e+00 1.021983414888381958e+00 2.726816652715206146e+01 5.091164022684097290e+00 7.728988784551620483e+01 6.664819315075874329e+01 1.490817085802555084e+02 8.299080025851726532e+02 1.979923307895659956e+00 6.539778828620910645e+00 7.100818775594234467e+01 1.266180661767721034e+02 2.411475500315428064e+02 3.447391778230667114e+01 1.704724680542946089e+03 3.568980991840363104e-01 2.966320216655731201e-01 7.081552445888519287e-01 5.166312158107757568e+00 2.211516924202441885e+02 1.044776260852814076e+01 9.943687781691551208e+00 0.000000000000000000e+00 4.553789496421813965e-01 0.000000000000000000e+00 1.160717557370663044e+01 1.109695762395858987e+00 8.658237248659133911e+01 8.009006559848785400e+00 3.188231107592583058e+01 5.878909785151481628e+02 5.426121647655963898e+02 2.921894541978836060e+02 1.889582812786102073e+00 4.090310004353523254e+01 9.742197990417480469e-01 1.346678435802459939e+00 0.000000000000000000e+00 0.000000000000000000e+00 1.965268909931183083e+00 3.180777102708816972e+00 3.111078583449124835e+03 2.575539987087249756e+02 0.000000000000000000e+00 5.810600817203521729e-01 3.499269485473632812e-01 5.468101859092712402e+00 3.411691486835479736e+01 2.873982504010200856e+01 6.778430406749248505e+01 2.557671929150820063e+02 4.526929312944412231e+01 3.386360403895378113e+01 1.056707153618336008e+02 1.475249648094177024e+00 1.302042424678802046e+00 1.781051486730575917e+01 8.109696745872497559e+01 9.890228405594825745e+01 3.031953361630440114e+01 2.606874734163283858e+00 3.477541995495557785e+03 2.242835873484611966e+03 5.278383867949247360e+03 4.307350989460945129e+03 1.099844297260046005e+03 4.211834712028502850e+02 3.499262427687644958e+02 4.797003549635409740e+02 2.402636323273181915e+03 1.716088382065295946e+03 1.159665953248739015e+03 0.000000000000000000e+00 5.008512765675783157e+03 5.478960064053534751e+01 6.667442545294761658e+01 5.855005961894989014e+03 1.935102221667767139e+02 5.958821433827280998e+03 3.147698611021041870e+00 8.247150504589080811e+01 1.159927348494529951e+03 2.049412110701202892e+03 4.669418276995419887e+02 7.574028812646865845e+03 1.844266465097666014e+03 3.309560833908616769e+04 7.370195111632347107e+01 5.322621765881776810e+02 5.513978670537471771e+02 8.303495424091815948e+02 1.042189359068870971e+02 1.719191765785216930e+01 4.094573888182640076e+01 2.783559468388557079e+01 2.359957628428936005e+03 5.405830860137938565e+00 3.056978327542542957e+03 3.304666946575046040e+03 1.075402200222014937e+00 5.568533128499984741e+01 2.728212288022040966e+01 5.775973916053771973e+00 3.314700603485106978e+00 1.600064715743064880e+01 8.705680012702941895e+00 2.800069686770439148e+01 2.019082963362335931e+03 1.907885131537913992e+02 0.000000000000000000e+00 0.000000000000000000e+00 4.606432475149632069e+02 1.424858993291855036e+01 1.228838783502579020e+02 9.455497363209724426e+02 2.892205037027596859e+02 7.267982965558767319e+02
1.093777537345886008e+00 0.000000000000000000e+00 0.000000000000000000e+00 0.000000000000000000e+00 0.000000000000000000e+00 0.000000000000000000e+00 0.000000000000000000e+00 2.294398546218872070e+00 3.158076405525208075e-01 5.537441074848175049e-01 1.243788525462151018e+00 3.986240431666374207e+00 2.788363765180110931e+01 1.767726543396711065e+02 9.852800264954566956e+02 1.426204085350037065e+00 0.000000000000000000e+00 3.101950402557849884e+01 3.132416009902954102e-01 8.876105216145515442e+01 7.745529131591320038e+01 1.329142362624407099e+02 6.618988205492496490e+02 2.763958632946013960e+00 5.643904209136962891e-01 3.085515436530112865e+01 1.804781380295753124e+01 5.020988345146179199e+01 2.789276327192783000e+01 1.213410405367613066e+03 0.000000000000000000e+00 2.813248634338378906e-01 1.086809307336807029e+00 8.668776065111160278e+00 6.875671529769897461e+01 8.707174539566040039e+00 1.083899188041687012e+01 3.711944222450255793e-01 0.000000000000000000e+00 1.032973080873488936e+00 9.217659398913383484e+00 5.839380919933319092e-01 1.345010757446289062e+01 1.774059414863585982e+00 7.586940288543701172e+00 9.758685095608234406e+01 3.897361391782761189e+02 8.367066158354282379e+01 1.371005594730376975e+00 9.306011348962783813e+00 2.884166672825812849e+00 1.159982383251189964e+00 0.000000000000000000e+00 0.000000000000000000e+00 3.930207490921021063e-01 3.868828475475310835e+00 1.112200445562601089e+03 1.455448815971612930e+02 0.000000000000000000e+00 0.000000000000000000e+00 4.370879858732224399e+00 6.811422407627105713e-01 6.266580045223236084e+00 1.582702799141407013e+01 6.050127834081649780e+00 9.931133764982223511e+01 1.055764800310135065e+01 3.082035720348358154e+00 1.886183667182922008e+01 0.000000000000000000e+00 0.000000000000000000e+00 8.025648206472396851e+00 5.430011987686157227e+01 7.254182249307632446e+01 6.891951799392700195e+00 4.648374617099761963e+00 1.227203289121388934e+03 2.442108093500137045e+02 1.646555087095499039e+04 5.205614395827054977e+03 1.432290900841355096e+03 1.607557065354287988e+04 8.273895469307899475e+01 7.897672355175018311e+01 2.128301826119422913e+02 1.010251365959643977e+03 2.101694920301436923e+03 5.008512765675783157e+03 0.000000000000000000e+00 7.632047712802886963e+00 1.210615688562393011e+01 1.512794517338275909e+03 2.943160515725613209e+02 1.129850339369476023e+04 4.679721176624298096e+00 1.044048053026198986e+01 7.162621013820171356e+01 2.720798272490500835e+02 1.431444093585014059e+02 4.458695576786994934e+02 2.901672604084014893e+02 7.659657221585512161e+03 1.399615233093500137e+02 7.197668401896953583e+01 3.149375359714031219e+02 5.871711260080338235e+01 1.289632925391197027e+01 2.974072575569152832e+00 1.310790491104125977e+01 8.520633363723754883e+01 2.968683037757874104e+02 6.398755431175231934e+00 1.260748153626919020e+03 8.638939568221569061e+03 1.519800812005996926e+00 4.013026058673859198e-01 1.295489696860313131e+02 6.303462386131286621e+00 1.891258895397186057e+00 7.568067425489425659e+01 9.824385195970535278e+00 3.234034257233142853e+02 3.420289668649435043e+03 2.205319840759038925e+03 0.000000000000000000e+00 0.000000000000000000e+00 1.717162633478641965e+03 1.145559309720993042e+02 1.572102975249289898e+02 2.690717567726970174e+03 7.155620515346527100e+00 1.395570063889026926e+02
8.916593134403228760e+00 0.000000000000000000e+00 0.000000000000000000e+00 0.000000000000000000e+00 0.000000000000000000e+00 0.000000000000000000e+00 0.000000000000000000e+00 6.621576249599456787e-01 2.665346652269362959e+00 2.702296629548072815e+00 0.000000000000000000e+00 0.000000000000000000e+00 2.549308836460114081e-01 1.723662644624710083e+00 7.909678161144256592e+00 0.000000000000000000e+00 1.342487603425980058e+00 4.768549434840679169e+01 3.660467386245727983e+00 5.088085532188416238e+01 4.010110643506050110e+01 9.457458555698394775e-01 3.294344276189804077e+00 9.571004509925842285e-01 5.466263920068740845e+00 3.815371096134185791e-01 4.156706333160400391e+00 6.678397059440612793e-01 2.151758134365081787e+00 9.736536204814910889e+00 0.000000000000000000e+00 5.224732324481010437e+00 1.458247512578964011e+00 2.922740429639815840e+00 4.855298489332199097e+00 2.079900427162646892e+01 9.187752902507781982e-01 3.080399125814437866e+00 9.027146697044372559e-01 0.000000000000000000e+00 3.105419397354125977e+00 0.000000000000000000e+00 7.867522537708282471e-01 0.000000000000000000e+00 1.590883225202559981e+00 5.283548593521118164e+00 4.825190857052803040e+00 2.923031419515610185e+00 0.000000000000000000e+00 2.294929933547973988e+01 4.360697865486145020e-01 1.725556004047394154e+01 1.696213811635971069e+00 2.241584628820418867e+00 1.119130747020244954e+01 2.514326959848403931e+00 8.064291402697563171e+00 9.806284321844577789e+01 0.000000000000000000e+00 0.000000000000000000e+00 7.458774149417877197e-01 0.000000000000000000e+00 4.757320910692214966e+00 3.990301400423049927e+00 5.398928374052047729e-01 1.042205154895782027e+00 6.363541671633719687e+01 1.218659670054912993e+02 1.752145210802555084e+02 3.353413859009742737e+01 9.244602233171463013e+00 2.393378809094429016e+01 1.420422644913197132e+02 1.091637476384640024e+02 2.682195834994316101e+03 1.161286559104919007e+02 6.713017049431800842e+01 9.521001577377319336e+00 1.551661878824234009e+00 9.344936668872833252e+00 4.125768971443176270e+01 2.553652641177177074e+01 3.939527429655193828e+03 6.815556108951568604e+00 1.767267102897166922e+02 3.585765051245688824e+02 2.927984262406826019e+02 5.478960064053534751e+01 7.632047712802886963e+00 0.000000000000000000e+00 2.958966629505157016e+03 2.687610106766223907e+02 4.878252744674682617e+00 1.016667729616164983e+01 1.276871532201766968e+00 3.673936794102191925e+02 5.863668893098831177e+03 3.325008988201618195e+03 2.099362835884093954e+02 7.755780988931655884e+02 2.126344251781702042e+02 1.770531563907861994e+02 5.031884008646011353e+01 9.613844752311706543e-01 6.651829084753990173e+01 2.081092562660574913e+04 3.117516991615294955e+03 4.006151126921176910e+02 1.417467316156625930e+04 2.937416194677352905e+02 8.681754293888807297e+02 1.282398861646652044e+01 4.150879192352294922e+01 8.961526900529861450e+00 9.648076176643371582e+00 8.829293042421340942e+00 6.592835873365402222e+00 6.008496999740600586e+00 1.321489921212195995e+01 1.001495248079299927e+01 1.947187900543212891e+00 2.217139661312102827e+00 1.395054176449776051e+01 1.114832404255867004e+01 0.000000000000000000e+00 0.000000000000000000e+00 6.689579901099205017e+01 5.047931760549545288e+00 1.345368961691856100e+02 7.621180535554885864e+02 9.580790966749191284e+00 1.077279716730118020e+00
1.110948580503463923e+01 0.000000000000000000e+00 6.238972544670104980e-01 2.131487280130386075e-01 1.077919274568557961e+00 0.000000000000000000e+00 0.000000000000000000e+00 1.296020179986953957e+00 1.259774789214133994e+00 8.951479643583297729e+00 3.034192323684691939e+00 7.343648672103881836e-01 1.946150600910186990e+00 2.022127950191498158e+01 2.354186063259840012e+02 2.087633103132247925e+00 6.874728977680206299e+00 2.920746615976095200e+02 4.580341440439224243e+01 2.919855318963528248e+02 2.977090995311737061e+02 4.723142221570014954e+00 3.845705986022949219e+00 2.435237568616867065e+01 1.099416491389274952e+01 2.661264926195145097e+00 1.471050089597702026e+01 3.252271115779877264e-01 2.776581022143363953e+01 3.073498785495758057e+00 0.000000000000000000e+00 1.374756996333598913e+01 4.647887021303176880e+00 1.220345450937747955e+01 5.331177413463593417e+00 9.421912349760532379e+01 1.570919093489646912e+01 1.254685628414154053e+01 4.979637220501899719e+00 4.031136035919188898e-01 1.514231672883033930e+01 5.642548501491546631e-01 5.035521343350409573e+00 0.000000000000000000e+00 4.234840124845504761e+00 1.445635646581650002e+00 1.854015007615089061e+01 7.205036506056785583e+00 1.533324119448661982e+01 9.821647587418556213e+01 5.633041858673095703e+00 4.964647525548934937e+01 5.891934558749198914e+00 7.888674214482307434e+00 4.109700421988964081e+01 6.191828042268753052e+00 2.030951419472694042e+01 8.977171957939863205e+02 0.000000000000000000e+00 0.000000000000000000e+00 0.000000000000000000e+00 0.000000000000000000e+00 1.232778716087340953e+01 2.690212590992451069e+01 9.983978420495986938e-01 8.923026025295257568e-01 8.953293949365615845e+00 6.603797882795333862e+00 8.946703135967254639e+00 2.429087996482849121e+00 1.403908491134643999e+00 1.987120509147644043e+00 2.456276622414588928e+01 1.337677961587906061e+01 2.924221665173768997e+03 5.994762960046529770e+03 8.739239166140556335e+03 4.257125533223152161e+02 1.505413514375687001e+01 3.608411543369293213e+02 4.070830649733542828e+02 5.247399806976318359e+02 3.669983744621276855e+01 4.611385297775268555e+03 2.090960432648659207e+03 2.963809845447540283e+02 9.093626318573951721e+02 6.667442545294761658e+01 1.210615688562393011e+01 2.958966629505157016e+03 0.000000000000000000e+00 1.285464938372374036e+03 3.907991084456443787e+01 6.171389937400817871e+00 4.203199923038482666e+00 1.640319389104843140e+01 5.502302007406949997e+03 1.453011991679667858e+02 1.481550123989582062e+02 6.791850341409444809e+02 1.556127914786338984e+01 1.053874924778937938e+01 2.371360539048910141e+02 5.644042611122131348e+00 7.006461021304130554e+01 1.191372967571019899e+03 1.316087797880173014e+02 3.952757382392883301e+01 4.008397209644318195e+02 4.760028967708349228e+02 1.641225215509534110e+03 1.312205582857131958e+01 5.578377723693847656e+01 8.619898766279220581e+00 1.339347630739212036e+00 3.466390907764434814e+00 3.646907091140747070e+00 1.985206633806229082e+00 5.035268664360046387e-01 1.339109510183333906e+00 6.803906857967376709e-01 8.432388156652450562e+00 7.259015217423439026e+01 1.094979887008666992e+02 0.000000000000000000e+00 7.696221470832824707e-01 6.364972966909409280e+01 4.300314486026763916e+00 3.491300086975098225e+02 1.469642184644937970e+03 1.955004367232323048e+01 4.012900024652481079e+00
3.646008491516112837e+00 2.298444777727127075e+00 1.576994180679321067e+00 0.000000000000000000e+00 8.522008627653121948e+00 1.758764460682868958e+01 4.720853865146636963e-01 4.839516758918762207e+00 1.755637136101723073e+01 9.543785750865936279e-01 9.321284592151641846e-01 3.208666145801544189e-01 1.267279982566833052e+00 1.168612831830978038e+01 8.857032012939453125e+01 1.398618310689925925e+00 1.133428424596786055e+00 3.723232996463776345e+01 3.495490431785583052e+00 1.252075124979019023e+02 3.842991891503334045e+01 6.587328971922397614e+01 2.547536533176898956e+02 2.941813200712203979e+00 2.463409993052482960e+01 1.461560621261596964e+02 2.634379206895828247e+02 8.777646044045686722e+02 6.866708475351333618e+01 1.754593480706214905e+03 1.348237007856369019e+00 1.562425881624222024e+00 2.784329205751419067e+00 9.942754030227661133e+00 3.805049196928740116e+02 3.599484285712242126e+01 6.590933561325073242e+00 2.133067458868027177e+00 3.583916723728179932e-01 8.276178240776062012e-01 1.672262170910834911e+01 2.790777653455733809e+00 1.588491123169661137e+02 1.137246128916740062e+01 7.368298268318176270e+01 1.656907439991832007e+03 3.248485073745251270e+02 6.203063602000474930e+02 8.772094905376434326e+00 9.499248352646827698e+01 1.055315971374511941e+00 1.408642852306365967e+01 3.357937663793563843e+00 3.534274429082870039e+00 1.009932553768157959e+01 2.627975046634674072e+00 4.504592863619328114e+02 6.346985964477062225e+01 0.000000000000000000e+00 0.000000000000000000e+00 3.029172420501708984e-01 9.335594475269317627e+00 1.391899265944958017e+02 4.879408149421215057e+01 1.622729353308677958e+02 4.205178416818379787e+02 6.766729569435119629e+01 9.616464803516864777e+02 2.422947812080383017e+02 1.455645176619291078e+03 4.997184695899487110e+02 3.221649025976657867e+02 6.341332056820392609e+02 5.213557900339365005e+02 2.045152792900800932e+03 7.472492644488811493e+02 2.852887507677077792e+03 3.161191253066062927e+02 8.049099931120872498e+01 6.869691068530082703e+02 3.093173043727874756e+02 2.126421216726303101e+02 4.154515692293643951e+02 5.403636443912982941e+02 1.237119854420423962e+03 6.321875580847263336e+02 7.370538938343524933e+02 5.855005961894989014e+03 1.512794517338275909e+03 2.687610106766223907e+02 1.285464938372374036e+03 0.000000000000000000e+00 2.166050997674464895e+02 5.568605495542287827e+03 8.797790615856647491e+02 3.468411394566297986e+03 1.807985975801944960e+03 5.558129109442234039e+02 3.728896679878234863e+02 3.990268153846263885e+02 1.252380700707436034e+02 9.338514707833528519e+02 2.422800019383430126e+01 1.537062715888022922e+03 6.363222648501396179e+02 5.941165251433849335e+02 1.768153292238712027e+02 4.591863297492265701e+03 3.095259921848773956e+02 6.435801406919956207e+03 9.365990137830376625e+03 6.958471438288688660e+01 4.196448562398552895e+03 2.621010015875101089e+03 2.335153549909592030e+01 1.070898220241069936e+02 1.183338248729705988e+01 8.342159265279769897e+01 4.718350049257277874e+02 3.850695848464965820e+00 8.130835098028182983e+01 9.356652826070785522e+00 1.371639958024024963e+02 2.252802604436874034e+01 0.000000000000000000e+00 2.171350926160811934e+00 1.415976020991801931e+02 1.090460395812987926e+01 4.399944651067256927e+03 4.473314927279949188e+03 4.176588581055402756e+02 1.612108280107378960e+03
2.565149205923080089e+01 0.000000000000000000e+00 3.111838519573212114e+00 4.682145118713378906e-01 0.000000000000000000e+00 7.251077473163604736e+00 5.649356842041015625e-01 1.054762125015259011e+00 4.053478896617889404e+00 9.319707214832305908e+00 3.720084697008132935e+00 1.864922344684601052e+00 3.845000386238098145e+00 4.943930369615554810e+01 1.410744000226259004e+03 2.635188788175582886e+00 1.598718032240867970e+01 1.675700589716433910e+02 4.511792334914206748e+01 4.117750795334578129e+02 2.873616088330746265e+02 2.362439808249473927e+01 2.040585902482270910e+02 4.460451096296309714e+01 6.744798600673676425e+00 3.050460791587829945e+01 4.582384525239468331e+01 1.143651669919490956e+02 1.874212974011898041e+02 5.845016361176967621e+02 1.451350152492522971e+00 1.064460575580596924e+01 5.806128948926925659e+00 1.441033728420734050e+01 5.600913140177726746e+01 1.245381078720093058e+02 9.204673358798027039e+01 1.446131835877895000e+01 7.980238229036331177e+00 2.721534252166748047e+00 2.836322569847106934e+01 1.774402350187302080e+00 4.156827071309089661e+01 1.985731413960456848e+01 4.025776500999928231e+01 2.489894870817661001e+02 1.317706417441368103e+02 8.736804801225662231e+01 1.021710650622844980e+02 2.613104982972145081e+02 6.293000221252441406e+00 2.475632098317145946e+01 1.170093834400177002e+00 4.184446334838867188e+00 1.984605687856673839e+01 7.144478321075438565e+00 1.498317931592463879e+02 4.513353999704123112e+02 0.000000000000000000e+00 3.334192931652069092e+00 8.857152163982391357e-01 4.974873065948485773e-01 3.214751730859280343e+01 2.226758280396461132e+01 4.107518258690834045e+01 5.878166654706001282e+01 1.297733932733535989e+00 1.385445654392241988e+00 0.000000000000000000e+00 0.000000000000000000e+00 0.000000000000000000e+00 1.031338590383530018e+01 5.362500041723251343e+00 1.918237084150313976e+01 2.692007449269295094e+01 3.811154827475547791e+01 6.046225079894065857e+01 7.403936535120010376e+00 3.467902839183806929e+00 2.099401962757110951e+01 2.488872089982033131e+01 1.085508482173085031e+04 5.597394943237304688e+00 2.396821647882461903e+01 1.436282056570052923e+01 1.818510769903660105e+02 5.584878656387329102e+03 1.935102221667767139e+02 2.943160515725613209e+02 4.878252744674682617e+00 3.907991084456443787e+01 2.166050997674464895e+02 0.000000000000000000e+00 5.129504782646893545e+03 3.340766179561614990e+01 0.000000000000000000e+00 1.205946567654610035e+01 5.128609418869019443e+00 1.287232020795345022e+02 1.330855068564414978e+01 3.054703184962272999e+01 5.495909470319747925e+01 4.578838735640048981e+03 1.139381984114646912e+03 3.208724721223115921e+03 3.638619184494018999e+00 5.933920919895172119e+00 4.098272144794464111e+00 1.238289266824721935e+01 7.525860995054244995e+00 4.815543231368064880e+01 1.250167703926562979e+02 1.710709986627101898e+03 2.258419268727303120e+02 1.152269199490547003e+01 9.451750955879688263e+02 3.637772381305695291e+01 0.000000000000000000e+00 2.147999644279479980e+00 7.952959060668945312e+00 1.379902684688567938e+01 5.004056677818297771e+02 4.220835411399602890e+02 6.198372355103492737e+02 4.233927428722382147e-01 1.351051971316337941e+01 7.969748377799987793e+01 6.363017031550406699e+01 1.181614636182785034e+02 2.904296149611473083e+02 1.527127201855183003e+01 1.720373612642287853e+01
3.366712421178818193e+00 0.000000000000000000e+00 0.000000000000000000e+00 0.000000000000000000e+00 0.000000000000000000e+00 5.219581127166748047e-01 0.000000000000000000e+00 3.666682839393615723e-01 1.160887926816940086e+00 3.009494185447692871e+00 2.238984793424605879e+00 1.423066428303718922e+01 1.384678154587745951e+02 6.283260114043951035e+02 5.863799521535634995e+03 5.778686538338661194e+00 7.743696868419647217e-01 1.670463519394398020e+02 6.205067679286003113e+00 6.559758929610252380e+02 3.978107036054133800e+02 1.095438055023550987e+03 4.680777130246162415e+03 1.077965933084487915e+01 1.747451782226562145e+01 4.119513010680676075e+02 2.123826261460781097e+02 1.845459077984095074e+03 3.010567134171723751e+02 2.041504688709973925e+04 8.965883225202560425e+00 4.139274358749390204e-01 1.457686743140220997e+01 4.400657427310944314e+01 9.811954420655965805e+02 4.497439667582511902e+01 2.369196435809135082e+01 4.793868958950042725e-01 3.448199063539505005e+00 8.229050934314727783e+00 6.743874293565750122e+01 1.230263826251029968e+01 2.671352398842573166e+02 1.201765457987785055e+02 1.676406132876873016e+02 1.901696276307106018e+03 3.574534631162881851e+03 1.215075863823295094e+03 6.734026879072189331e+00 1.138900758773088029e+02 7.442222118377686435e+00 8.424639999866485596e-01 0.000000000000000000e+00 3.841708868741989136e+00 4.220247596502304077e+00 1.693780007958412170e+01 2.642948165565729141e+03 2.572308244556189152e+02 0.000000000000000000e+00 1.496289670467377064e+01 2.146800178289413097e+01 1.644563916325569153e+01 1.275902980864048004e+02 1.841675622016190914e+02 1.002610257714986943e+02 1.150950727730989001e+03 2.539752578735351918e+01 1.123294311761856079e+01 9.711678743362426758e+00 0.000000000000000000e+00 0.000000000000000000e+00 1.083683667480946013e+02 4.489041158556938171e+01 7.459750038385391235e+01 6.763295918703079224e+00 3.126408368349074873e+00 1.643450636237859953e+03 9.680578714609146118e+01 4.739268942177295685e+01 1.385515380308032036e+03 1.835487588644027994e+02 1.604054540303348949e+04 3.372975745797157288e+01 2.267203441262244823e+01 1.256572735607624054e+02 7.034291128516197205e+02 2.472594138443470001e+03 5.958821433827280998e+03 1.129850339369476023e+04 1.016667729616164983e+01 6.171389937400817871e+00 5.568605495542287827e+03 5.129504782646893545e+03 0.000000000000000000e+00 8.814276304841041565e+01 1.077690732479094926e+01 1.119173100292682932e+02 1.729662734568119049e+02 3.257680937647820087e+02 2.661711652427911758e+02 1.826013458967208862e+02 5.638095378875732422e+02 3.607279636099935033e+03 1.853224063225090867e+04 2.220345206946135022e+03 9.722927203774452209e+01 9.068978786468505859e+00 1.248404324054718018e+00 9.515863746404647827e+00 8.204181289672851562e+01 3.153231500983238220e+02 1.001310985147953033e+03 7.191459828153252602e+03 3.190454235956072807e+03 4.597552967369555859e+02 2.661140372514725186e+03 1.065271525084971955e+02 9.180665969848632812e+00 0.000000000000000000e+00 5.755691039562225342e+01 3.923420667648314986e+00 1.708207236826420115e+02 7.084895781084895134e+03 1.957730321586132050e+03 1.858341455459594949e+00 3.216559648513793945e+01 9.288076629042625427e+02 4.246815247237681774e+02 5.137087944298982620e+02 2.998288166984916188e+03 6.359629301726818085e+01 1.894798052906990051e+02
1.439005154371261952e+01 2.321054995059967041e+00 0.000000000000000000e+00 8.393198549747467041e+00 1.089580321311951039e+01 3.936470568180083784e+00 0.000000000000000000e+00 7.628909170627593994e+00 5.813613533973693848e+00 2.217838168144226074e-01 1.690882563591002974e+00 0.000000000000000000e+00 0.000000000000000000e+00 0.000000000000000000e+00 2.689288407564163208e+00 0.000000000000000000e+00 0.000000000000000000e+00 2.931453853845595869e+00 0.000000000000000000e+00 1.216507703065871970e+00 0.000000000000000000e+00 3.032319068908690962e+00 2.418730527162551880e+00 1.148591071367264016e+00 1.397650894522666931e+01 1.984939953684806824e+01 5.727859254181385040e+01 2.041390101611613943e+02 2.217098039388656971e+01 1.823915171623229980e+01 2.825446528881787799e+03 2.363652706146239790e+00 0.000000000000000000e+00 0.000000000000000000e+00 1.160725912004708960e+02 7.261280059814453125e+00 3.283423843979836221e+01 3.069563508033751997e+00 2.904595434665679932e-01 0.000000000000000000e+00 7.038547992706298828e-01 5.280127200484275818e+01 2.405308132767677023e+02 1.960514293879271008e+03 1.274057220250367891e+03 8.197004419863224030e+02 7.119629919528961182e+00 1.794019889831542969e+01 4.653186029195786233e+01 3.396771553158760071e+01 2.131147170066833141e+01 9.589343091845512390e+01 1.153978878259658991e+01 2.342652576565741924e+02 3.042855268716812134e+01 1.520431488752364890e+00 1.028685117065906951e+02 1.381088605523109081e+01 3.363300412893294844e+00 1.021903835028409958e+03 7.429822403192520142e+01 7.597789227962493896e+00 1.690518406033515930e+02 1.364003583788871943e+01 1.301340453773736954e+03 2.467294205725193024e+01 1.530076701641083048e+02 8.277825599908828735e+01 3.465119053423404694e+01 6.951686009764671326e+01 6.067734450101851706e+01 5.537647831439971924e+01 1.009187252223491953e+02 1.356203947067261026e+02 1.701698887348175049e+01 1.620696902275085005e+00 2.294961333274840865e+00 0.000000000000000000e+00 0.000000000000000000e+00 7.975585013628005981e+00 7.450793981552124023e-01 1.184457129240036011e+01 5.250655806064605713e+01 0.000000000000000000e+00 3.428232684731483015e+00 1.784353674948215129e+01 1.764999815821647999e+01 3.147698611021041870e+00 4.679721176624298096e+00 1.276871532201766968e+00 4.203199923038482666e+00 8.797790615856647491e+02 3.340766179561614990e+01 8.814276304841041565e+01 0.000000000000000000e+00 6.460895011126995087e+02 6.873354196548461914e+00 3.833978325128555298e+01 1.775070628359914053e+03 4.846467122435569763e+01 6.915539750456809998e+01 6.430421829223632812e+00 4.790952226519584656e+01 9.342263768613338470e+02 7.127002680301666260e+01 1.222178086638450978e+01 3.580476300418376923e+01 4.516033520698546795e+02 4.942505612969397610e+00 3.108167921721934817e+03 4.392289489507675171e+00 5.264305902481079102e+03 1.365385971412063100e+03 4.169072836637496948e+01 2.318273043632506969e+01 6.757545647025108337e+01 7.480437162518501282e+01 5.076316544711589813e+02 1.838289185583591006e+03 1.097176979184150923e+03 4.428403393924235729e+02 5.866411757469177246e+01 1.872868882715702057e+02 8.525248363614082336e+01 3.109084807038307190e+02 2.510878749012947083e+03 1.047921207845211029e+02 6.684575793147087097e+01 7.732210378617048264e+03 2.276797971129417064e+01 2.552686770707369135e+02 3.254171177744864707e+01
6.197157800197601318e+00 2.456106066703795943e+00 6.949166208505629605e+00 4.689117223024368286e+00 6.865673482418060303e+00 6.670976543426513672e+01 1.116590589284897073e+00 3.614830577373505349e+01 6.815308606624603271e+01 1.129812717437743919e+00 0.000000000000000000e+00 0.000000000000000000e+00 0.000000000000000000e+00 1.872721135616302046e+00 5.372133702039718628e+00 2.114601016044617143e+00 1.860182434320450107e-01 2.639266620576382039e+01 1.049874112010001914e+00 2.896198228001594899e+01 1.532546907663344982e+01 2.092770278453826904e+00 7.980853408575057983e+00 1.237433791160583052e+00 3.046809166669846025e+00 2.180091500282288042e+00 1.269199863076210022e+00 3.144783198833466020e+00 5.744602978229522705e-01 1.269577696919441046e+01 0.000000000000000000e+00 2.320188313722610030e+00 0.000000000000000000e+00 0.000000000000000000e+00 6.066595166921615601e+00 1.933042448759078979e+01 1.354890167713165061e+00 0.000000000000000000e+00 0.000000000000000000e+00 0.000000000000000000e+00 4.259401619434356689e+00 0.000000000000000000e+00 1.470953017473221047e+00 3.216325044631958008e+00 2.044094219803810120e+00 2.208377182483673096e+00 1.149219241738319042e+01 3.841184884309769121e+00 1.521318455040455042e+01 1.058569367229939040e+01 2.859777390956879106e+00 6.893612429499626160e+01 1.892466783523560014e+00 2.251023203134537021e-01 4.249819131195545197e+01 2.530317991971970049e+00 2.297151084244250896e+01 1.107542456537484981e+02 1.682173848152161089e+00 0.000000000000000000e+00 0.000000000000000000e+00 0.000000000000000000e+00 4.825113192200660706e+00 8.802733585238456726e+00 3.726370245218276978e+00 3.929860204458237138e+00 6.524885799556970596e+03 2.314875630766152881e+03 4.891231765121222452e+03 1.091286272376775969e+03 8.141821008622646332e+02 1.376282144069672086e+03 1.477492895901202928e+03 8.005870302915573120e+02 1.103137679398059987e+02 3.346029520034790039e-01 1.513759344816208108e+00 7.128416836261749268e+00 5.491675257682800293e+00 3.972557544708251953e+00 1.132050761580467046e+01 6.297406524419785434e+00 3.025614836946129799e+03 2.172207891941071001e+00 5.814912745356559753e+01 4.832414761185646057e+02 1.003122973740101003e+02 8.247150504589080811e+01 1.044048053026198986e+01 3.673936794102191925e+02 1.640319389104843140e+01 3.468411394566297986e+03 0.000000000000000000e+00 1.077690732479094926e+01 6.460895011126995087e+02 0.000000000000000000e+00 1.082787817865609981e+02 1.384177937835454941e+03 1.431020732194185030e+03 4.833469203114510151e+02 1.057759300962090038e+03 6.439494815021753311e+02 7.848943722248077393e+01 8.973340779542922974e+01 4.737881710082293125e+02 1.161520523890852928e+03 6.710004806876182556e+03 7.597886998951435089e+02 4.884740843772888184e+02 8.193049911111593246e+02 1.483876342177391052e+02 1.063372555226087997e+02 5.749182088673114777e+01 5.957512825727462769e+01 5.022884103357791901e+02 1.982616859972476959e+02 6.747272883728146553e+03 2.861789564877748035e+03 1.821187477198243141e+04 2.127996310546994209e+03 2.094335766553878784e+03 1.541452315151690868e+02 3.941872054338455200e+01 2.538401286005974100e+02 2.759234368801116943e+00 5.938554763793945312e+00 1.255123109817505025e+02 8.552532076835632324e+00 3.100311059981585004e+03 5.838943102508783340e+02 5.016370296478270596e+00 2.024340331554412842e+00
6.358784362673758572e+00 0.000000000000000000e+00 0.000000000000000000e+00 0.000000000000000000e+00 0.000000000000000000e+00 0.000000000000000000e+00 0.000000000000000000e+00 3.114600479602814276e-01 1.375274538993835005e+00 2.914878234267234802e+00 9.744135737419128418e-01 0.000000000000000000e+00 0.000000000000000000e+00 9.700154274702072144e+00 6.931565649807453156e+01 8.651516139507293701e-01 3.423911184072494951e+00 2.560452426373959156e+02 1.698326817154883983e+01 2.609436086118221283e+02 2.159200724363327026e+02 2.111656635999680010e+00 8.934464871883392334e+00 7.800114244222640991e+00 1.298337782919407069e+01 1.274298876523972002e+00 1.485194297134876074e+01 2.224529147148131880e+00 8.686527714133262634e+00 2.429674758017063141e+01 1.352845072746277078e+00 1.458234092593193054e+01 5.160770669579505920e+00 1.041486206650733948e+01 7.652941003441810608e+00 8.631781397759914398e+01 2.160767237842082977e+01 8.187776103615760803e+00 0.000000000000000000e+00 3.434956967830657959e-01 1.770032840967177989e+01 1.911363035440444946e+00 4.456070259213447571e+00 1.893929630517960039e+00 2.100124955177307129e+00 9.219172656536102295e+00 1.869734448194504139e+01 6.190091699361801147e+00 7.625036433339118958e+00 5.545968799293041229e+01 7.329512625932692593e+00 4.551872192323207855e+01 7.264031529426574707e+00 3.542367711663246155e+00 5.264983706176280975e+01 1.179306682944297968e+01 4.208646334707736969e+01 5.085790119171143147e+02 0.000000000000000000e+00 0.000000000000000000e+00 1.385071933269500954e+00 0.000000000000000000e+00 8.216740816831588745e+00 2.434572346508502960e+01 3.111161068081856218e+00 7.850967392325401306e+00 1.090760192275046947e+01 9.299174219369888306e+00 6.994545280933380127e+00 7.813834846019744873e+00 1.959990859031677024e+00 1.479995131492614968e+00 5.658388912677764893e+00 1.418549796938896002e+01 1.059326223641633987e+03 7.627431166172027588e+02 1.332842180907726060e+03 2.403887712657451914e+02 2.938723951578139904e+01 1.774401596188544943e+02 1.506456320881844135e+02 9.355968013405799866e+01 1.127651710808276988e+02 5.483722145378589630e+03 7.933914931058883667e+03 1.136967232376337051e+03 6.076031736880540848e+02 1.159927348494529951e+03 7.162621013820171356e+01 5.863668893098831177e+03 5.502302007406949997e+03 1.807985975801944960e+03 1.205946567654610035e+01 1.119173100292682932e+02 6.873354196548461914e+00 1.082787817865609981e+02 0.000000000000000000e+00 2.124586920648812793e+03 3.029007256478071213e+02 3.243313455700873874e+03 1.635287121236324026e+02 3.814846661686897278e+02 1.507743756622076035e+02 1.009676784276961925e+01 2.762909767031669972e+01 6.369894501209259033e+03 5.444122898280620575e+02 8.963755625486373901e+01 1.076428080603480112e+03 1.896935249865055084e+02 2.023009830355643999e+03 1.540441036224365012e+00 2.405297997593880055e+01 7.422184437513351440e+00 6.297799944877624512e-01 2.020212829113007036e+00 1.546046623587607982e+01 1.226020876169204996e+02 1.817167580127716064e+00 4.140700519084930420e+00 9.433958387374877930e+01 2.940969267487525940e+01 5.603316846489906311e+01 6.627533754706382751e+01 0.000000000000000000e+00 0.000000000000000000e+00 4.536578357219696045e+01 9.757454395294189453e-01 1.453826155960560129e+02 8.556869511604309082e+02 3.608505684137343650e+01 8.265213757753372192e+00
1.315921640396117986e+01 5.573193877935410434e+00 4.502745449542999268e+00 6.654425203800201416e+00 2.117826870083808899e+01 2.409985256195068004e+01 0.000000000000000000e+00 2.381668603420257924e+01 3.982472175359725952e+01 7.897149920463562012e-01 0.000000000000000000e+00 0.000000000000000000e+00 4.027942419052124023e-01 2.739875733852386031e+00 1.901116836071014049e+01 1.698342561721801980e+00 0.000000000000000000e+00 3.978370924293994904e+01 1.531844541430473106e+00 1.893983407318592072e+01 1.253800044953822912e+01 1.915956524014472961e+01 7.473368591070175171e+01 6.513573527336120605e-01 6.097802728414536411e+00 8.997153699398040771e+00 9.473838925361633301e+00 1.874560487270354869e+01 3.533634305000305176e+00 1.534787898808718012e+02 3.269395470619202104e+00 5.581126779317855835e+00 3.533227950334548950e+00 4.797433644533157349e+00 3.768578280508518219e+01 1.529257455468177973e+01 1.840107232332230058e+00 1.350944608449935913e+00 0.000000000000000000e+00 0.000000000000000000e+00 8.129415839910507202e+00 3.262181907892227173e+00 6.668717563152313232e+00 2.011391162872314009e+00 3.781900227069855180e+00 4.706701785326004028e+01 7.995633517205715179e+01 4.583517931401730294e+01 9.124947249889373779e+00 8.981600970029830933e+00 1.018817365169524924e+00 1.750972315669060109e+01 5.959148794412612915e+00 4.191400498151779175e+00 3.633907106518744712e+01 2.977264106273651123e+00 1.586468249261378958e+02 7.490772551298141479e+01 0.000000000000000000e+00 0.000000000000000000e+00 0.000000000000000000e+00 8.671720027923583984e-01 1.098896956443786976e+01 1.215122857689856950e+01 6.711611136794090271e+00 4.145026305317878723e+01 4.399618312120438191e+02 2.434261767566204071e+02 1.626050563335418929e+03 1.041789312362671041e+02 1.366869810223579051e+01 8.691334363818168640e+01 2.509861962497234060e+02 1.408419967293739035e+02 9.410059389472007751e+02 2.550986355543136952e+01 2.216588241755962088e+02 5.874601708352565765e+02 3.995377894937992096e+02 2.097655618786812113e+02 3.892303133010864258e+01 2.551673221588135121e+01 6.287265349507331848e+03 2.415939526557922079e+02 9.347650319367647171e+03 1.122187673394382000e+04 1.407980511784554096e+02 2.049412110701202892e+03 2.720798272490500835e+02 3.325008988201618195e+03 1.453011991679667858e+02 5.558129109442234039e+02 5.128609418869019443e+00 1.729662734568119049e+02 3.833978325128555298e+01 1.384177937835454941e+03 2.124586920648812793e+03 0.000000000000000000e+00 1.197095615789294015e+03 2.924202954754232906e+03 3.598119306445122220e+03 7.297103153824806213e+03 2.978642389178276062e+01 3.409069675207138062e+01 1.454990383684634878e+02 1.744993061572312945e+04 3.624887317642569997e+03 8.313863037526607513e+02 2.461901164084672928e+03 1.213628434538840963e+02 7.696664928942918777e+02 1.010970026254653931e+01 2.592478998303412823e+02 7.428135256916284561e+02 5.600245746970176697e+01 4.663792699575424194e+00 1.884221902787685110e+02 5.547154087871313095e+02 5.903914421796798706e+01 9.284379440546035767e+01 5.038117589056491852e+02 2.455008025467396067e+02 5.811573106050491333e+01 5.838845658302307129e+01 9.249399304389953613e-01 1.388258099555969016e+00 3.483217605054379078e+02 1.344572547078132985e+01 2.255294440388680073e+02 1.446077845811844099e+03 1.890190520882606862e+01 2.708301156759262085e+01
4.195852875709533691e+00 8.119587898254394531e-01 1.798897504806518999e+00 1.139176011085510032e+00 1.692263722419738992e+00 1.685946106910706010e+00 2.298869878053665161e+00 7.831777334213256836e-01 0.000000000000000000e+00 3.195952013134955916e+00 5.248264580965042114e+00 6.072215139865875244e-01 4.994944930076599121e-01 5.635383710265159607e+00 1.791715437173843029e+01 1.652515202760695967e+00 0.000000000000000000e+00 2.504608914256095886e+00 0.000000000000000000e+00 1.174057236313820063e+01 4.436762154102325439e+00 1.600638660788536072e+01 1.098929964005946935e+01 5.173533275723457336e+00 5.837312033772469277e+01 1.574106932580471039e+02 5.931017194539308548e+02 3.878131849616765976e+02 4.789268462359905243e+01 7.022813208401203156e+01 1.363455780446529104e+02 1.762052401900290999e+00 2.561731666326522827e+00 4.997953325510025024e+00 1.982582773268223036e+03 1.161424349248408916e+01 4.997420369088649750e+01 8.857615590095520020e+00 2.506787195801734924e+00 7.738361299037933350e+00 9.969281330704689026e+00 3.502238580584526062e+02 1.906192170992494084e+03 3.097283477604389191e+03 5.305481928199529648e+03 3.908941381365060806e+03 2.327771405875682831e+01 7.222586776316165924e+01 4.376255048811435699e+01 6.180337740480899811e+01 2.554093122482299805e+00 4.281342029571533203e-01 3.263976225256919861e+01 0.000000000000000000e+00 3.956894397735596147e+00 1.404606539011001942e+01 8.250999499559402466e+02 8.703378881514072418e+01 0.000000000000000000e+00 1.584228855073451996e+02 2.632177025079727173e+00 1.944129121303557994e+01 9.218707379698753357e+02 3.411905422806739807e+01 1.689106193125247955e+03 3.300613435059785843e+02 1.641280772984027863e+02 4.012653230875731083e+02 6.058696850091218948e+02 1.515530109107494070e+02 1.441819063127040863e+02 1.157735044211148931e+02 1.213689106404781057e+02 7.451661354303359985e+01 2.486181022375822067e+02 2.744761779904365895e+01 6.101318147778511047e+01 9.996916219592094421e+00 7.098725929856300354e+00 1.911887959986925125e+02 7.186228053271770477e+01 5.976576235890387778e+01 7.698239431530237198e+02 2.209501621127128956e+01 2.963360535055398941e+02 3.131077644228935242e+02 1.286061610281466869e+02 4.669418276995419887e+02 1.431444093585014059e+02 2.099362835884093954e+02 1.481550123989582062e+02 3.728896679878234863e+02 1.287232020795345022e+02 3.257680937647820087e+02 1.775070628359914053e+03 1.431020732194185030e+03 3.029007256478071213e+02 1.197095615789294015e+03 0.000000000000000000e+00 8.848888665452599525e+03 1.234689680986106032e+04 4.635409031808375744e+02 5.621977663040161133e+01 3.915710263997315792e+02 2.255048000514507009e+02 1.034504777237772942e+03 1.003387823835014956e+03 2.238907215148211094e+02 3.270700844824314117e+02 7.754810590192675591e+03 1.002388622850180013e+03 2.018019097834825970e+03 1.406961217172444049e+04 6.462037774920463562e+02 2.759964191913605092e+01 1.868633712828159048e+02 2.311276677250862122e+01 1.759925614595412924e+02 5.488854794353246689e+02 2.521967202425003052e+01 1.239177916795015051e+02 1.339656773209572016e+01 1.268588990569114912e+03 4.024602970480918884e+01 2.447983032464981079e+01 6.763687481522560120e+03 7.562753662467002869e+00 7.922119554877281189e+01 1.182431253632902917e+04 2.865957432985305786e+02 4.279651688426733017e+03 4.555872851759194759e+02
5.602941513061523438e-01 0.000000000000000000e+00 0.000000000000000000e+00 0.000000000000000000e+00 8.459457457065582275e-01 0.000000000000000000e+00 0.000000000000000000e+00 0.000000000000000000e+00 0.000000000000000000e+00 4.442949384450911587e+00 6.727845668792724609e-01 1.354453951120377031e+00 0.000000000000000000e+00 5.692452102899551392e+00 2.446032801270484924e+01 4.088224470615386963e+00 1.464661389589309914e+00 6.826747611165046692e+00 3.160409808158874956e+00 3.316689497232437134e+01 1.310156606137753066e+01 1.766210871934891102e+01 1.351643708348274053e+01 9.312716826796531677e+00 2.006199035048485158e+01 9.417792247235774994e+01 3.523790181279181866e+02 1.395642633140087128e+02 2.703153033554553986e+01 5.022022153437138314e+01 1.237455882132053020e+01 8.904851377010345459e-01 4.463851898908615112e+00 4.374570280313491821e+00 7.746850220412015915e+02 1.050384147465229034e+01 7.734557002782821655e+00 2.754258215427399237e-01 1.220502942800522073e+00 2.669442132115364075e+00 1.462304568290709916e+01 3.669580258429049735e+01 3.365465772747992901e+02 1.567444171458483027e+02 4.640800923556088833e+02 1.486327406376600038e+03 3.202968741953372955e+01 1.700542617887259098e+02 8.678443610668182373e+00 4.247769625484942679e+01 6.863661110401153564e-01 0.000000000000000000e+00 0.000000000000000000e+00 8.913105726242065430e-01 2.683700844645500183e+00 3.496098071336746216e+00 3.419748915135859875e+02 4.930447901785373688e+01 0.000000000000000000e+00 1.921625377237797139e+01 0.000000000000000000e+00 4.079700440168380737e+00 1.684697660654782965e+02 1.476664537191390991e+01 2.643855641633272171e+02 1.155206341594458053e+02 3.513659070432186127e+01 2.594486981630324873e+00 1.253650739789008952e+02 2.930482506752014160e+00 3.574724495410919189e-01 2.900018036365509033e+00 1.443965277075768050e+01 1.109910970926284968e+01 3.794032597243785858e+02 3.442775222659111023e+01 9.819832575321197510e+01 5.642932799458503723e+01 4.644344189763069153e+01 3.514366052448750111e+02 2.605898967832326889e+02 3.579030461609364266e+01 4.943976890742778778e+02 1.696156810820102976e+02 2.254249169960618019e+03 1.003720710381865956e+03 1.994058214426040934e+02 7.574028812646865845e+03 4.458695576786994934e+02 7.755780988931655884e+02 6.791850341409444809e+02 3.990268153846263885e+02 1.330855068564414978e+01 2.661711652427911758e+02 4.846467122435569763e+01 4.833469203114510151e+02 3.243313455700873874e+03 2.924202954754232906e+03 8.848888665452599525e+03 0.000000000000000000e+00 4.509940063610672951e+03 4.190845924422144890e+03 2.626697868108748946e+00 5.086990898847579956e+01 6.188609120249748230e+01 3.079666403815149806e+03 1.091216039508580934e+03 5.597177360951899772e+01 8.431640085279941559e+02 2.787446536123752949e+01 6.838266884371638298e+03 2.103282187134026913e+02 9.204974113851785660e+02 2.671544435471295742e+02 1.061179816722870095e+00 8.638150751590728760e+00 3.706153243780136108e+00 1.011337459087372004e+01 1.418475222587584916e+01 5.208189129829406738e+00 7.349302232265472412e+00 4.120160967111588413e+00 3.074462860524653820e+02 3.840383160114288330e+01 0.000000000000000000e+00 1.711123877763748169e+01 7.484370440244674683e+00 2.983850339055060985e+01 6.140466329306364059e+02 6.765930831432342529e+01 3.565782954350113869e+03 4.148956450819969177e+02
1.734853178262711015e+00 0.000000000000000000e+00 8.223482072353363037e-01 0.000000000000000000e+00 0.000000000000000000e+00 1.335214138031006081e+00 0.000000000000000000e+00 2.754712104797362726e-01 7.879545688629150391e-01 6.091632410883904392e+00 3.933086484670639038e+00 2.526226922869681868e+00 7.394554615020751953e-01 7.832329988479614258e+00 1.753884689509868977e+01 6.313544690608978271e+00 0.000000000000000000e+00 9.366568535566329956e+00 1.929665416479110940e+00 5.969646951556205750e+01 1.301027143001556041e+01 4.000334423780441284e+01 2.307040341198444011e+01 1.975329445302486064e+01 4.591193059086800332e+01 2.857829698920249939e+02 6.756268626749515533e+02 3.408416097313166233e+02 7.178226199746131897e+01 1.547945870608091070e+02 1.467741045355796992e+01 8.791823685169219971e-01 1.018870903551579055e+01 1.103975206613541005e+01 1.444045407354831923e+03 1.713455379009246826e+01 1.888410940766334889e+01 2.699344903230667114e+00 2.109773963689804077e+00 4.345522046089172363e+00 2.662106221914291027e+01 4.197053554654120688e+01 6.503534392714500427e+02 2.177812761068344116e+02 7.802402976751327515e+02 3.187009430721402168e+03 7.186801329255104065e+01 3.902605021148920059e+02 1.558955909311771038e+01 1.116374716311693049e+02 0.000000000000000000e+00 0.000000000000000000e+00 1.657434165477752908e+00 1.140114307403564009e+00 1.035506069660186990e+00 5.599205017089843750e+00 8.167410604208707809e+02 5.829265832901000977e+01 0.000000000000000000e+00 1.748331370949744823e+01 1.396865814924239890e+00 2.333416581153869984e+01 4.483208410739899250e+02 3.315737417340279336e+01 3.613002264052628902e+02 2.787622820734977722e+02 2.633103718608617783e+02 6.151273366808891296e+01 9.122429343611001968e+02 2.418773883581161144e+01 4.250218272209166592e+00 1.987607535719871876e+01 1.678661278188228891e+02 1.082636140137910985e+02 4.591222254931926727e+01 7.011726498603820801e-01 7.473851919174194336e+00 1.738350877165794017e+01 4.435114920139312744e+01 4.527638592720031738e+02 2.973423448204994202e+02 5.845497614145278931e+01 1.579576821878551982e+03 5.992130039632319694e+01 8.088883777856826782e+02 1.269118313223124005e+03 2.941158592402935028e+02 1.844266465097666014e+03 2.901672604084014893e+02 2.126344251781702042e+02 1.556127914786338984e+01 1.252380700707436034e+02 3.054703184962272999e+01 1.826013458967208862e+02 6.915539750456809998e+01 1.057759300962090038e+03 1.635287121236324026e+02 3.598119306445122220e+03 1.234689680986106032e+04 4.509940063610672951e+03 0.000000000000000000e+00 1.562798797714710054e+04 6.083908230066299438e+00 7.434351269900798798e+01 1.589621643871068954e+02 1.915419318199157942e+03 1.192350899621844064e+03 9.084801176190376282e+01 3.931446614265441895e+02 4.167308504879475350e+01 2.202724556326865866e+02 1.697223462015390112e+02 7.342955126911401749e+03 8.218327638313174248e+03 4.595169961452484131e+00 1.187948313355446039e+01 2.315874955058097839e+01 2.658931845426559093e+01 3.080659347772597911e+01 2.143548715114593861e+01 3.287710902094841003e+01 1.105725848674773992e+01 9.053318167179822922e+02 1.555622552633286091e+02 0.000000000000000000e+00 4.139913159608840942e+01 1.729470589756965992e+01 6.105392968654633279e+01 7.976882887631654739e+02 9.717633223533630371e+01 1.105741903215646971e+03 6.107596614509820938e+02
1.640144854784012063e+00 0.000000000000000000e+00 2.553111612796782892e-01 0.000000000000000000e+00 0.000000000000000000e+00 4.113961488008499146e+00 0.000000000000000000e+00 2.239459007978438887e+00 2.078614205121994019e+00 3.470235154032707214e+00 2.025070577859878984e+00 1.244942545890808105e+00 8.177823573350906372e+00 3.671330513060092926e+01 1.702834530770778940e+02 6.448047548532485962e+00 4.279858767986298163e-01 4.437718755006790161e+01 4.838863223791122437e+00 2.622736180722712902e+02 6.072030681371688843e+01 3.152779903262854191e+02 7.431471893638372421e+02 1.050737209618091939e+01 3.448554593324661255e+01 4.409596053957939148e+02 7.337441072911024094e+02 1.209587606862186931e+03 1.608926822394132898e+02 2.912064152881503105e+03 4.896073818206787109e+00 1.109444439411163108e+00 5.746637254953384399e+00 2.479447114467620850e+01 1.040965488806366920e+03 7.298958489298820496e+01 1.951971703767776134e+01 8.964794278144836426e-01 4.615566313266754150e+00 4.203396111726760864e+00 4.007442265748977661e+01 1.785620844364165904e+01 4.780778189599514008e+02 6.214631047844886780e+01 1.913860429674386978e+02 3.216179039761424065e+03 1.148607450440526009e+03 1.601355458244680904e+03 1.512448388338088989e+01 2.356248598992825123e+02 1.704466879367827925e+00 5.866299271583557129e-01 6.950093805789947510e-01 6.229234337806701660e-01 6.695391803979873657e+00 5.626997917890548706e+00 1.658333360627294041e+03 7.200296883285045624e+01 0.000000000000000000e+00 5.125730410218238831e+00 6.637211948633193970e+00 1.473885136842728016e+01 1.835537960678339005e+02 1.393521361798048019e+02 2.659833960235118866e+02 1.197808062493800890e+03 2.284239036440849020e+02 9.642734950780868530e+01 9.092022508382797241e+02 2.880754691362380981e+01 3.978088647127151045e+00 3.945038607716559653e+01 3.440820367038249969e+02 3.280966080427169800e+02 7.254523724317550659e+01 5.235449761152266568e+00 7.653489664196968079e+01 8.859626826643943787e+01 1.215373449683188937e+03 5.196342067822813988e+03 2.380462426781653903e+03 6.405496627390384674e+02 1.979430681288242113e+03 2.881035292744637104e+02 2.643692708536982991e+03 4.922970638185740427e+03 2.386069081693888165e+03 3.309560833908616769e+04 7.659657221585512161e+03 1.770531563907861994e+02 1.053874924778937938e+01 9.338514707833528519e+02 5.495909470319747925e+01 5.638095378875732422e+02 6.430421829223632812e+00 6.439494815021753311e+02 3.814846661686897278e+02 7.297103153824806213e+03 4.635409031808375744e+02 4.190845924422144890e+03 1.562798797714710054e+04 0.000000000000000000e+00 9.873263686895370483e+00 2.400031572580338093e+02 5.166099960803985596e+02 2.376121038436890103e+03 9.508429590463638306e+02 9.083715122938156128e+01 2.633935270607470898e+02 3.632490372657775879e+01 7.109397619813680649e+02 2.247060592472552898e+01 7.613322263807058334e+02 1.107316345874965009e+04 3.139205098152161089e+00 3.006695508956909180e+00 2.591890975832939148e+01 4.268870900571346283e+01 2.592128333449364064e+01 2.082941180467605946e+01 4.685584133863449097e+01 3.175601372122764943e+01 6.735824349075555801e+02 8.137409886717796326e+01 0.000000000000000000e+00 3.524672240018845049e+00 9.703636822104454041e+01 6.370298278331757302e+01 1.685069388449192047e+02 5.664113048911094666e+02 1.045713904947042039e+02 1.425354138165711902e+03
2.774518859982491108e+02 1.176876777410507025e+01 1.283695113658905029e+01 1.247846436500548961e+01 5.534688094258307700e+01 1.043020294904709004e+02 1.220334345102310003e+01 7.078525128960609436e+01 1.406119024157524109e+02 3.640149894356728311e+01 1.356352600455283941e+01 1.608885884284972922e+00 1.967885175347327831e+01 1.694154889285564138e+02 5.837452977955341339e+03 1.725058078765869141e+01 1.520895516872406006e+01 4.965349327921866802e+02 3.094579835236072896e+01 1.448359007567167055e+03 4.460073247998952866e+02 1.807838563621044159e+01 2.425139335393905924e+02 5.191426792740821838e+01 6.201159653067588806e+01 6.891143947839736938e+00 1.728571163117885945e+01 1.625481787621974945e+02 6.494891578555107117e+02 6.888482727706432343e+02 1.154812303185462952e+01 1.036923919618130014e+02 2.098599869012832997e+01 2.936389067769050953e+01 1.076620417833328069e+01 1.474320833027363051e+03 5.937944890260696411e+02 4.408045431971549988e+01 9.528174132108688354e+00 2.318801283836365190e+00 9.569410800933837891e+01 8.781433314085006714e+00 9.966190382838249207e+00 1.248119297623633983e+01 2.374187847971915843e+01 4.909681051969528198e+01 1.348423746228218079e+01 1.346144732832908986e+01 6.000490503311157227e+02 1.938326976627110980e+03 7.223177513480186462e+01 1.186470371484756043e+02 3.236046668887137656e+01 1.883073759078979137e+01 2.548238075077534006e+02 9.023727357387542725e+01 5.122996556758881326e+01 3.025130099803208736e+02 1.449558466672896895e+00 2.072931557893753052e+00 5.917402565479278564e+00 3.513441085815430243e-01 5.819510561227797751e+01 1.528286905884743021e+02 8.601993173360824585e+00 6.083048239350318909e+00 1.188728783726692058e+02 2.060055190324782970e+01 1.703312698006629944e+01 7.759599298238754272e+00 1.552017268538475037e+01 1.035747254610062100e+03 7.200615149736404419e+01 1.763743374943732931e+02 2.856326701939105988e+02 5.724269187450408936e+01 6.363448116183280945e+01 3.918548870086669922e+01 9.108512276411056519e+01 2.896975493431090740e+02 1.111249746084212973e+02 1.294715076091885931e+04 4.726230335235595703e+01 6.313862553238868713e+01 8.946587780117988586e+01 2.337350403964520069e+02 1.601577207744122006e+03 7.370195111632347107e+01 1.399615233093500137e+02 5.031884008646011353e+01 2.371360539048910141e+02 2.422800019383430126e+01 4.578838735640048981e+03 3.607279636099935033e+03 4.790952226519584656e+01 7.848943722248077393e+01 1.507743756622076035e+02 2.978642389178276062e+01 5.621977663040161133e+01 2.626697868108748946e+00 6.083908230066299438e+00 9.873263686895370483e+00 0.000000000000000000e+00 2.526577763825654984e+03 6.999213396757841110e+03 6.789150744676589966e+00 9.565783661603927612e+01 5.562765964865685220e+01 2.148121228665112881e+02 1.063989970088005066e+01 1.258109632134437916e+01 1.117285764843225024e+03 4.210651197433472248e+02 1.675696930289268138e+01 5.509635096400976181e+03 9.609266602903604507e+03 1.068858135044575022e+02 3.132537679076194763e+02 4.375390380620956421e+00 1.692238855361938121e+01 2.468405087888241098e+02 1.571927986145020100e+02 5.376539927721024270e+01 2.100284002125262930e+02 6.359396040439605713e+00 2.005237460136414018e+00 7.303178891539573669e+01 3.932354927062987837e+00 3.144479870796203969e+01 2.655541213154792786e+02 2.403785169124602827e+00 1.295772308111190974e+01
1.156478559970856068e+01 9.257143139839172363e-01 8.455003499984741211e-01 1.450130611658096091e+00 4.473436534404754639e+00 1.867369234561919944e+00 6.512655913829803467e-01 0.000000000000000000e+00 3.316250443458557129e-01 1.022675904631615040e+01 4.491374909877777100e+00 3.232044368982315063e+00 3.076447993516921997e+00 2.444010385870933888e+01 1.589404111042618979e+03 8.202204197645187378e+00 0.000000000000000000e+00 2.424040615558623912e+01 1.439172089099884033e+00 3.495386953055859180e+02 7.138926345109939575e+01 1.433642945587635040e+02 2.593277319520711899e+02 1.363273629546164933e+01 1.906625484526157095e+02 1.169505262672900926e+03 6.104127165675163269e+02 4.656140326529741287e+03 4.261117978096007732e+02 5.133701590552926064e+03 4.265092176198959351e+01 5.266145974397659302e+00 1.363611322641373036e+01 2.124191252887248993e+01 1.536645685508847009e+03 8.137944352626800537e+01 6.308638671040534973e+01 4.947606056928634644e+00 4.194855272769927979e+00 3.122965902090073076e+00 2.714104297757149098e+01 2.175543820559977917e+02 1.041129503622651100e+03 1.290590485751629103e+03 1.261401764690876007e+03 5.868441383898258209e+03 3.011734094619750977e+02 7.478881236314773560e+02 6.866510978341102600e+01 4.163533344268798828e+02 9.404777109622955322e+00 6.088587045669555664e-01 8.946322560310363770e+00 1.707653224468230979e+00 3.214025795459746870e+00 1.189583817124366938e+01 2.467718614012002945e+03 1.122074415981769988e+02 6.820881962776184082e-01 7.754664087295532227e+01 1.455804169178009033e+00 9.414103230834007263e+01 1.487416018605232011e+03 2.008653583228588104e+02 5.252125532776117325e+02 5.254684858620166779e+02 1.861609831154345898e+02 2.637481957674026045e+00 1.244094640016556008e+00 1.209688425064086914e+00 1.311625361442565918e+00 9.547887516617774963e+02 6.096341460943222046e+00 6.940822988748550415e+00 3.925390452146530151e+00 1.664560735225677046e+00 2.200133903622626974e+02 4.027340888977050781e+00 4.797121584415435791e-01 1.174731618165970026e+01 5.885865539312362671e+00 8.860056803226470947e+02 1.993448907136917114e+01 5.302211940288543701e+00 2.184743002057075856e+01 5.283060032129287720e+01 5.231630716621875763e+02 5.322621765881776810e+02 7.197668401896953583e+01 9.613844752311706543e-01 5.644042611122131348e+00 1.537062715888022922e+03 1.139381984114646912e+03 1.853224063225090867e+04 9.342263768613338470e+02 8.973340779542922974e+01 1.009676784276961925e+01 3.409069675207138062e+01 3.915710263997315792e+02 5.086990898847579956e+01 7.434351269900798798e+01 2.400031572580338093e+02 2.526577763825654984e+03 0.000000000000000000e+00 1.269911129444838025e+03 1.954267513751983998e+01 6.346483021974563599e+00 4.224553152918815613e+00 3.315140932798386064e+00 4.478617998957633972e+01 1.944375760406256006e+02 1.525744438138603982e+04 2.181019774439930916e+04 2.614436495304108234e+02 3.189488342285155795e+03 4.981956970334053040e+03 9.596425971388816833e+01 9.921481567621231079e+01 8.285257637500762939e+00 4.029134094715118408e+00 1.526073019206524073e+01 1.390558418631554005e+01 3.774905637681484222e+03 3.706632153093814850e+02 1.849624847769736959e+02 1.658987525403499887e+02 1.031833612918854044e+02 1.726509796679019928e+02 1.007364769965410005e+03 6.887857364714145660e+02 7.197980321794748306e+02 3.192540822923182873e+02
6.891572059690952301e+02 1.037749727368354939e+02 1.030720570385455943e+02 1.020977706015110016e+02 4.195406416505575180e+02 9.097944245636463165e+02 3.514000603556632996e+01 7.290537488460540771e+02 1.237743159621953964e+03 6.198964652419090271e+01 1.356810727715492071e+01 0.000000000000000000e+00 4.435332030057907104e+00 2.390065282583237050e+01 2.937100680023431778e+02 6.261581110954284668e+01 1.375147974491119029e+01 1.381725633367896080e+03 4.509149417281150818e+01 1.190065713569521904e+03 4.919003902226685909e+02 1.494517353177070973e+01 1.005980724543333054e+02 4.366522362828254700e+01 4.230611917376518250e+02 2.825131040811539052e+01 6.764412549138069153e+01 1.155392249524593069e+02 7.260505384206771851e+01 2.799388944059609798e+02 4.372814139723777771e+01 3.087529060393571854e+02 7.977920150756835938e+01 5.798659485578536987e+01 6.662338431179523468e+01 1.232872566789389111e+03 1.159665986597537994e+02 1.147279681563376954e+02 7.078188449144363403e+00 1.970952481031418069e+00 1.771952125728130056e+02 7.830312292277812958e+01 4.708556923270226235e+01 2.061131104826926830e+01 5.137482768297194724e+01 2.015137511640787125e+02 1.104832170307635977e+02 9.180661945044994354e+01 5.243436171710491180e+02 9.268079410195350647e+02 1.280204401016235067e+02 8.149904138147830963e+02 2.364810830056667044e+02 1.541061652153730108e+02 1.109330683439970016e+03 1.295211496800183966e+02 2.223129482567310049e+02 1.211845900818706014e+03 0.000000000000000000e+00 4.409287214279174805e+00 9.249230071902275085e+00 0.000000000000000000e+00 3.261476487964392277e+02 5.259153625965118408e+02 3.681248584389687295e+01 5.748948261141777039e+01 1.064266759932040941e+03 4.832115567326546284e+02 2.782168442904949188e+02 3.334284168481826782e+01 2.229587179720402048e+02 5.643086684852839426e+03 2.084304101273417018e+03 5.183268678158521652e+03 2.935469087064266205e+02 9.421317934989929199e+00 7.984606048464775085e+01 7.088655799627304077e+00 1.845307409763335826e+01 1.868735575675964000e+01 1.626516547799110057e+01 2.539507318437098888e+02 7.443442750871181488e+02 8.221832424402236938e+00 4.107672807574272156e+01 8.659805985033512115e+03 1.243610686647891998e+04 5.513978670537471771e+02 3.149375359714031219e+02 6.651829084753990173e+01 7.006461021304130554e+01 6.363222648501396179e+02 3.208724721223115921e+03 2.220345206946135022e+03 7.127002680301666260e+01 4.737881710082293125e+02 2.762909767031669972e+01 1.454990383684634878e+02 2.255048000514507009e+02 6.188609120249748230e+01 1.589621643871068954e+02 5.166099960803985596e+02 6.999213396757841110e+03 1.269911129444838025e+03 0.000000000000000000e+00 9.063167929649353027e+00 1.008884139955043935e+02 1.188124666512012055e+02 1.831018293648957922e+02 2.486692285537720082e+01 1.430745476484298990e+02 1.318827716112137125e+02 2.173554462984203838e+03 7.609136436730623245e+02 1.158681859856843948e+04 1.030045622232555979e+04 5.691780856549739838e+02 1.268393535614013899e+03 1.422395977377892073e+01 6.682609313726425171e+01 6.680195665359497070e+02 2.914953569471836090e+02 6.761084661185741425e+02 3.858435805439949036e+02 0.000000000000000000e+00 1.065011563897133051e+01 2.762161619663239094e+02 9.379806452989578247e+01 2.414760687053203867e+02 1.066807172238826979e+03 1.113468289375304998e+01 2.107131135463714955e+01
2.670881450176239014e-01 0.000000000000000000e+00 0.000000000000000000e+00 0.000000000000000000e+00 0.000000000000000000e+00 0.000000000000000000e+00 0.000000000000000000e+00 1.621038317680359109e+00 2.509648799896240234e-01 2.881333529949188232e-01 0.000000000000000000e+00 0.000000000000000000e+00 0.000000000000000000e+00 1.616703391075134055e+00 9.462021499872207642e+00 0.000000000000000000e+00 0.000000000000000000e+00 6.078225150704383850e+00 1.198776960372925027e+00 8.575693279504776001e+00 5.911158829927443570e+00 9.327374398708343506e+00 4.310578329861164093e+01 0.000000000000000000e+00 0.000000000000000000e+00 8.588562160730361938e+00 4.859116062521935397e+00 9.909157574176788330e+00 5.842823386192321777e-01 1.005072847157717035e+02 0.000000000000000000e+00 7.989152073860168457e-01 3.387977480888367254e-01 0.000000000000000000e+00 2.598035460710525868e+01 1.161400437355041948e+00 0.000000000000000000e+00 0.000000000000000000e+00 0.000000000000000000e+00 0.000000000000000000e+00 6.342223882675170898e-01 0.000000000000000000e+00 5.037269234657287598e+00 8.452413678169250488e-01 3.539990335702896118e+00 2.331749288737773895e+01 4.711341020464897156e+01 1.877837291359901073e+01 1.888979434967041016e+00 2.518139541149138960e+00 4.076099991798400879e-01 1.320444583892822044e+00 0.000000000000000000e+00 0.000000000000000000e+00 1.715304255485534890e+00 2.955102622509003241e-01 9.620496335625648499e+01 1.947219491004943848e+01 0.000000000000000000e+00 0.000000000000000000e+00 0.000000000000000000e+00 6.523717641830444336e-01 2.386269420385361162e+00 2.452534854412078857e+00 4.956077590584754944e+00 2.134998744726181030e+01 1.353542199134826944e+02 2.594849428534508107e+01 1.507518315911293030e+03 4.453595316410064697e+01 1.210911905765532914e+01 5.101229608058929443e+00 5.917370390892028809e+01 1.996541163325310109e+01 3.304151276648045155e+02 8.054985529184341431e+01 1.530963404476642893e+02 1.249533040523529053e+02 3.785386103391647339e+01 2.140557146072388051e+01 4.441936761140823364e+00 1.047325730323792037e+01 5.555844347000122070e+03 9.937936356663703918e+01 2.783116238713263897e+02 2.037167358100413992e+02 4.177109518647193909e+01 8.303495424091815948e+02 5.871711260080338235e+01 2.081092562660574913e+04 1.191372967571019899e+03 5.941165251433849335e+02 3.638619184494018999e+00 9.722927203774452209e+01 1.222178086638450978e+01 1.161520523890852928e+03 6.369894501209259033e+03 1.744993061572312945e+04 1.034504777237772942e+03 3.079666403815149806e+03 1.915419318199157942e+03 2.376121038436890103e+03 6.789150744676589966e+00 1.954267513751983998e+01 9.063167929649353027e+00 0.000000000000000000e+00 5.718101835057139397e+03 3.118968812823296162e+02 3.859254274651408195e+03 2.061093686521053030e+02 1.358467558369040034e+03 5.178120404481887817e+00 5.633913338184356689e+01 6.626842981576919556e+01 1.700364589691162109e+00 6.687185764312744141e-01 1.818087166547774913e+01 1.054169739186764048e+02 2.951482111215591075e+01 1.940600892901420949e+01 6.163400843739510293e+01 1.537176346778869984e+01 1.843191909790039062e+01 2.104478627443314043e+00 0.000000000000000000e+00 2.264123290777205977e+00 5.971035042405127768e+01 1.050360065698624012e+01 1.553129625618458078e+02 5.178882377743721008e+02 3.440037938952445984e+01 1.553953146934508922e+01
1.356748723983765004e+01 0.000000000000000000e+00 2.248513519763946977e+00 3.594675660133361816e-01 3.518909841775894165e+00 1.625553774833678844e+01 1.775368928909301980e+00 1.401554924249649048e+01 1.538236147165297929e+01 7.134587913751602173e-01 2.386949449777603149e+00 0.000000000000000000e+00 1.154494524002074973e+00 2.525929704308509827e+00 1.725101663172245026e+01 7.338301539421081543e-01 1.266768693923949973e+00 7.512141056358814240e+01 3.507960125803947005e+00 7.355293823778629303e+01 4.598758208751677756e+01 7.265517145395278931e+00 6.359364688396453857e+00 2.297299996018410173e+00 9.771919578313827515e+00 3.801684379577637163e+00 7.386845260858535767e+00 2.035093903541564941e+00 1.858031928539275901e+00 2.691151018440723064e+01 0.000000000000000000e+00 5.419625267386435574e+00 2.426848158240317854e+00 3.002439200878142866e+00 1.249527198076247991e+01 4.709840345382689719e+01 2.677164211869239807e+00 1.027381151914597002e+00 0.000000000000000000e+00 0.000000000000000000e+00 5.705209463834762573e+00 1.686172991991043091e+00 1.846521109342575073e+00 7.404052317142486572e-01 1.373774558305739912e+00 1.295124295353888932e+01 1.907708027958869934e+01 4.618610262870788574e+00 2.346772849559783936e+00 2.943030777573585866e+01 8.211067914962768555e-01 1.781328037381171825e+01 3.779746487736701965e+00 1.982895269989966902e+00 3.047785463929175975e+01 3.615874469280242920e+00 2.669870164990425110e+01 1.158635666370391988e+02 0.000000000000000000e+00 0.000000000000000000e+00 2.778151035308837891e-01 0.000000000000000000e+00 3.898130536079407182e+00 1.329094450175761999e+01 4.530004635453224182e+00 3.499736040830612183e+00 2.140454499870538996e+02 1.594615160614252090e+03 4.071228258922696114e+03 2.475487043708562851e+03 7.459189622998237610e+02 3.127978809773921967e+02 1.206863057002424966e+03 7.550421375036239624e+02 1.074305178970098069e+02 1.051637732982634965e+01 1.037091213464736938e+01 2.328879168629645946e+01 7.668285369873046875e+00 1.288456258177757086e+01 3.284671252965927124e+01 2.199466130137443898e+01 4.670386402606964111e+03 7.218429386615753174e+00 1.068831328451633027e+02 5.894309036433696747e+02 3.259903945624827770e+02 1.042189359068870971e+02 1.289632925391197027e+01 3.117516991615294955e+03 1.316087797880173014e+02 1.768153292238712027e+02 5.933920919895172119e+00 9.068978786468505859e+00 3.580476300418376923e+01 6.710004806876182556e+03 5.444122898280620575e+02 3.624887317642569997e+03 1.003387823835014956e+03 1.091216039508580934e+03 1.192350899621844064e+03 9.508429590463638306e+02 9.565783661603927612e+01 6.346483021974563599e+00 1.008884139955043935e+02 5.718101835057139397e+03 0.000000000000000000e+00 2.334913670569657825e+03 5.217586430758237839e+03 2.266384371221066090e+02 4.431734322905539898e+02 1.774118645489215851e+01 3.976852649450302124e+01 3.198702068626881001e+01 1.872253158688544872e+01 1.620953789353371022e+01 4.371065156161785126e+01 2.177356003671885105e+02 1.880727077424525930e+02 4.673525750637053733e+01 1.608847404122352884e+02 2.836600953340530040e+01 2.174086332321166992e+01 2.758886086940765026e+01 0.000000000000000000e+00 8.281194567680358887e-01 7.099209296703338623e+01 6.739397406578063965e+00 3.124864103198050884e+02 4.697219114005566212e+02 8.175872117280960083e+00 3.922255158424376997e+00
5.417261630296707153e+00 0.000000000000000000e+00 9.703152179718017578e-01 4.464702308177947998e-01 7.468823492527008057e+00 8.424517124891281128e+00 5.057465434074401855e-01 4.140125870704650879e+00 8.853633612394332886e+00 0.000000000000000000e+00 1.528068721294403076e+00 0.000000000000000000e+00 2.803238928318024237e-01 3.195285499095916748e-01 3.692820280790328979e+00 0.000000000000000000e+00 0.000000000000000000e+00 4.164031097292900085e+01 1.529767364263534990e+00 3.782486340403556824e+01 2.365288048982619884e+01 5.806549191474914551e-01 3.666723370552062988e-01 1.138893723487854004e+00 8.380912005901336670e+00 0.000000000000000000e+00 9.726049005985260010e-01 4.496826529502869207e-01 4.989856183528900146e-01 2.387351423501967940e+00 0.000000000000000000e+00 4.240091487765312195e+00 6.092779189348220825e-01 2.041462481021881104e+00 6.476641297340393066e-01 3.870555949211121316e+01 2.063129901885985884e+00 1.754126816987991111e+00 0.000000000000000000e+00 0.000000000000000000e+00 1.242732822895050049e+00 0.000000000000000000e+00 3.850966095924376886e-01 2.482349634170531782e+00 1.405766218900680986e+00 7.286689877510070801e-01 1.237575232982635054e+00 5.347433686256408691e-01 1.402655005455017090e+00 2.627417919039725902e+01 1.331624537706374900e+00 2.114466702938079834e+01 4.456219434738159180e+00 1.831309944391251054e+00 1.453443861007690074e+01 1.616230398416518943e+00 4.972725570201873779e+00 5.322734427452086692e+01 0.000000000000000000e+00 0.000000000000000000e+00 9.056182801723480225e-01 0.000000000000000000e+00 4.908259749412536621e+00 1.084825561940670013e+01 1.189441233873367088e+00 0.000000000000000000e+00 1.509544144272803976e+02 1.171473960757256009e+03 3.885128741562365917e+02 1.965510949641465913e+03 6.352682703137397766e+02 4.447800206840037731e+02 1.010741203129291989e+03 8.777677685916423798e+02 3.711625274658203125e+03 3.644390556216239929e+01 1.160800987482070923e+01 0.000000000000000000e+00 2.446478247642517090e+00 1.707178056240082009e+00 5.522797852754592896e+01 1.100653132796288070e+01 9.613609820902347565e+02 9.402453303337097168e-01 1.202420085966587067e+02 7.639941819310188293e+02 3.175224678516387939e+02 1.719191765785216930e+01 2.974072575569152832e+00 4.006151126921176910e+02 3.952757382392883301e+01 4.591863297492265701e+03 4.098272144794464111e+00 1.248404324054718018e+00 4.516033520698546795e+02 7.597886998951435089e+02 8.963755625486373901e+01 8.313863037526607513e+02 2.238907215148211094e+02 5.597177360951899772e+01 9.084801176190376282e+01 9.083715122938156128e+01 5.562765964865685220e+01 4.224553152918815613e+00 1.188124666512012055e+02 3.118968812823296162e+02 2.334913670569657825e+03 0.000000000000000000e+00 3.542024037212132953e+03 1.985131797850131989e+03 1.179447276890278005e+02 7.356486111879348755e+01 1.372280190885066986e+01 1.128834232687949957e+01 3.313082686066628213e+01 2.003002375364303944e+01 3.294054597616195679e+01 1.869918985068798065e+02 2.949671530604362033e+03 7.173732069134712219e+01 3.522214674055575756e+02 6.838946476578712463e+01 7.040399610996246338e+00 3.141077262163161876e+01 0.000000000000000000e+00 0.000000000000000000e+00 2.938746494054793956e+01 0.000000000000000000e+00 1.416103875011205901e+03 7.320919953584671021e+02 3.817648261785507202e+00 1.556869268417357954e+00
2.927085649967193959e+01 2.264417111873627153e+00 0.000000000000000000e+00 5.966520309448242188e-01 5.181764215230941772e+00 8.937098026275634766e+00 1.534474492073059082e+00 4.107065260410308838e+00 1.023121792078018011e+01 2.501095652580260786e+00 3.582976341247559038e+00 3.125242292881011963e-01 1.974965631961823065e-01 3.799814730882645097e+00 2.332211211323738098e+01 3.946572542190551758e-01 2.204286277294158936e+00 1.745525643825531006e+02 9.027944639325141907e+00 1.616451411545276926e+02 9.999238374829292297e+01 2.996965527534484863e+00 4.215660244226455688e+00 1.031685188412665966e+01 1.859729471802711132e+01 1.044763803482056108e+00 6.392761111259459561e+00 8.356355130672454834e-01 4.308837845921516418e+00 8.230240479111671448e+00 1.661767855286597984e+00 1.670626874268054962e+01 7.212404906749725342e-01 4.056751400232315063e+00 3.527246370911598206e+00 9.855585172772407532e+01 1.155027884244919001e+01 4.233657926321029663e+00 1.613400608301162942e+00 8.545134067535400391e-01 1.225495527684688923e+01 2.013356536626815796e+00 1.269477069377898948e+00 0.000000000000000000e+00 2.867237329483032227e-01 4.289640992879868442e+00 1.270043434202671051e+01 3.018420934677124023e+00 6.280868321657180786e+00 5.811605015397071838e+01 5.581686645746231079e+00 4.428127688169478660e+01 9.625844925642013550e+00 1.089826303720474066e+01 4.492668835818768258e+01 8.895500004291534424e+00 1.159259051084518077e+01 2.538884820938110067e+02 3.494525253772736151e-01 0.000000000000000000e+00 3.153767585754395086e-01 0.000000000000000000e+00 1.811473083496094105e+01 2.762605355679988861e+01 1.139588668942451033e+00 2.403133273124694824e+00 1.549105311334132864e+02 2.700976395457983017e+02 2.849375939071177868e+02 6.307646268904209137e+02 1.026354844570160054e+02 8.853659135103225708e+01 5.774333211183547974e+02 4.344479583203793140e+02 3.999935766220092773e+03 8.944117081165313721e+01 4.852758446335793252e+01 7.937773436307907104e+00 8.501556515693664551e+00 1.602223268151282909e+01 1.139738925397395946e+02 6.383025857806205750e+01 2.519705206468700908e+03 9.640082269906997681e+00 2.177132979631423950e+02 1.165250338479876973e+03 8.898041098117828369e+02 4.094573888182640076e+01 1.310790491104125977e+01 1.417467316156625930e+04 4.008397209644318195e+02 3.095259921848773956e+02 1.238289266824721935e+01 9.515863746404647827e+00 4.942505612969397610e+00 4.884740843772888184e+02 1.076428080603480112e+03 2.461901164084672928e+03 3.270700844824314117e+02 8.431640085279941559e+02 3.931446614265441895e+02 2.633935270607470898e+02 2.148121228665112881e+02 3.315140932798386064e+00 1.831018293648957922e+02 3.859254274651408195e+03 5.217586430758237839e+03 3.542024037212132953e+03 0.000000000000000000e+00 4.412463206499814987e+02 8.113222707062959671e+02 1.095203498005867004e+01 4.470886018872261047e+01 1.997276344895362854e+01 5.086945971846581216e+01 1.995537850260734913e+01 1.253493532538414001e+01 2.548437908291817067e+01 1.498623111844062983e+01 5.055041164159774780e+00 1.535912695527077076e+01 2.102554917335509810e+00 2.691159376502037048e+01 2.589478167891502025e+01 0.000000000000000000e+00 1.123212695121764915e+00 9.673950010538101196e+01 5.785310745239257812e+00 1.281646489799022959e+02 9.842928326725959778e+02 1.133866173028945923e+01 1.458272159099579079e+00
7.199933528900146484e-01 3.207135200500487726e-01 0.000000000000000000e+00 2.662332653999329168e-01 0.000000000000000000e+00 5.563435792922973633e+00 0.000000000000000000e+00 5.733860135078430176e-01 3.354404836893082109e+00 0.000000000000000000e+00 0.000000000000000000e+00 0.000000000000000000e+00 0.000000000000000000e+00 6.532766520977020264e-01 5.203825622797012329e+00 3.100716471672058105e-01 0.000000000000000000e+00 2.642632693052291870e+00 3.466220498085021973e-01 3.501797705888748169e+00 1.057263344526290894e+00 1.000993639230727927e+00 5.156585678458213806e+00 0.000000000000000000e+00 1.196899026632308960e+00 1.221496641635894997e+00 1.087611743807793019e+01 1.027531710267066956e+01 2.583765268325806108e+00 2.790695926547050121e+01 4.547456890344619751e+00 0.000000000000000000e+00 0.000000000000000000e+00 0.000000000000000000e+00 5.160782727599143982e+01 1.950669318437576072e+00 1.725108593702316062e+00 0.000000000000000000e+00 0.000000000000000000e+00 0.000000000000000000e+00 0.000000000000000000e+00 7.343669801950454712e+00 8.423692512512207031e+01 8.256125473976135254e+01 2.752971216291189194e+02 7.708206191658973694e+01 8.262875258922576904e+00 7.199252694845199585e+00 2.465084016323090044e+00 1.633527934551239014e+00 0.000000000000000000e+00 4.515808105468750000e+00 5.665258616209030151e-01 3.911915421485900879e-01 3.713703513145447221e+00 2.283423185348511186e+00 1.221065691113471985e+01 1.439460881054401042e+01 0.000000000000000000e+00 1.219780093431472956e+01 0.000000000000000000e+00 6.905807852745056152e-01 2.315825629234313965e+01 8.352823257446289062e-01 1.389878433495759964e+02 1.137840250134468079e+01 2.604623422026633861e+01 5.011122350692749023e+02 8.844674563407897949e+01 3.774860844612122150e+02 2.360276654362679096e+02 1.016841107308865020e+02 1.171076319068669989e+02 8.006659743189811707e+01 1.437980849415064085e+03 1.347656712234019949e+02 2.384651737213135050e+02 9.886838018894195557e+00 5.186718612909317017e+00 3.739249278008937836e+02 7.122717595100402832e+01 8.033181110024452209e+01 1.141548396646976045e+02 1.810836300253868103e+01 7.224944251775741577e+01 8.762572367489337921e+01 5.471392768621444702e+01 2.783559468388557079e+01 8.520633363723754883e+01 2.937416194677352905e+02 4.760028967708349228e+02 6.435801406919956207e+03 7.525860995054244995e+00 8.204181289672851562e+01 3.108167921721934817e+03 8.193049911111593246e+02 1.896935249865055084e+02 1.213628434538840963e+02 7.754810590192675591e+03 2.787446536123752949e+01 4.167308504879475350e+01 3.632490372657775879e+01 1.063989970088005066e+01 4.478617998957633972e+01 2.486692285537720082e+01 2.061093686521053030e+02 2.266384371221066090e+02 1.985131797850131989e+03 4.412463206499814987e+02 0.000000000000000000e+00 6.949354391396045685e+02 1.800173971951008127e+02 1.963251272737979889e+02 1.452314394712448120e+02 5.976396799087524414e-01 3.822936773300170898e+00 1.007581987977028071e+01 9.287931308150291443e+01 1.085221974670886993e+03 1.561782050132750932e+01 7.362392929196357727e+01 3.347712695598601851e+00 8.256114673614501953e+01 1.328324270248413086e+01 1.269571423530579057e+00 3.004304158091545105e+02 7.625056326389312744e+00 8.292827546596527100e+00 7.566470104604958578e+03 3.694681921601294903e+02 1.131014970600605011e+03 4.568705025315284729e+01
9.043706953525543213e-01 0.000000000000000000e+00 0.000000000000000000e+00 0.000000000000000000e+00 0.000000000000000000e+00 0.000000000000000000e+00 0.000000000000000000e+00 0.000000000000000000e+00 0.000000000000000000e+00 5.012261867523193359e-01 6.004481911659240723e-01 0.000000000000000000e+00 0.000000000000000000e+00 3.325470969080924988e+00 1.559396052360535023e+01 9.312219917774200439e-01 4.862413257360457819e-01 7.795992180705069607e+00 1.172773003578186035e+00 1.618455564975738881e+01 9.114127337932586670e+00 6.407461360096930569e+00 1.062854683399200084e+01 2.131245464086533037e+00 1.369050195813179016e+01 6.227363070845603943e+01 1.920603515207766918e+02 1.331856839060783102e+02 1.645124609768391011e+01 7.047235766053199768e+01 3.454835802316666094e+00 0.000000000000000000e+00 2.279717043042182922e+00 3.186025440692902055e+00 4.526661983728408813e+02 5.035899221897125244e+00 7.112616285681725437e+00 5.260013937950134277e-01 3.300103843212128241e-01 6.123878061771392822e-01 6.501501441001892090e+00 1.932353952527045848e+01 2.015375023931264877e+02 7.930340233445167542e+01 3.021401499509810833e+02 7.690438833832740784e+02 3.442432621121407266e+01 1.373762459754944132e+02 1.213783681392669900e+00 2.204991742968558910e+01 3.720073699951171875e-01 3.458331525325775146e-01 3.390042781829833984e-01 0.000000000000000000e+00 7.871654927730560303e-01 6.043478846549987793e-01 2.283381651043891907e+02 3.136354549229145050e+01 0.000000000000000000e+00 7.211387753486633301e+00 0.000000000000000000e+00 6.221665024757385254e+00 1.357671473473309902e+02 1.251634313166142043e+01 2.853177320957183838e+02 8.568005035817623138e+01 8.838151037693023682e+00 4.624694173038005829e+01 2.908408197760581970e+01 1.908236533403396962e+01 1.784861615300178883e+01 1.160473498702049078e+01 2.424564054608345032e+01 2.790988031029700878e+01 2.095801661327480815e+03 1.495221660733222961e+02 3.753923341929913136e+02 1.745145696401596069e+01 1.683118945360184071e+01 4.373630714118481251e+02 1.009777543842792937e+02 6.909905871748924255e+01 1.215637990534305999e+02 8.787818199396133423e+01 8.347444415241479874e+02 3.166945561915636063e+02 1.984128741323947906e+02 2.359957628428936005e+03 2.968683037757874104e+02 8.681754293888807297e+02 1.641225215509534110e+03 9.365990137830376625e+03 4.815543231368064880e+01 3.153231500983238220e+02 4.392289489507675171e+00 1.483876342177391052e+02 2.023009830355643999e+03 7.696664928942918777e+02 1.002388622850180013e+03 6.838266884371638298e+03 2.202724556326865866e+02 7.109397619813680649e+02 1.258109632134437916e+01 1.944375760406256006e+02 1.430745476484298990e+02 1.358467558369040034e+03 4.431734322905539898e+02 1.179447276890278005e+02 8.113222707062959671e+02 6.949354391396045685e+02 0.000000000000000000e+00 3.302401569485663657e+01 1.190687000542879105e+03 1.256622142240405083e+03 2.556661278009415117e+00 2.119889003038406017e+01 4.741245806217194159e-01 1.950088819861412048e+01 2.496525111794472096e+01 3.333529770374298096e+00 1.712239861488341930e+01 8.181451559066772461e-01 4.428924614936112789e+02 1.190896058082580922e+01 0.000000000000000000e+00 1.014307080805301950e+02 2.363870620727539062e+00 6.687549889087677002e+01 4.880504304587841034e+03 3.276793081015347866e+02 7.034519527748227119e+03 7.439666424244642258e+02
1.286135777831077931e+01 5.906076341867446899e+00 2.110063403844832930e+00 2.575921386480330977e+00 5.946005702018737793e+00 1.142058673501015065e+01 2.302337348461151123e+00 2.123563408851623979e+00 1.316789537668227927e+00 2.745757266879082170e+00 7.420656144618988037e+00 6.561183333396911621e-01 0.000000000000000000e+00 1.192187756299972978e+00 9.249544888734817505e+00 1.811063498258590920e+00 0.000000000000000000e+00 3.973530530929564875e-01 1.396319627761841042e+00 2.180561989545822144e+01 1.665178298950195090e+00 7.275377780199050903e+00 8.150570541620254517e+00 1.045630931854248047e+00 8.385785499215126038e+01 2.182638136446475983e+02 3.497719954103230862e+02 9.106062714457511902e+02 9.099470588564872742e+01 5.098144605755805969e+01 7.159732953011989594e+02 7.497539848089218140e+00 2.447033494710921797e+00 1.051804125308990034e+00 1.165380143478512991e+03 1.597664040327071966e+01 1.086218910962342932e+02 7.358392059803009033e+00 2.693101793527603149e+00 1.478094160556792991e+00 4.227580457925797397e+00 4.584017713069915771e+02 1.346197666049004056e+03 1.086907030023634070e+04 7.443528478145599365e+03 5.072439532518386841e+03 1.118947249650955023e+01 6.359580585360527039e+01 1.210142598301171972e+02 1.509089334011077881e+02 2.054488748311996016e+00 7.636999487876892090e-01 4.924447342753410339e+01 1.906968474388123003e+00 6.847764521837233609e+00 8.204587787389755249e+00 1.025318535625935056e+03 6.842016404867172241e+01 1.354668638110161005e+01 1.328243350327014923e+03 3.221109151840209961e+00 3.206453916430473328e+01 1.400353150784969102e+03 3.942604452371597290e+01 2.399591717958449863e+03 3.478523339033126831e+02 6.453446131944656372e+01 7.093501099944114685e+01 1.432775723934173939e+01 2.845408684015274048e+01 2.564960616827011108e+01 3.213739195168017773e+02 1.319119197130203069e+01 1.143799054622649969e+01 6.777529624104499817e+01 8.690581768751144409e+00 2.433147692680358887e+01 2.100248336791992188e+00 6.952282786369323730e-01 2.623075056076050160e+01 6.111515820026397705e+00 3.263165497779846191e+01 2.106451657414435985e+01 8.419756889343261719e-01 3.578367888927460161e+00 1.719790399074553999e+00 3.694216480851172690e+01 5.405830860137938565e+00 6.398755431175231934e+00 1.282398861646652044e+01 1.312205582857131958e+01 6.958471438288688660e+01 1.250167703926562979e+02 1.001310985147953033e+03 5.264305902481079102e+03 1.063372555226087997e+02 1.540441036224365012e+00 1.010970026254653931e+01 2.018019097834825970e+03 2.103282187134026913e+02 1.697223462015390112e+02 2.247060592472552898e+01 1.117285764843225024e+03 1.525744438138603982e+04 1.318827716112137125e+02 5.178120404481887817e+00 1.774118645489215851e+01 7.356486111879348755e+01 1.095203498005867004e+01 1.800173971951008127e+02 3.302401569485663657e+01 0.000000000000000000e+00 1.661133844302595026e+04 6.296994145214557648e+01 9.724267111122608185e+02 1.065272052675486066e+03 3.045939213037490845e+01 6.512989884614944458e+01 1.904020656347275064e+02 1.584020376205443892e+00 2.165406301617622020e+01 9.141141891479492188e+00 8.695520957410335541e+02 4.665625184774398804e+00 3.016648737192153931e+02 1.356923069387674104e+03 1.880459219217299971e+00 5.404846122860909219e+01 4.763351933956146240e+03 8.721490263938903809e+01 2.350612714707850955e+03 1.244985350966453979e+02
9.450393497943878174e+00 1.283261686563492043e+00 4.426600039005280096e-01 0.000000000000000000e+00 1.903070509433745894e+00 6.025138556957244873e+00 2.176649600267409834e+00 8.074075579643249512e-01 2.389992475509643999e+00 1.949451364576816914e+01 1.375590977072715937e+01 1.202417925000190957e+00 3.924759179353713989e+00 3.723588994145392661e+01 8.729383035004138947e+01 1.962401740252972004e+01 0.000000000000000000e+00 3.904805548489093781e+01 7.883419990539550781e+00 3.419253130853176117e+02 6.207252484560012817e+01 1.927720270603894903e+02 3.101060543209313778e+02 3.084798231720924022e+01 3.135165424346923828e+02 1.765622562348843076e+03 2.233306230187416077e+03 3.501349600464106061e+03 3.397777501046658131e+02 3.411973794192076184e+03 9.880766874551773071e+01 4.394389152526854581e+00 2.010613259673118947e+01 4.245061495900154114e+01 5.288064265906810760e+03 8.412719833850860596e+01 7.370588521659374237e+01 5.123502716422080994e+00 1.048608779907226918e+01 1.015868335962296065e+01 7.947207483649253845e+01 4.230501529872416882e+02 2.227098588734865189e+03 1.898471623942255974e+03 3.386444548308848880e+03 1.300386559352279073e+04 5.285351766049861908e+02 1.480600277349353064e+03 6.900685562193393707e+01 5.125895682275295258e+02 6.462746977806091309e+00 5.064949989318847656e-01 1.672029647231101990e+01 3.625214070081710815e+00 6.952190756797791416e+00 2.028852093219757080e+01 4.191985578194260597e+03 2.321321441233158112e+02 0.000000000000000000e+00 1.971601555645466135e+02 9.386056065559387207e+00 1.538391713798046112e+02 2.514925504341721989e+03 2.214569433927536011e+02 1.585070964068173907e+03 1.366862289458513033e+03 5.979525320231915231e+01 5.095057256519793754e+01 5.709041184186934714e+01 8.215199351310729980e+00 1.072660031914710999e+01 1.994517466723918915e+02 5.870174497365952249e+01 1.015723550617694997e+02 1.739208643734455109e+02 1.769695878028869984e+01 5.194186058640480042e+01 1.811588883399962935e+00 6.598331153392791748e+00 1.017587325870991037e+02 4.555865979194641113e+01 3.731631324589251903e+02 1.309458609521389008e+02 4.795689240097999573e+00 4.893164429068564658e+01 3.914931829273701283e+02 1.275105538874865033e+03 3.056978327542542957e+03 1.260748153626919020e+03 4.150879192352294922e+01 5.578377723693847656e+01 4.196448562398552895e+03 1.710709986627101898e+03 7.191459828153252602e+03 1.365385971412063100e+03 5.749182088673114777e+01 2.405297997593880055e+01 2.592478998303412823e+02 1.406961217172444049e+04 9.204974113851785660e+02 7.342955126911401749e+03 7.613322263807058334e+02 4.210651197433472248e+02 2.181019774439930916e+04 2.173554462984203838e+03 5.633913338184356689e+01 3.976852649450302124e+01 1.372280190885066986e+01 4.470886018872261047e+01 1.963251272737979889e+02 1.190687000542879105e+03 1.661133844302595026e+04 0.000000000000000000e+00 1.834369086830317974e+04 5.248149926960468292e+02 1.669593348354100954e+03 2.725082364678382874e+01 4.009494657814502716e+01 1.946584078669548035e+01 8.731257677078247070e+00 1.722708925604819896e+01 9.599190622568130493e+00 1.217205562412738982e+04 2.463945541232824041e+02 0.000000000000000000e+00 3.962599068284034729e+02 6.861368268728256226e+00 1.824143882751465071e+03 1.268040099114179975e+04 8.034171006828546524e+02 5.991107966452836990e+03 1.088142677620053064e+03
4.040564000606536865e-01 0.000000000000000000e+00 0.000000000000000000e+00 0.000000000000000000e+00 0.000000000000000000e+00 1.419117301702498946e+00 0.000000000000000000e+00 5.244353264570236206e-01 1.413023889064789040e+00 2.553712069988251177e+00 3.109201610088347945e+00 1.007170289754867998e+00 6.556218266487121582e-01 2.033229047060013173e+01 7.057926671206951141e+01 1.157981549203396021e+01 0.000000000000000000e+00 2.332660695910454152e+01 2.480267673730850220e+00 1.819027997553349110e+02 3.553126358985900879e+01 1.334247306585311890e+02 2.551382081955671026e+02 8.605397701263427734e+00 2.471034704148769023e+01 3.415586146712303162e+02 5.076736185252665905e+02 9.757742431014776230e+02 1.307486249804497049e+02 1.752856799006462097e+03 4.941565975546836853e+00 5.931416749954223633e-01 6.143916070461273193e+00 1.412057220935822066e+01 7.521913950890302658e+02 4.531480188667774200e+01 2.251123751699924114e+01 1.489182025194168091e+00 1.388598591089249101e+00 4.845692694187164307e+00 2.489134529232979176e+01 1.051256713271141052e+01 4.601980571001768112e+02 6.667569682002067566e+01 2.138862112015486048e+02 2.630903085753322102e+03 5.058724465519189835e+02 1.007334290251136053e+03 1.394684614241123022e+01 1.799572746306658075e+02 1.728507399559020996e+00 2.347096502780913863e+00 7.162134945392608643e-01 9.471603631973266602e-01 2.079490691423416138e+00 6.533832907676696777e+00 6.497930949181318283e+02 3.203445340692996979e+01 0.000000000000000000e+00 1.072909995913506087e+01 6.322482377290725708e+00 1.738443377614020946e+01 1.988406350314616873e+02 1.008982568830251978e+02 2.132091619521378902e+02 7.571181152015924454e+02 5.514101257920265198e+01 7.204760968685150146e+01 1.063662497401237061e+02 3.750741332769393921e+00 3.686466902494430986e+00 2.897137817740440013e+01 2.159869556427001953e+02 2.264181931912899017e+02 2.979326033592224121e+01 2.580619692802429199e+00 2.578273662924766896e+01 7.994810968637466431e+00 5.968751493096352334e+01 4.995042087435721783e+02 3.835774789154530140e+02 3.610495581328868866e+02 3.245248352140188217e+02 1.494718351960182012e+01 1.950283043086529062e+02 1.525093851849436987e+03 1.215619977056979906e+03 3.304666946575046040e+03 8.638939568221569061e+03 8.961526900529861450e+00 8.619898766279220581e+00 2.621010015875101089e+03 2.258419268727303120e+02 3.190454235956072807e+03 4.169072836637496948e+01 5.957512825727462769e+01 7.422184437513351440e+00 7.428135256916284561e+02 6.462037774920463562e+02 2.671544435471295742e+02 8.218327638313174248e+03 1.107316345874965009e+04 1.675696930289268138e+01 2.614436495304108234e+02 7.609136436730623245e+02 6.626842981576919556e+01 3.198702068626881001e+01 1.128834232687949957e+01 1.997276344895362854e+01 1.452314394712448120e+02 1.256622142240405083e+03 6.296994145214557648e+01 1.834369086830317974e+04 0.000000000000000000e+00 5.161942213773727417e+00 4.387405514717102051e+01 6.643990367650985718e+00 2.087104189395904896e+01 4.041249066591262817e+00 5.105936527252197266e+00 8.645869821310043335e+00 1.188806912302971064e+01 3.286795245587825775e+03 9.669800826907157898e+01 0.000000000000000000e+00 6.154513686895369595e+00 1.951216456294060109e+01 7.145907638669013977e+02 2.816643635734916188e+03 6.082801285833120346e+02 1.756736346483230875e+02 4.392514470070601078e+02
4.453067117929459329e+01 8.947006940841674805e+01 9.838646844029426575e+01 7.839730340242385864e+01 4.112492404580116272e+02 8.892331436276435852e+02 6.500935202836990356e+01 7.035509190857410431e+02 1.577980386823415984e+03 1.744493180513381958e+01 4.410122305154800415e+00 0.000000000000000000e+00 0.000000000000000000e+00 4.350891113281250000e-01 4.017677158117294312e+00 3.302124568819999695e+01 0.000000000000000000e+00 4.128473019599915119e+02 0.000000000000000000e+00 4.074209231138228660e+01 5.236394226551055908e+00 1.181759417057036909e+00 3.232051879167557207e+00 4.993440508842468262e-01 5.154671993851661682e+01 7.323138713836669922e-01 3.727813482284545898e+00 5.471602231264114380e+00 1.354275882244110107e+00 5.995388746261596680e+00 5.427737891674041748e+00 4.580913786590099335e+01 1.468622761964797974e+01 1.276410365104674938e+01 4.655394196510314941e+00 1.843013857007026957e+02 5.031438213586807251e+01 2.234709709882735851e+01 6.814249753952026367e-01 1.792999029159545898e+00 5.801859480142592673e+01 6.423535615205764771e+00 5.932902634143829346e+00 6.756761729717254639e+00 1.052994117140769958e+01 8.891726762056350708e+00 1.803217351436614990e+00 3.096390694379806963e+00 7.952934390008449554e+02 7.435055270791053772e+01 3.786004284024239297e+01 3.720806219577788738e+02 1.854128694534302113e+01 1.218910881876944963e+01 2.359186505973339081e+02 1.321064954996109009e+01 2.041014388203620911e+01 1.966758246272802069e+02 0.000000000000000000e+00 3.350243866443634033e-01 0.000000000000000000e+00 0.000000000000000000e+00 3.562647289037703757e+01 8.236171528697013855e+01 3.748397111892700195e+00 1.027182966470717940e+00 1.186384617745876085e+03 1.477850684225558950e+02 6.226900300383567810e+01 7.610670953989028931e+01 9.907715664803981781e+02 7.023399638891220093e+03 3.313792079389094738e+02 3.542896863073111035e+03 1.034202266335486939e+02 5.419934391975402832e-01 3.691727817058563232e-01 0.000000000000000000e+00 1.246702194213866965e+00 0.000000000000000000e+00 0.000000000000000000e+00 5.788896083831787109e-01 8.103057104349136353e+01 0.000000000000000000e+00 2.176468551158905029e+00 2.107026408016681955e+02 1.480705204606056036e+01 1.075402200222014937e+00 1.519800812005996926e+00 9.648076176643371582e+00 1.339347630739212036e+00 2.335153549909592030e+01 1.152269199490547003e+01 4.597552967369555859e+02 2.318273043632506969e+01 5.022884103357791901e+02 6.297799944877624512e-01 5.600245746970176697e+01 2.759964191913605092e+01 1.061179816722870095e+00 4.595169961452484131e+00 3.139205098152161089e+00 5.509635096400976181e+03 3.189488342285155795e+03 1.158681859856843948e+04 1.700364589691162109e+00 1.872253158688544872e+01 3.313082686066628213e+01 5.086945971846581216e+01 5.976396799087524414e-01 2.556661278009415117e+00 9.724267111122608185e+02 5.248149926960468292e+02 5.161942213773727417e+00 0.000000000000000000e+00 9.319339494764804840e+03 7.322889173030853271e+02 1.052349330455065001e+03 1.352215850353240967e+01 1.919845497608185170e+01 4.513559046387671856e+02 1.044705440700054027e+02 2.108455923199653981e+01 6.483814129233360291e+01 1.434916973114013894e+00 5.016784101724624634e+00 1.049748834669589996e+02 1.505739510059356911e+00 3.088459175825119019e+01 3.706845391988754272e+02 4.371325731277465820e+00 1.114939063787460105e+00
1.344983424246310904e+02 2.361978191137313843e+01 1.950173324346542003e+01 1.149593985080718994e+01 8.217304453253746033e+01 1.257156298458576060e+02 8.704879611730575562e+00 1.530926708579063131e+02 2.726175445616245270e+02 2.990124902129172924e+01 8.170470058917999268e+00 5.597387552261352539e-01 0.000000000000000000e+00 3.786031514406203780e+00 7.953783622384071350e+01 1.003206041455269037e+01 2.689248621463776079e+00 2.550969471037388132e+02 6.332640737295150757e+00 2.068630048632622049e+02 7.116345092654228210e+01 3.540001451969147173e+00 9.989990502595901489e+00 8.297873169183731079e+00 7.808688031136989594e+01 1.245837464928627014e+01 1.898931694030762074e+01 4.002909326553344727e+01 2.275130659341812134e+01 6.593716387450695038e+01 1.083647876977921065e+01 6.643275207281112671e+01 2.186099120974541066e+01 1.038374206423758928e+01 2.405219069123268127e+01 3.483231485486031147e+02 6.656713330745697021e+01 3.611652556061744690e+01 3.342300415039062056e+00 1.402503013610840066e+00 4.708730137348175049e+01 1.910787320137023926e+01 1.632028131186962128e+01 2.424029862880707142e+01 3.581898871064186096e+01 8.590107771754264832e+01 1.725951628386973979e+01 3.188203927874565125e+01 2.208719929754734039e+02 2.929842875003815266e+02 4.682309523224831338e+01 1.057536303400993063e+02 4.396421903371810913e+01 3.089918152987957001e+01 2.730839874893426895e+02 3.814829811453819275e+01 4.630964863300322776e+01 1.628700343221426010e+02 0.000000000000000000e+00 5.717882603406906128e+00 8.950540125370025635e-01 0.000000000000000000e+00 5.999736651778221130e+01 1.396874049603939056e+02 3.318610994517803192e+01 1.419104048609733937e+01 4.246249589025974274e+02 1.540114486217498957e+01 3.002470701932907104e+00 7.207614779472351074e-01 3.686712437868118286e+01 9.036833139657974243e+02 2.051632001996039989e+01 1.304093378186225891e+02 4.857449105381966348e+01 8.015154004096984863e-01 0.000000000000000000e+00 0.000000000000000000e+00 0.000000000000000000e+00 1.747902750968933105e+00 0.000000000000000000e+00 3.111019682884215953e+01 1.401820510625839056e+01 0.000000000000000000e+00 3.786878287792205811e-01 3.134277501702309010e+01 2.377459307909012125e+02 5.568533128499984741e+01 4.013026058673859198e-01 8.829293042421340942e+00 3.466390907764434814e+00 1.070898220241069936e+02 9.451750955879688263e+02 2.661140372514725186e+03 6.757545647025108337e+01 1.982616859972476959e+02 2.020212829113007036e+00 4.663792699575424194e+00 1.868633712828159048e+02 8.638150751590728760e+00 1.187948313355446039e+01 3.006695508956909180e+00 9.609266602903604507e+03 4.981956970334053040e+03 1.030045622232555979e+04 6.687185764312744141e-01 1.620953789353371022e+01 2.003002375364303944e+01 1.995537850260734913e+01 3.822936773300170898e+00 2.119889003038406017e+01 1.065272052675486066e+03 1.669593348354100954e+03 4.387405514717102051e+01 9.319339494764804840e+03 0.000000000000000000e+00 2.620554650723934174e+02 2.569877969026566120e+02 1.739288538694381936e+00 1.160948079824447987e+01 1.607915697395802113e+02 5.222470721602439880e+01 2.052263434827328012e+02 3.095603844523429871e+01 4.475513100624083918e-01 1.234275525808333995e+01 6.161670333147048950e+01 3.378757774829865212e+01 7.992736992239952087e+01 1.793413661718369099e+02 1.669059842824935913e+01 6.354706078767775601e+00
2.324335989356040955e+01 8.971553444862365723e+00 7.755858123302459717e+00 7.100251436233521396e+00 1.675037413835525868e+01 6.125941395759583230e+01 3.117814838886260986e+00 3.304960602521895652e+01 6.999095615744590759e+01 6.519408255815505981e+00 0.000000000000000000e+00 0.000000000000000000e+00 0.000000000000000000e+00 1.975156933069228904e+00 8.811264872550964355e+00 2.221658319234848022e+00 3.028591796755791155e+00 5.674989920854567771e+01 2.571817040443419966e+00 2.476767632365227101e+01 1.131708526611327947e+01 4.059121310710906982e-01 4.824717208743095398e+00 3.626815825700759888e+00 2.076414433121680858e+01 3.680487275123596191e-01 1.054578959941864014e+00 1.635626852512360063e+00 1.795928597450255904e+00 1.206727588176726940e+01 7.397386521100997925e+00 1.552593705058098017e+01 3.367584317922592163e+00 5.635449320077896118e+00 9.153414368629455566e-01 5.974387231469153647e+01 2.108923286199570146e+00 4.032471776008605957e+00 0.000000000000000000e+00 0.000000000000000000e+00 1.073544013500213978e+01 5.091689854860305786e+00 0.000000000000000000e+00 6.444832682609558105e-01 6.284589469432830811e-01 9.661282747983932495e-01 4.838283836841583252e+00 1.116183519363403098e+00 1.542774149775505066e+01 3.968530842661858316e+01 7.626484274864196777e+00 9.511041468381881714e+01 9.386795699596405029e+00 1.075318704545498072e+01 7.870725959539413452e+01 6.654269605875015259e+00 1.593287137150763932e+01 8.955998870730400085e+01 0.000000000000000000e+00 0.000000000000000000e+00 1.635449647903441939e+00 1.514552474021912065e+00 1.125239418447018025e+01 2.558482074737548828e+01 3.825623989105225164e-01 3.547803759574890137e-01 1.668012679249048006e+03 3.823127385079861256e+02 1.578785640001296997e+02 1.579602732062340067e+02 3.022298820018767742e+02 8.827040813863277435e+02 3.107413910627365112e+02 5.087027589678763775e+02 1.435364443063735962e+01 0.000000000000000000e+00 2.806915712356567028e+01 1.158372142910956981e+01 2.039019086956977844e+01 5.343888717293739319e+02 2.650618042349814800e+02 1.694906015783547900e+03 1.828302938044070913e+02 7.707145392894744873e+00 1.451706471741198925e+02 4.157470274865626720e+02 6.513456228971481323e+02 2.728212288022040966e+01 1.295489696860313131e+02 6.592835873365402222e+00 3.646907091140747070e+00 1.183338248729705988e+01 3.637772381305695291e+01 1.065271525084971955e+02 7.480437162518501282e+01 6.747272883728146553e+03 1.546046623587607982e+01 1.884221902787685110e+02 2.311276677250862122e+01 3.706153243780136108e+00 2.315874955058097839e+01 2.591890975832939148e+01 1.068858135044575022e+02 9.596425971388816833e+01 5.691780856549739838e+02 1.818087166547774913e+01 4.371065156161785126e+01 3.294054597616195679e+01 1.253493532538414001e+01 1.007581987977028071e+01 4.741245806217194159e-01 3.045939213037490845e+01 2.725082364678382874e+01 6.643990367650985718e+00 7.322889173030853271e+02 2.620554650723934174e+02 0.000000000000000000e+00 2.099088382750750043e+03 1.314861781895160959e+02 2.212329260110855103e+02 3.414139603257178806e+03 6.573400062322616577e+01 8.720009878277778625e+01 7.067166734337806702e+02 1.240173220634460005e+00 0.000000000000000000e+00 9.901559299230575562e+01 1.308967590332031072e+01 4.460905325412750244e+01 1.153729439079761931e+02 9.567555785179138184e-01 3.684334158897399902e+01
3.908965170085430145e+02 4.561444079875946045e+01 1.029023390710353993e+02 7.131687095761299133e+01 2.174143360555171967e+02 5.664263010919094086e+02 2.702302172780036926e+01 2.738132865726947784e+02 5.183786298632621765e+02 1.326247209310531971e+01 5.079787313938140869e+00 0.000000000000000000e+00 0.000000000000000000e+00 1.045921385288238969e+00 2.711838603019713911e+00 3.142728316783905029e+01 9.892353713512420654e-01 3.373704620301722912e+02 2.196501612663269043e+00 1.859427478611468985e+02 3.309164184331893921e+01 1.968095690011977927e+00 1.331462174654006958e+00 3.885827630758285967e+00 2.359262626916170120e+02 3.866792321205139160e-01 2.430140003561974016e+00 1.059412240982056108e+00 0.000000000000000000e+00 1.919661581516266091e+00 5.689152342081069946e+01 1.568679001033306122e+02 3.878603154420852661e+01 2.994567689299583080e+01 3.343251943588256836e-01 3.576926281154155731e+02 1.220287826657295049e+01 6.662418411672115326e+01 0.000000000000000000e+00 0.000000000000000000e+00 5.853494659066200256e+01 3.893177817761898041e+01 8.183982312679290771e+00 1.849356234073638916e+00 3.936107870936393738e+01 3.978870481252669844e+00 4.889480412006378174e+00 3.511888891458510908e+00 1.794694447517395020e+02 2.093190930187701895e+02 5.499178081750869751e+01 7.173106373846530914e+02 1.147575960010290004e+02 1.210710161328316019e+02 6.412289712131023407e+02 3.557035803794860840e+01 2.267351026833057119e+02 5.191200998276472092e+02 1.596092045307158980e+00 0.000000000000000000e+00 1.400406217575073065e+01 1.714956820011138916e+00 1.516345738321543024e+02 1.868594993054867075e+02 1.914136797189712969e+00 7.759739458560943604e-01 2.210440056532620929e+03 1.595907085090876080e+03 2.228791464269160940e+02 7.676604012250900269e+02 1.624510548681020964e+03 3.011542111188172839e+03 1.115738960400223959e+03 1.982179603755474091e+03 2.524987053871155140e+01 0.000000000000000000e+00 0.000000000000000000e+00 1.913291871547698975e+00 8.645886182785034180e-01 0.000000000000000000e+00 2.503981351852416992e+00 2.217733889818191972e+00 2.699705272316933247e+02 0.000000000000000000e+00 1.349868419170379923e+02 8.146032372117042542e+02 2.478569611907004955e+01 5.775973916053771973e+00 6.303462386131286621e+00 6.008496999740600586e+00 1.985206633806229082e+00 8.342159265279769897e+01 0.000000000000000000e+00 9.180665969848632812e+00 5.076316544711589813e+02 2.861789564877748035e+03 1.226020876169204996e+02 5.547154087871313095e+02 1.759925614595412924e+02 1.011337459087372004e+01 2.658931845426559093e+01 4.268870900571346283e+01 3.132537679076194763e+02 9.921481567621231079e+01 1.268393535614013899e+03 1.054169739186764048e+02 2.177356003671885105e+02 1.869918985068798065e+02 2.548437908291817067e+01 9.287931308150291443e+01 1.950088819861412048e+01 6.512989884614944458e+01 4.009494657814502716e+01 2.087104189395904896e+01 1.052349330455065001e+03 2.569877969026566120e+02 2.099088382750750043e+03 0.000000000000000000e+00 3.501336499005556107e+02 1.362772682458162080e+03 1.009200522431731042e+04 1.418817793428898142e+02 8.120925801396369934e+02 4.294271538406609579e+03 2.827541947364807129e+00 0.000000000000000000e+00 3.255416305363178253e+02 5.645158424973487854e+01 3.697173356711863903e+02 5.579829037487506866e+02 2.303280860185623169e+00 5.081526637077331543e-01
1.211043834686279075e+00 0.000000000000000000e+00 1.227712154388427956e+00 4.081399738788604736e-01 6.031728118658065796e+00 9.989663422107696533e+00 0.000000000000000000e+00 6.582940727472305298e+00 1.211284622550011036e+01 1.015516132116317971e+00 0.000000000000000000e+00 0.000000000000000000e+00 0.000000000000000000e+00 3.823758959770203192e-01 6.087029874324798584e-01 1.074380040168761985e+00 0.000000000000000000e+00 5.696677863597869873e+00 0.000000000000000000e+00 2.999086439609528032e+00 1.683227628469466941e+00 1.179730623960494995e+00 0.000000000000000000e+00 0.000000000000000000e+00 3.154202997684478760e-01 0.000000000000000000e+00 0.000000000000000000e+00 3.918263316154479980e-01 0.000000000000000000e+00 6.736929118633270264e-01 0.000000000000000000e+00 7.803764343261718750e-01 0.000000000000000000e+00 0.000000000000000000e+00 6.732447147369384766e-01 4.961395204067230225e+00 0.000000000000000000e+00 0.000000000000000000e+00 0.000000000000000000e+00 0.000000000000000000e+00 9.735378623008728027e-01 0.000000000000000000e+00 1.540737062692641990e+00 7.040251612663269043e+00 6.169700860977172852e+00 5.283076822757720947e+00 0.000000000000000000e+00 0.000000000000000000e+00 1.328512668609618919e+00 2.058705329895019975e+00 9.400355219841003418e-01 5.202500164508819580e+00 2.020529240369797197e+00 0.000000000000000000e+00 5.034968137741088867e+00 8.286074101924896240e-01 1.229103922843933105e+00 7.119229629635810852e+00 0.000000000000000000e+00 0.000000000000000000e+00 0.000000000000000000e+00 0.000000000000000000e+00 3.383383780717850176e+00 0.000000000000000000e+00 3.685651212930678877e+00 5.495437085628509521e-01 8.471671718358993530e+01 6.738174216747283936e+02 1.707611693143844889e+02 2.041799805760383890e+02 2.542028950154781057e+02 2.323798488080502125e+02 1.528631161749362946e+02 1.333545679748058035e+02 2.194655534625053050e+01 9.609661698341369629e-01 0.000000000000000000e+00 0.000000000000000000e+00 0.000000000000000000e+00 0.000000000000000000e+00 5.606064796447753906e-01 0.000000000000000000e+00 1.602261486053467081e+02 0.000000000000000000e+00 4.053119778633117676e+00 3.946018701791763306e+01 4.099266648292542392e+00 3.314700603485106978e+00 1.891258895397186057e+00 1.321489921212195995e+01 5.035268664360046387e-01 4.718350049257277874e+02 2.147999644279479980e+00 0.000000000000000000e+00 1.838289185583591006e+03 1.821187477198243141e+04 1.817167580127716064e+00 5.903914421796798706e+01 5.488854794353246689e+02 1.418475222587584916e+01 3.080659347772597911e+01 2.592128333449364064e+01 4.375390380620956421e+00 8.285257637500762939e+00 1.422395977377892073e+01 2.951482111215591075e+01 1.880727077424525930e+02 2.949671530604362033e+03 1.498623111844062983e+01 1.085221974670886993e+03 2.496525111794472096e+01 1.904020656347275064e+02 1.946584078669548035e+01 4.041249066591262817e+00 1.352215850353240967e+01 1.739288538694381936e+00 1.314861781895160959e+02 3.501336499005556107e+02 0.000000000000000000e+00 7.927719104290008545e+02 5.222719649672508240e+02 3.397011026740074158e+01 3.992620050907135010e+00 8.541536194086074829e+01 1.146286725997925027e+00 4.414013028144836426e+00 1.303842112421989086e+01 1.533467531204224077e+00 4.098220493286848068e+03 9.865883624553680420e+01 1.369572758674622026e+00 0.000000000000000000e+00
9.922903388738632202e+00 1.039830446243285911e+00 2.070018142461777177e+00 6.756124734878540039e+00 7.107744216918945312e+00 1.446810364723205922e+01 5.050224065780639648e-01 9.651256114244461060e+00 1.274164542555809021e+01 1.303846925497055054e+00 0.000000000000000000e+00 0.000000000000000000e+00 0.000000000000000000e+00 0.000000000000000000e+00 2.864971846342086792e+00 7.828683853149414062e-01 0.000000000000000000e+00 1.459564077854155961e+01 9.137132763862609863e-01 1.184170931577681962e+01 2.293309658765792847e+00 3.484111428260803223e-01 2.349062711000442949e+00 1.348748594522475974e+00 1.137215837836265919e+01 0.000000000000000000e+00 2.690135240554810125e-01 2.610388487577437910e+00 5.077090859413146973e-01 1.086405891180037919e+01 1.238944076895713948e+02 6.862267658114433289e+00 1.009040981531142966e+00 8.977339863777160645e-01 6.938882768154144287e-01 1.290328666567802074e+01 2.061905235052109209e+00 2.959702461957931963e+00 0.000000000000000000e+00 0.000000000000000000e+00 4.609994262456893921e+00 1.363380074501038042e+00 4.018472731113433838e-01 5.580477118492126465e-01 7.376108169555664062e-01 3.160652339458466020e+00 3.030260473489760908e+00 2.485284328460692915e+00 6.935055524110794067e+00 7.649013251066207886e+00 7.589621186256408691e+00 5.576147305965424295e+01 7.925951838493347168e+00 9.441178457438945770e+01 2.370684546232223866e+01 3.474924832582474199e+00 9.442624518275260925e+01 1.806677456200122833e+01 1.963979458808898926e+01 0.000000000000000000e+00 2.294123518466949108e+01 4.380084872245789129e-01 5.730593043565750122e+01 1.208643242716789068e+01 5.944275856018066406e-01 6.189407408237457275e-01 2.367880114912987040e+02 3.239486713409423828e+02 7.946658450365066528e+01 2.497779806852340982e+02 1.648413751125335978e+02 2.256934584975242899e+02 2.594656886756420135e+02 3.141585293412209126e+02 4.637407600879669189e+00 0.000000000000000000e+00 1.583968436717987061e+01 8.972164839506149292e+00 9.547499001026153564e+00 2.499613510966300964e+02 5.730819767713546753e+01 4.931528186500071911e+02 1.290390229523181915e+02 4.767107576131820679e+00 2.486032480001449940e+01 9.536183163523674011e+01 1.108782596886157990e+02 1.600064715743064880e+01 7.568067425489425659e+01 1.001495248079299927e+01 1.339109510183333906e+00 3.850695848464965820e+00 7.952959060668945312e+00 5.755691039562225342e+01 1.097176979184150923e+03 2.127996310546994209e+03 4.140700519084930420e+00 9.284379440546035767e+01 2.521967202425003052e+01 5.208189129829406738e+00 2.143548715114593861e+01 2.082941180467605946e+01 1.692238855361938121e+01 4.029134094715118408e+00 6.682609313726425171e+01 1.940600892901420949e+01 4.673525750637053733e+01 7.173732069134712219e+01 5.055041164159774780e+00 1.561782050132750932e+01 3.333529770374298096e+00 1.584020376205443892e+00 8.731257677078247070e+00 5.105936527252197266e+00 1.919845497608185170e+01 1.160948079824447987e+01 2.212329260110855103e+02 1.362772682458162080e+03 7.927719104290008545e+02 0.000000000000000000e+00 1.788775610953568957e+03 1.648948868811131092e+02 1.828838415145874023e+02 2.561875609755516052e+02 1.759598586559295939e+02 1.258255004882812056e+00 1.871273608505725861e+02 7.731683785915374756e+02 1.874310254752635956e+02 3.154362098872662159e+02 0.000000000000000000e+00 1.873136374354362133e+01
2.219612727761268900e+02 3.586180689930915833e+01 5.347926235198975320e+01 3.929295951128005981e+01 1.048721035122870973e+02 3.314907028377056122e+02 1.391775080561638056e+01 1.707537800967693045e+02 2.934467067122458843e+02 1.320192509889603016e+01 1.289814233779907005e+00 7.367094755172729492e-01 7.127919793128967285e-01 3.814118504524230957e-01 4.659789383411406583e+00 1.756710615754127858e+01 1.817214459180831909e+00 2.805010566711425781e+02 3.343064129352570024e+00 1.654896327257156088e+02 3.575735071301460266e+01 0.000000000000000000e+00 1.703847289085387962e+00 5.844819098711013794e+00 1.136408758759499023e+02 4.560339748859406073e-01 6.335360944271087646e+00 0.000000000000000000e+00 1.251028478145598921e+00 3.568482488393784013e+00 4.156962159276009316e+01 1.031667228192090988e+02 1.472153489291667938e+01 1.875903519988059998e+01 1.814122378826140913e+00 3.223197343349456787e+02 6.630479902029036587e+00 3.121580187976359966e+01 2.011467695236206055e+00 9.127483367919921875e-01 5.161539846658706665e+01 2.629724228382110951e+01 7.376762330532073975e+00 2.285754919052124023e+00 2.060606321692467091e+01 4.015046507120131558e+00 7.149967849254608154e+00 6.336828798055648804e+00 1.581421495676040934e+02 2.087723550200462057e+02 3.043911692500114086e+01 4.515453367531300159e+02 7.216575405001640320e+01 6.251343771815299988e+01 4.614306263327599140e+02 3.314467991590499878e+02 1.804620448350906088e+02 2.777416267096995739e+02 0.000000000000000000e+00 0.000000000000000000e+00 4.073219716548919678e+00 9.669792056083679199e-01 8.882503648102283478e+01 1.359999554306268976e+02 7.995114624500274658e-01 1.171945333480834961e+00 3.252349435389041901e+02 1.002089855045079958e+03 1.947067744731903076e+02 1.340581346452235948e+03 1.044316495895385970e+03 1.674896396905184019e+03 1.006727029234171027e+03 1.627574789464473952e+03 1.245966020226478932e+01 0.000000000000000000e+00 0.000000000000000000e+00 1.504327356815337913e+00 3.317635715007781982e+00 5.298381865024566650e+00 8.553095957636833191e+01 3.337667840719223022e+01 3.668767683506011963e+02 4.893538653850554865e-01 3.536164994239807129e+02 8.897071160674095154e+02 1.274179103732109070e+03 8.705680012702941895e+00 9.824385195970535278e+00 1.947187900543212891e+00 6.803906857967376709e-01 8.130835098028182983e+01 1.379902684688567938e+01 3.923420667648314986e+00 4.428403393924235729e+02 2.094335766553878784e+03 9.433958387374877930e+01 5.038117589056491852e+02 1.239177916795015051e+02 7.349302232265472412e+00 3.287710902094841003e+01 4.685584133863449097e+01 2.468405087888241098e+02 1.526073019206524073e+01 6.680195665359497070e+02 6.163400843739510293e+01 1.608847404122352884e+02 3.522214674055575756e+02 1.535912695527077076e+01 7.362392929196357727e+01 1.712239861488341930e+01 2.165406301617622020e+01 1.722708925604819896e+01 8.645869821310043335e+00 4.513559046387671856e+02 1.607915697395802113e+02 3.414139603257178806e+03 1.009200522431731042e+04 5.222719649672508240e+02 1.788775610953568957e+03 0.000000000000000000e+00 5.414424698054790497e+02 5.886371738910675049e+02 4.099385734707117081e+03 0.000000000000000000e+00 0.000000000000000000e+00 2.887028469741343883e+02 1.082351854741573050e+02 4.670966784358025166e+02 1.661434204846621014e+03 2.456713318824768066e+00 3.366613376140593772e+01
4.258107525110244751e+01 5.555947422981262207e-01 4.911458939313889438e+00 4.163359463214874268e+00 1.665163844823836925e+01 2.125814869999885914e+01 0.000000000000000000e+00 2.141065448522568104e+01 3.997595116496086121e+01 5.334609508514404297e+00 8.048008978366851807e-01 5.302102565765380859e-01 4.980196654796599787e-01 5.557516485452651978e+00 6.607122611999511719e+01 3.583377629518508911e+00 4.495444387197495395e+00 1.154943853616714051e+02 1.066896322369576033e+01 9.759671786427497864e+01 5.657817238569260354e+01 1.434215813875197920e+00 4.563288837671279907e+00 1.168168935179710033e+01 3.319662466645240784e+01 1.455930978059768899e+00 2.284933298826218095e+00 7.196671366691589355e-01 1.829547584056854026e+00 8.765692651271820068e+00 3.992305368185042891e+00 2.491704711318016052e+01 3.942229926586151123e+00 7.301301091909408569e+00 3.643056273460388184e+00 1.077764507532120035e+02 4.654104202985764438e+00 1.283578017354012069e+01 7.012358903884887695e-01 1.501626014709473100e+00 1.887502586841582897e+01 5.900438636541366577e+00 6.436852812767028809e-01 2.266609668731688898e-01 4.662358641624450684e+00 4.167700171470642090e+00 3.136034399271010908e+00 1.676627755165100098e+00 2.837952798604964855e+01 7.013652712106704712e+01 1.357054802775382996e+01 5.427727538347244263e+01 1.699776083230971935e+01 2.014032836258411052e+01 1.881442119479179098e+02 5.430310231149196625e+02 8.426943868398666382e+00 1.148043672144412994e+02 8.869432210922241211e-01 0.000000000000000000e+00 2.046188861131668091e+00 7.376934885978698730e-01 1.744082251191138866e+01 3.508914500474929810e+01 2.401789784431457964e+00 8.995861113071441650e-01 8.429786056280136108e+01 2.076597009897232056e+02 8.334830805659294128e+01 2.811902005672454834e+02 2.270306782126426981e+02 2.860133060514926910e+02 4.902089217007160187e+02 7.539232902824878693e+02 5.087129086256027222e+00 4.366574466228485107e+00 1.752633738517760875e+01 2.225221210718154907e+01 6.151859709620475769e+01 2.123555881798266910e+03 1.943547536313534010e+03 1.113957265880703926e+04 2.479593544006347940e+02 2.733413839340209961e+01 1.817126744389533997e+02 6.670150910019874573e+02 2.606203543096780777e+03 2.800069686770439148e+01 3.234034257233142853e+02 2.217139661312102827e+00 8.432388156652450562e+00 9.356652826070785522e+00 5.004056677818297771e+02 1.708207236826420115e+02 5.866411757469177246e+01 1.541452315151690868e+02 2.940969267487525940e+01 2.455008025467396067e+02 1.339656773209572016e+01 4.120160967111588413e+00 1.105725848674773992e+01 3.175601372122764943e+01 1.571927986145020100e+02 1.390558418631554005e+01 2.914953569471836090e+02 1.537176346778869984e+01 2.836600953340530040e+01 6.838946476578712463e+01 2.102554917335509810e+00 3.347712695598601851e+00 8.181451559066772461e-01 9.141141891479492188e+00 9.599190622568130493e+00 1.188806912302971064e+01 1.044705440700054027e+02 5.222470721602439880e+01 6.573400062322616577e+01 1.418817793428898142e+02 3.397011026740074158e+01 1.648948868811131092e+02 5.414424698054790497e+02 0.000000000000000000e+00 8.959547516703605652e+01 3.548259759753942035e+03 3.414606881141663308e+01 4.060299521684647317e+01 1.475231642723082928e+02 4.085442599654197693e+01 2.482652390003203990e+01 3.826579081714152721e+02 1.093403294682503031e+02 6.029973882436752319e+01
3.030938252806663957e+00 0.000000000000000000e+00 0.000000000000000000e+00 0.000000000000000000e+00 1.246398806571960005e+00 0.000000000000000000e+00 0.000000000000000000e+00 1.371174246072768943e+00 2.550038754940032959e+00 2.485113948583602905e+00 1.664247095584868941e+00 3.306597173213958740e-01 3.039573401212691817e+00 2.772483384609222057e+01 2.953319077193737030e+02 2.367368787527083906e+00 1.126511812210083008e+00 1.995281416177749989e+01 1.356944769620894942e+00 1.293003389984368994e+02 3.411722980439662933e+01 8.840528622269630432e+01 4.390355963110923767e+02 3.002851366996765137e+00 5.592346790432929993e+01 2.820343764424324036e+02 3.109053032845259281e+02 1.352268744632601965e+03 7.718043431639671326e+01 2.660763433516025998e+03 1.774732545018196106e+01 3.545010119676589966e+00 3.064058840274810791e+00 1.029665820300579071e+01 6.901441413164138794e+02 3.299329599738121033e+01 6.089246124029160434e+00 4.479423165321350098e-01 6.769950091838836670e-01 9.011047482490539551e-01 1.032665663957596003e+01 4.769587630033493042e+01 2.899923184812068939e+02 2.873892474174500080e+02 4.576594179868698120e+02 2.351767240270971797e+03 4.467982536405324936e+02 5.641888680607080460e+02 6.142093300819396973e+00 1.056303949654102041e+02 0.000000000000000000e+00 4.191471099853515625e+00 8.219873994588851929e+00 9.612623810768127441e+00 4.509877979755401611e+00 5.752009361982345581e+00 2.517642999902368047e+03 1.088192687928677032e+02 2.073591840267181041e+01 3.013627523183822987e+01 3.763612210750579834e+00 2.453469672799110057e+01 4.206813524663447765e+02 5.444753241539000754e+01 1.739236562252044962e+02 4.680916955918074223e+02 1.313474962115287958e+01 1.139147090911865057e+01 1.018850544095039012e+01 1.074420404434203924e+01 4.142718735337256675e+01 6.224970307946205139e+01 4.462448486685752869e+01 7.254956197738647461e+01 3.681887692213057761e+01 3.870914906263350996e+00 2.155672347247601124e+02 3.731765118539332775e+02 1.043061830669641040e+03 2.099464705020188831e+03 2.194655377864837931e+02 2.505634608358145215e+03 2.944920939207077026e+01 3.382005840539932251e+01 1.038470361828804016e+02 2.782292048931121826e+02 8.426731411814689636e+02 2.019082963362335931e+03 3.420289668649435043e+03 1.395054176449776051e+01 7.259015217423439026e+01 1.371639958024024963e+02 4.220835411399602890e+02 7.084895781084895134e+03 1.872868882715702057e+02 3.941872054338455200e+01 5.603316846489906311e+01 5.811573106050491333e+01 1.268588990569114912e+03 3.074462860524653820e+02 9.053318167179822922e+02 6.735824349075555801e+02 5.376539927721024270e+01 3.774905637681484222e+03 6.761084661185741425e+02 1.843191909790039062e+01 2.174086332321166992e+01 7.040399610996246338e+00 2.691159376502037048e+01 8.256114673614501953e+01 4.428924614936112789e+02 8.695520957410335541e+02 1.217205562412738982e+04 3.286795245587825775e+03 2.108455923199653981e+01 2.052263434827328012e+02 8.720009878277778625e+01 8.120925801396369934e+02 3.992620050907135010e+00 1.828838415145874023e+02 5.886371738910675049e+02 8.959547516703605652e+01 0.000000000000000000e+00 3.883692834198474884e+03 3.751806077361106873e+02 1.781957128673792113e+03 4.535451988875865936e+02 1.539801542431116104e+03 2.562566683590412140e+02 4.462034894824028015e+02 1.269661646382511026e+04 1.109038911350071066e+04
3.522470161318778992e+01 1.051445335149765015e+01 2.749933820962905884e+01 9.746643543243408203e+00 2.205917519330978038e+01 1.016327432990074016e+02 4.431580543518066406e+00 3.256574857234954834e+01 6.064102628827095032e+01 1.254155817627906977e+01 4.606091082096099854e-01 1.433547675609589067e+00 2.171242594718933105e+00 2.117399165034294128e+01 2.456436657607555105e+02 4.759051710367202759e+00 1.423055060207843958e+01 1.809158056080341055e+02 2.984017094969749095e+01 1.897618190199137018e+02 1.275964386761188933e+02 1.363062930107117054e+01 1.193637123554944992e+02 3.480177158117294312e+01 1.959511703252792003e+01 1.667046362161635997e+01 2.645325328409672139e+01 6.868405362963676453e+01 3.045769405364989879e+01 5.139634129554033279e+02 3.705308526754378828e+00 2.610427820682525990e+01 5.521073937416076660e+00 1.544579556584358038e+01 4.761616897583007812e+01 1.076509446203708933e+02 1.090881127119063976e+01 1.687435761094092967e+01 7.172914713621140415e+00 1.616651952266692893e+00 2.239721265435219166e+01 4.062400355935096741e+00 1.789324119687080028e+01 2.686314135789871216e+00 2.204929450154304860e+01 1.217935617268085053e+02 9.269721610844135284e+01 4.389456254243850708e+01 3.324977305531501770e+01 1.123320810198784017e+02 1.242255300283432007e+01 1.895484001040458963e+02 1.157262270152568995e+01 1.235715892910956981e+01 9.885375615954399109e+01 6.958542585372924805e+00 7.155730394124984741e+02 1.682276039272547052e+02 0.000000000000000000e+00 0.000000000000000000e+00 2.768397688865662065e+00 2.904766917228699175e+00 2.971799647808074951e+01 2.686034899950027111e+01 1.015220668911934077e+01 4.480694527924060822e+01 1.770364258885383890e+02 2.179420024156569866e+02 1.311624199151992975e+01 1.062961455583571961e+02 7.413745052814483643e+02 9.437287405431270599e+02 1.467639667093754099e+02 4.828158529698848724e+02 3.873259472846984863e+01 2.032664746046065929e+01 8.206930688023567200e+01 1.966083533763884930e+02 4.917143034636973766e+02 3.677739291995763779e+03 1.012760954856873013e+03 1.480587663984299070e+04 2.543869140744208934e+01 1.323196110129356100e+02 1.881442352533339886e+02 3.486945796608924866e+02 2.476375395327806018e+03 1.907885131537913992e+02 2.205319840759038925e+03 1.114832404255867004e+01 1.094979887008666992e+02 2.252802604436874034e+01 6.198372355103492737e+02 1.957730321586132050e+03 8.525248363614082336e+01 2.538401286005974100e+02 6.627533754706382751e+01 5.838845658302307129e+01 4.024602970480918884e+01 3.840383160114288330e+01 1.555622552633286091e+02 8.137409886717796326e+01 2.100284002125262930e+02 3.706632153093814850e+02 3.858435805439949036e+02 2.104478627443314043e+00 2.758886086940765026e+01 3.141077262163161876e+01 2.589478167891502025e+01 1.328324270248413086e+01 1.190896058082580922e+01 4.665625184774398804e+00 2.463945541232824041e+02 9.669800826907157898e+01 6.483814129233360291e+01 3.095603844523429871e+01 7.067166734337806702e+02 4.294271538406609579e+03 8.541536194086074829e+01 2.561875609755516052e+02 4.099385734707117081e+03 3.548259759753942035e+03 3.883692834198474884e+03 0.000000000000000000e+00 0.000000000000000000e+00 1.258860588073730025e+00 2.525611580610274984e+02 1.597167187929153087e+01 9.364555972814559937e+01 5.595342635810375214e+02 1.460060147643089010e+02 4.451688938796520233e+03
0.000000000000000000e+00 0.000000000000000000e+00 0.000000000000000000e+00 3.866846263408660889e-01 0.000000000000000000e+00 0.000000000000000000e+00 0.000000000000000000e+00 0.000000000000000000e+00 0.000000000000000000e+00 0.000000000000000000e+00 0.000000000000000000e+00 0.000000000000000000e+00 0.000000000000000000e+00 0.000000000000000000e+00 0.000000000000000000e+00 0.000000000000000000e+00 0.000000000000000000e+00 0.000000000000000000e+00 0.000000000000000000e+00 0.000000000000000000e+00 0.000000000000000000e+00 0.000000000000000000e+00 0.000000000000000000e+00 0.000000000000000000e+00 0.000000000000000000e+00 0.000000000000000000e+00 0.000000000000000000e+00 5.795339703559874600e+00 0.000000000000000000e+00 0.000000000000000000e+00 1.163310670852660955e+01 1.198412495851517079e+01 0.000000000000000000e+00 0.000000000000000000e+00 0.000000000000000000e+00 0.000000000000000000e+00 2.656880736351013184e+00 0.000000000000000000e+00 0.000000000000000000e+00 0.000000000000000000e+00 0.000000000000000000e+00 0.000000000000000000e+00 0.000000000000000000e+00 1.923175713419913890e+01 4.109394252300261563e+00 3.013936996459960938e+00 0.000000000000000000e+00 0.000000000000000000e+00 0.000000000000000000e+00 7.627842426300048828e-01 0.000000000000000000e+00 0.000000000000000000e+00 9.393973469734191895e+00 1.145517724752425970e+01 0.000000000000000000e+00 0.000000000000000000e+00 2.162210680246352865e+02 0.000000000000000000e+00 7.494376599788665771e+01 1.925010145902633951e+02 0.000000000000000000e+00 3.283051013946533203e+00 1.481278051733970926e+02 2.555366992950439009e+00 6.547156367301940918e+02 0.000000000000000000e+00 0.000000000000000000e+00 5.752577185630798340e-01 0.000000000000000000e+00 0.000000000000000000e+00 2.409013390541077104e+00 8.596631884574890137e-01 5.809045433998107910e-01 0.000000000000000000e+00 0.000000000000000000e+00 0.000000000000000000e+00 0.000000000000000000e+00 0.000000000000000000e+00 0.000000000000000000e+00 0.000000000000000000e+00 0.000000000000000000e+00 0.000000000000000000e+00 0.000000000000000000e+00 0.000000000000000000e+00 0.000000000000000000e+00 0.000000000000000000e+00 0.000000000000000000e+00 0.000000000000000000e+00 0.000000000000000000e+00 0.000000000000000000e+00 0.000000000000000000e+00 0.000000000000000000e+00 4.233927428722382147e-01 1.858341455459594949e+00 3.109084807038307190e+02 2.759234368801116943e+00 0.000000000000000000e+00 9.249399304389953613e-01 2.447983032464981079e+01 0.000000000000000000e+00 0.000000000000000000e+00 0.000000000000000000e+00 6.359396040439605713e+00 1.849624847769736959e+02 0.000000000000000000e+00 0.000000000000000000e+00 0.000000000000000000e+00 0.000000000000000000e+00 0.000000000000000000e+00 1.269571423530579057e+00 0.000000000000000000e+00 3.016648737192153931e+02 0.000000000000000000e+00 0.000000000000000000e+00 1.434916973114013894e+00 4.475513100624083918e-01 1.240173220634460005e+00 2.827541947364807129e+00 1.146286725997925027e+00 1.759598586559295939e+02 0.000000000000000000e+00 3.414606881141663308e+01 3.751806077361106873e+02 0.000000000000000000e+00 0.000000000000000000e+00 1.281166821718215942e+01 1.260035539865494059e+02 4.096043978929520222e+02 1.013524261295794986e+03 6.385208606719970703e+00 8.784682369232177734e+01 0.000000000000000000e+00
9.198505282402038574e-01 0.000000000000000000e+00 0.000000000000000000e+00 0.000000000000000000e+00 0.000000000000000000e+00 0.000000000000000000e+00 3.499936759471892755e-01 0.000000000000000000e+00 0.000000000000000000e+00 4.668095707893372137e-01 0.000000000000000000e+00 4.825251698493958075e-01 8.095042109489440918e-01 7.993305921554565430e-01 0.000000000000000000e+00 3.401673436164855957e-01 0.000000000000000000e+00 0.000000000000000000e+00 0.000000000000000000e+00 0.000000000000000000e+00 0.000000000000000000e+00 0.000000000000000000e+00 1.459360063076019065e+00 0.000000000000000000e+00 1.137956327199935913e+01 1.263517674803734003e+01 1.534955629706382929e+01 3.999425131082534790e+01 3.728252708911896196e+00 4.540390610694885254e+00 4.242767757177352905e+01 1.042112946510314941e+00 0.000000000000000000e+00 0.000000000000000000e+00 4.891340455412864685e+01 0.000000000000000000e+00 3.659438818693161011e+00 0.000000000000000000e+00 0.000000000000000000e+00 0.000000000000000000e+00 8.467675149440765381e-01 2.383917251229285839e+01 7.730409300327301025e+01 4.924912179708480835e+02 5.785760688930749893e+02 2.411425383090972900e+02 3.530578315258026123e-01 2.136259824037551880e+00 4.237035542726516724e+00 3.724966645240784135e+00 4.271904826164246161e-01 7.029437422752380371e-01 5.980805873870849609e+00 1.791161090135573897e+00 0.000000000000000000e+00 8.900296986103057861e-01 5.648199251294136047e+01 5.100922077894210815e+00 1.003729212284087957e+01 2.534629964828490927e+02 0.000000000000000000e+00 2.878592580556869951e+00 8.228910949826240540e+01 5.610609412193298340e+00 7.107701375484466553e+02 1.449888360500336049e+01 4.100965559482573908e-01 1.553476452827454057e+00 1.841356098651885986e+00 4.233885407447814941e-01 7.916495203971862793e-01 4.307033121585845947e-01 0.000000000000000000e+00 0.000000000000000000e+00 2.118786811828612837e+00 8.906705975532531738e-01 0.000000000000000000e+00 0.000000000000000000e+00 0.000000000000000000e+00 1.968681573867798074e+00 0.000000000000000000e+00 1.640170097351073997e+00 8.742235302925109863e-01 0.000000000000000000e+00 0.000000000000000000e+00 5.298715829849243164e-01 2.818437874317169189e+00 0.000000000000000000e+00 0.000000000000000000e+00 0.000000000000000000e+00 7.696221470832824707e-01 2.171350926160811934e+00 1.351051971316337941e+01 3.216559648513793945e+01 2.510878749012947083e+03 5.938554763793945312e+00 0.000000000000000000e+00 1.388258099555969016e+00 6.763687481522560120e+03 1.711123877763748169e+01 4.139913159608840942e+01 3.524672240018845049e+00 2.005237460136414018e+00 1.658987525403499887e+02 1.065011563897133051e+01 2.264123290777205977e+00 8.281194567680358887e-01 0.000000000000000000e+00 1.123212695121764915e+00 3.004304158091545105e+02 1.014307080805301950e+02 1.356923069387674104e+03 3.962599068284034729e+02 6.154513686895369595e+00 5.016784101724624634e+00 1.234275525808333995e+01 0.000000000000000000e+00 0.000000000000000000e+00 4.414013028144836426e+00 1.258255004882812056e+00 0.000000000000000000e+00 4.060299521684647317e+01 1.781957128673792113e+03 1.258860588073730025e+00 1.281166821718215942e+01 0.000000000000000000e+00 0.000000000000000000e+00 6.160374045372009277e+00 6.190444284081459045e+02 5.709535628557205200e+00 3.918013777732849121e+02 1.020179745554924011e+01
3.257499322295188904e+01 2.626387834548950195e+00 5.608128279447556430e+00 6.786643952131271362e+00 1.724129751324653981e+01 2.983705022931098938e+01 3.968424201011658159e+00 2.969080615043640137e+01 3.886652308702468872e+01 3.262019529938697815e+00 0.000000000000000000e+00 2.637399137020111084e-01 2.736444592475891113e+00 7.127681970596312588e+00 7.904490575194358826e+01 1.983075946569442971e+00 7.064979672431945801e-01 5.940392377972602844e+01 7.385583639144896573e+00 4.234286066889762878e+01 2.640865865349769948e+01 6.248744487762451172e+00 6.986085061728954315e+01 8.559008032083511353e+00 2.516064310073852894e+01 1.974479287862777932e+00 6.704418957233428955e-01 8.322931915521621704e+00 5.238918989896774292e+00 2.091961605995892910e+02 2.308212697505950928e+01 1.828865498304367065e+01 1.875880062580109087e+00 7.473862454295158386e+00 9.082994669675827026e+00 7.800259223580360413e+01 9.230063259601593018e-01 5.808083564043045044e+00 3.458054661750792902e-01 3.270263671875000000e-01 9.637252718210220337e+00 2.879541069269179854e+00 3.521093130111693781e-01 0.000000000000000000e+00 4.394754171371459961e-01 7.064159631729125977e+00 4.765113252401351929e+01 9.264179989695549011e+00 2.077066144347190857e+01 3.439246821403502707e+01 5.321424812078475952e+00 4.808110418915749307e+01 1.870053778588772175e+01 2.769264063239097950e+01 5.577960106730461121e+01 9.594993501901626587e+00 8.777209466695785522e+01 8.228185133635997772e+01 2.476265788078308105e+00 0.000000000000000000e+00 5.920608282089233398e+00 1.311595767736434937e+00 2.553071181476115825e+01 2.857657431066035869e+01 0.000000000000000000e+00 1.088452491164206926e+01 1.381634545326232910e+02 1.635147428214550018e+02 8.202156481146812439e+01 3.407879160940647125e+02 1.404481469392775921e+02 1.908342132866382883e+02 4.066063185632228851e+02 4.918579179346560863e+02 7.050965017080307007e+01 9.076399981975555420e+00 1.067622514486313094e+03 1.934387081861495972e+02 2.649577870368958088e+02 5.436266346335411072e+03 9.265937811732292175e+02 6.181794324517250061e+03 2.147651377320289896e+02 6.157979798316956277e+01 2.633762624263762859e+02 8.522009226977825165e+02 1.291900119036436081e+03 4.606432475149632069e+02 1.717162633478641965e+03 6.689579901099205017e+01 6.364972966909409280e+01 1.415976020991801931e+02 7.969748377799987793e+01 9.288076629042625427e+02 1.047921207845211029e+02 1.255123109817505025e+02 4.536578357219696045e+01 3.483217605054379078e+02 7.562753662467002869e+00 7.484370440244674683e+00 1.729470589756965992e+01 9.703636822104454041e+01 7.303178891539573669e+01 1.031833612918854044e+02 2.762161619663239094e+02 5.971035042405127768e+01 7.099209296703338623e+01 2.938746494054793956e+01 9.673950010538101196e+01 7.625056326389312744e+00 2.363870620727539062e+00 1.880459219217299971e+00 6.861368268728256226e+00 1.951216456294060109e+01 1.049748834669589996e+02 6.161670333147048950e+01 9.901559299230575562e+01 3.255416305363178253e+02 1.303842112421989086e+01 1.871273608505725861e+02 2.887028469741343883e+02 1.475231642723082928e+02 4.535451988875865936e+02 2.525611580610274984e+02 1.260035539865494059e+02 0.000000000000000000e+00 0.000000000000000000e+00 5.640567559003829956e+02 1.993047428131103871e+01 2.135958598554134085e+02 3.327713608741760254e-01 3.787764445245265961e+02
0.000000000000000000e+00 0.000000000000000000e+00 0.000000000000000000e+00 0.000000000000000000e+00 1.514004588127136008e+00 3.995704650878906250e-01 0.000000000000000000e+00 0.000000000000000000e+00 1.303354799747467041e+00 3.528518378734589178e-01 0.000000000000000000e+00 0.000000000000000000e+00 0.000000000000000000e+00 3.263746500015258789e-01 7.087043434381484985e+00 0.000000000000000000e+00 0.000000000000000000e+00 1.942678272724152055e+00 0.000000000000000000e+00 7.715053677558898926e+00 3.020378649234771729e-01 4.707499206066131592e+00 1.288209897279739025e+01 6.034644246101379395e-01 1.589131712913512962e+00 1.295830947160721003e+01 1.307801441848278046e+01 4.309544181823729758e+01 2.784119576215744019e+00 1.140945788621902039e+02 2.308959108591080067e+01 1.942728906869888084e+00 0.000000000000000000e+00 0.000000000000000000e+00 2.552537772059440968e+01 3.335514545440673828e+00 0.000000000000000000e+00 0.000000000000000000e+00 0.000000000000000000e+00 0.000000000000000000e+00 1.246901661157608032e+00 2.782685458660126177e+00 1.291505169868469061e+01 1.805095899105072021e+01 2.376516112685203908e+01 9.677671565115451813e+01 1.963944587111473083e+01 2.533919697999953868e+01 2.691273689270020086e-01 4.485799014568328857e+00 2.777132749557495117e+00 2.967165350914001021e+00 2.978054523468018022e+00 6.717123389244079590e+00 0.000000000000000000e+00 0.000000000000000000e+00 1.218545430302619934e+02 3.590522110462189276e-01 2.339717912673949840e+01 2.131282508373260054e+00 4.552467137575150424e+00 6.547857552766799927e+00 4.938357877731323242e+01 4.230932027101516724e+00 1.337066015601157964e+01 2.914752015471458080e+01 7.136723548173904419e+01 1.037103736400604070e+01 3.161964088678359985e+00 6.240264952182769775e+00 8.227509379386901855e+00 9.569153517484664917e+00 1.480627942085265936e+01 2.859651997685432079e+01 4.247450858354567593e+00 0.000000000000000000e+00 3.753366470336914062e+00 3.160839676856995184e-01 0.000000000000000000e+00 1.293519434332847950e+01 3.813800305128097978e+00 1.870385795831679943e+01 6.654161989688873291e+00 0.000000000000000000e+00 1.630147725343704002e+00 2.263770613074303029e+01 5.845921397209166770e+01 1.424858993291855036e+01 1.145559309720993042e+02 5.047931760549545288e+00 4.300314486026763916e+00 1.090460395812987926e+01 6.363017031550406699e+01 4.246815247237681774e+02 6.684575793147087097e+01 8.552532076835632324e+00 9.757454395294189453e-01 1.344572547078132985e+01 7.922119554877281189e+01 2.983850339055060985e+01 6.105392968654633279e+01 6.370298278331757302e+01 3.932354927062987837e+00 1.726509796679019928e+02 9.379806452989578247e+01 1.050360065698624012e+01 6.739397406578063965e+00 0.000000000000000000e+00 5.785310745239257812e+00 8.292827546596527100e+00 6.687549889087677002e+01 5.404846122860909219e+01 1.824143882751465071e+03 7.145907638669013977e+02 1.505739510059356911e+00 3.378757774829865212e+01 1.308967590332031072e+01 5.645158424973487854e+01 1.533467531204224077e+00 7.731683785915374756e+02 1.082351854741573050e+02 4.085442599654197693e+01 1.539801542431116104e+03 1.597167187929153087e+01 4.096043978929520222e+02 6.160374045372009277e+00 5.640567559003829956e+02 0.000000000000000000e+00 2.790719799995421795e+02 8.344087761640548706e+01 3.301699414849281311e+01 5.183229449391365051e+01
5.678075313568115234e+00 1.102283775806427002e+00 3.611705362796783003e+00 1.167900413274765015e+00 6.012219727039337158e+00 1.695282274484634044e+01 4.757591485977172852e-01 1.363362950086593983e+01 1.893967100977897999e+01 5.327793955802917480e-01 0.000000000000000000e+00 7.774771153926849365e-01 1.208415150642395020e+00 7.903042733669281006e-01 1.482356059551239014e+01 6.757642924785614014e-01 0.000000000000000000e+00 1.777049291133880971e+01 8.209797739982604980e-01 1.915818235278129933e+01 9.363604485988616943e+00 7.982295066118240356e+00 3.410660454630851746e+01 3.845093548297882080e-01 2.034524601697922108e+01 6.897907918691635132e+01 9.413157093524932861e+01 2.418280512690544128e+02 1.814541259407997131e+01 2.057237552106379894e+02 5.248510643839836121e+01 6.975111901760101318e+00 3.146531075239181963e+00 8.809159845113754272e-01 2.392896249294281006e+02 1.195237520337104975e+01 3.571112185716629028e+00 2.750581264495850053e+00 0.000000000000000000e+00 0.000000000000000000e+00 3.392751395702362061e+00 5.353096784651278739e+01 1.791593449860810949e+02 5.933696015477180481e+02 6.409353455305099487e+02 8.078258988559246063e+02 3.950739875435829163e+01 8.726467177271842957e+01 1.082082539796829046e+01 1.866828736662865040e+01 4.546855896711348599e+00 1.313541805744170965e+01 1.161170428991317927e+01 6.811869889497756958e+00 1.736952364444733021e+01 2.722282320261002031e+00 3.354213467687367825e+02 3.062830069661140087e+01 4.389933443069458008e+01 2.672596412599086761e+02 1.595212936401366965e+00 5.710899144411087036e+00 2.415565117895602896e+02 1.610635611414909008e+01 6.851050204187631607e+02 1.067613156884908960e+02 9.203288200497627258e+01 1.654943566814064980e+03 2.891031420826911926e+02 1.062905550956726074e+03 7.157908995151519775e+02 4.326872194111347198e+02 3.703593351542950245e+02 3.229997069835662842e+02 8.102195887267589569e+02 1.314617049098015116e+02 6.136107897162437439e+02 9.274719774723052979e+00 7.938208103179931641e+00 2.893541494607924847e+02 5.810534507036209106e+01 8.126296609640121460e+01 3.336541669368743896e+02 1.441975098848343073e+01 5.893085478246212006e+01 1.341852929592133137e+02 1.687555318772793100e+02 1.228838783502579020e+02 1.572102975249289898e+02 1.345368961691856100e+02 3.491300086975098225e+02 4.399944651067256927e+03 1.181614636182785034e+02 5.137087944298982620e+02 7.732210378617048264e+03 3.100311059981585004e+03 1.453826155960560129e+02 2.255294440388680073e+02 1.182431253632902917e+04 6.140466329306364059e+02 7.976882887631654739e+02 1.685069388449192047e+02 3.144479870796203969e+01 1.007364769965410005e+03 2.414760687053203867e+02 1.553129625618458078e+02 3.124864103198050884e+02 1.416103875011205901e+03 1.281646489799022959e+02 7.566470104604958578e+03 4.880504304587841034e+03 4.763351933956146240e+03 1.268040099114179975e+04 2.816643635734916188e+03 3.088459175825119019e+01 7.992736992239952087e+01 4.460905325412750244e+01 3.697173356711863903e+02 4.098220493286848068e+03 1.874310254752635956e+02 4.670966784358025166e+02 2.482652390003203990e+01 2.562566683590412140e+02 9.364555972814559937e+01 1.013524261295794986e+03 6.190444284081459045e+02 1.993047428131103871e+01 2.790719799995421795e+02 0.000000000000000000e+00 2.255395127981901169e+03 2.305785020485519908e+03 1.408939616084099100e+02
9.173302802443504333e+01 9.835802018642425537e+00 1.562015497684478937e+01 1.896977293491363881e+01 7.584014660120010376e+01 1.311852175891399099e+02 7.861236751079559326e+00 9.198867675662040710e+01 1.441449501216411875e+02 1.668807008862495067e+01 3.207094371318817139e+00 1.286508202552794966e+00 1.389940887689590010e+00 2.571836540102959034e+01 2.826941758245229721e+02 7.712456047534942627e+00 8.917092144489288330e+00 2.065673507153987885e+02 3.616315639019011741e+01 1.892755251377820969e+02 1.358979849368334101e+02 5.685961459577084298e+01 2.497335917949677082e+02 2.632054311037063954e+01 7.323157730698585510e+01 3.801555532217025757e+01 3.608426304161549325e+01 2.172448339313268946e+02 3.258250255882740021e+01 1.238754206895828020e+03 8.177877753973007202e+00 6.907679578661918640e+01 1.631439059972763062e+01 1.689215672016144154e+01 8.743586634099483490e+01 1.883284546583890915e+02 9.144509822130203247e+00 2.586920194327830913e+01 4.675349563360214233e+00 0.000000000000000000e+00 4.671569645404815674e+01 1.777224627137184143e+01 3.607418298721312766e+01 1.058417081832885920e+01 1.704416166245936992e+01 2.606529948711395264e+02 2.564934709519147873e+02 1.557364066392183020e+02 7.419438326358795166e+01 1.630647493004798889e+02 2.923666688799858093e+01 1.075600129067897939e+02 4.290014262497425079e+01 3.205910569429398294e+01 1.649745204001665115e+02 1.768834358453750966e+01 1.825256718546152115e+02 3.723457668423653217e+02 1.228175401687622070e+00 2.130860090255737027e-01 2.492624044418334961e+00 2.579652369022368941e+00 5.163146761059761047e+01 8.706135597825050354e+01 1.186617767810822066e+01 1.502613371163606928e+02 2.172251249551773071e+02 1.974644849658011935e+03 4.453200968503952026e+02 3.643970320910214923e+03 1.243094572454690933e+03 1.122122040599585034e+03 2.305540891498326801e+03 2.299338366985321045e+03 8.768593895971775055e+03 3.792550532162189029e+03 7.455049080461263657e+03 5.683521414399147034e+02 5.225303063094615936e+02 1.689201541531085968e+04 5.397880494236946106e+03 1.290807823839784032e+04 1.153608049601315997e+03 5.486796473413705826e+02 1.462085948705672990e+03 3.698480683654547192e+03 5.229215440928936005e+03 9.455497363209724426e+02 2.690717567726970174e+03 7.621180535554885864e+02 1.469642184644937970e+03 4.473314927279949188e+03 2.904296149611473083e+02 2.998288166984916188e+03 2.276797971129417064e+01 5.838943102508783340e+02 8.556869511604309082e+02 1.446077845811844099e+03 2.865957432985305786e+02 6.765930831432342529e+01 9.717633223533630371e+01 5.664113048911094666e+02 2.655541213154792786e+02 6.887857364714145660e+02 1.066807172238826979e+03 5.178882377743721008e+02 4.697219114005566212e+02 7.320919953584671021e+02 9.842928326725959778e+02 3.694681921601294903e+02 3.276793081015347866e+02 8.721490263938903809e+01 8.034171006828546524e+02 6.082801285833120346e+02 3.706845391988754272e+02 1.793413661718369099e+02 1.153729439079761931e+02 5.579829037487506866e+02 9.865883624553680420e+01 3.154362098872662159e+02 1.661434204846621014e+03 3.826579081714152721e+02 4.462034894824028015e+02 5.595342635810375214e+02 6.385208606719970703e+00 5.709535628557205200e+00 2.135958598554134085e+02 8.344087761640548706e+01 2.255395127981901169e+03 0.000000000000000000e+00 9.440799564123153687e+00 7.045114024877548218e+02
1.715321227908134016e+00 1.030835956335067971e+00 1.245706826448440996e+00 7.277932763099670410e-01 1.732681393623352051e+00 6.214533150196075439e-01 1.443119913339615090e+00 3.794922232627869207e-01 3.645518124103546143e-01 5.310077264904975891e+00 2.687437385320663008e+00 8.914912939071655273e-01 0.000000000000000000e+00 5.451354980468750000e+00 1.278211140632629039e+01 8.618629261851310730e+00 0.000000000000000000e+00 1.183361664414406045e+00 2.447645068168640137e-01 9.531647250056266785e+00 6.451238617300987244e+00 2.045472913980484009e+01 3.204505115747451782e+00 1.190803839266300024e+01 4.617920857667922974e+01 1.553034849464893057e+02 4.070811138004065128e+02 2.273696396052837088e+02 1.582032544910907923e+01 1.182677853107452037e+01 4.363951632380486245e+01 2.358466744422913042e+00 5.768134295940399170e+00 4.372178390622138977e+00 1.137279166460037004e+03 7.813083797693252563e+00 2.065603134036064148e+01 1.628876551985741106e+00 2.496997594833374023e+00 9.491941928863525391e-01 1.292575609683989946e+01 1.981987277865410135e+02 5.538591254055500031e+02 1.218355807483196031e+03 1.599030703753232956e+03 2.514522290512918971e+03 1.111854302883148016e+01 5.159291306138039346e+01 2.353300708532333019e+01 4.618481150269507651e+01 2.506496727466582808e+00 4.083119332790374756e-01 1.192520526051520946e+01 1.334870606660842896e+00 1.493715107440948042e+00 8.775096654891967773e+00 6.362132734358310699e+02 5.205086752772331238e+01 7.394297122955322266e+00 1.060888847708701945e+02 2.855555921792984009e+00 1.756402000784873962e+01 5.151367918998003006e+02 2.564735388755797985e+01 4.106060791462659836e+02 2.269938058555125906e+02 1.340556323528290017e+00 1.370481401681900024e+00 1.549589276313781960e+00 1.267445623874664085e+00 2.175952434539794922e+00 2.320123285055160967e+00 3.292537331581115723e-01 3.762588620185852051e+00 2.132591664791106822e+01 4.483705759048461914e-01 5.590808629989624023e+00 0.000000000000000000e+00 0.000000000000000000e+00 1.241996869444846929e+01 2.118331849575043169e+00 6.686837017536163330e+00 6.102309912443161011e+00 2.934939175844192949e+00 1.772041958570479991e+01 6.587492197751998901e+00 1.381332373619079945e+01 2.892205037027596859e+02 7.155620515346527100e+00 9.580790966749191284e+00 1.955004367232323048e+01 4.176588581055402756e+02 1.527127201855183003e+01 6.359629301726818085e+01 2.552686770707369135e+02 5.016370296478270596e+00 3.608505684137343650e+01 1.890190520882606862e+01 4.279651688426733017e+03 3.565782954350113869e+03 1.105741903215646971e+03 1.045713904947042039e+02 2.403785169124602827e+00 7.197980321794748306e+02 1.113468289375304998e+01 3.440037938952445984e+01 8.175872117280960083e+00 3.817648261785507202e+00 1.133866173028945923e+01 1.131014970600605011e+03 7.034519527748227119e+03 2.350612714707850955e+03 5.991107966452836990e+03 1.756736346483230875e+02 4.371325731277465820e+00 1.669059842824935913e+01 9.567555785179138184e-01 2.303280860185623169e+00 1.369572758674622026e+00 0.000000000000000000e+00 2.456713318824768066e+00 1.093403294682503031e+02 1.269661646382511026e+04 1.460060147643089010e+02 8.784682369232177734e+01 3.918013777732849121e+02 3.327713608741760254e-01 3.301699414849281311e+01 2.305785020485519908e+03 9.440799564123153687e+00 0.000000000000000000e+00 2.030039277181029092e+03
1.062086015939712969e+00 0.000000000000000000e+00 3.286322355270385742e-01 0.000000000000000000e+00 0.000000000000000000e+00 0.000000000000000000e+00 0.000000000000000000e+00 0.000000000000000000e+00 0.000000000000000000e+00 1.136477619409560935e+00 5.625124275684356689e-01 1.087922990322113037e+00 3.717164099216461182e-01 3.174561619758605957e+00 2.934789651632308960e+01 0.000000000000000000e+00 2.290347367525100986e-01 3.943653449416161028e+00 2.725735902786254883e-01 2.538093549013138173e+01 2.969162315130234209e+00 8.640132814645767212e+00 2.993314231932162883e+01 4.503091424703598022e+00 2.167199358344078064e+01 8.556251385807991028e+01 1.472585493624210073e+02 2.582621587812901112e+02 2.745879541337490082e+01 1.747246398627758026e+02 5.166414439678192139e+00 0.000000000000000000e+00 1.664002507925034013e+00 2.393808171153068987e+00 2.593478919863700867e+02 8.442785501480102539e+00 6.217781320214272434e+00 1.575022041797637939e-01 5.892483294010162354e-01 1.798543214797974077e+00 9.123002469539642334e+00 1.436307817697525024e+01 1.230112515985966013e+02 1.034983898103237010e+02 2.182961680442095087e+02 8.393563489168882370e+02 3.696535466611385345e+01 1.257259370684624002e+02 3.398401170969008955e+00 4.252390602231025696e+01 3.706645071506500244e-01 0.000000000000000000e+00 2.795381009578704834e+00 7.678720355033874512e-01 0.000000000000000000e+00 5.623664677143096924e+00 2.055856905132532120e+02 1.080612021684646962e+01 0.000000000000000000e+00 7.412920683622360229e+00 1.596022337675095049e+00 1.004411427676678059e+01 1.357028073072432903e+02 1.218663075566291987e+01 7.826934225857257843e+01 6.069687877595424652e+01 0.000000000000000000e+00 2.094168782234191895e+00 6.733445167541503906e+00 0.000000000000000000e+00 0.000000000000000000e+00 2.255831599235535112e+00 4.141792654991149902e-01 0.000000000000000000e+00 2.131257593631743941e+00 4.449620544910430908e-01 1.933022582530974987e+01 5.481041014194489414e+00 2.387119030952453969e+01 5.335418874025344849e+01 1.802623772621155140e+01 1.085884380042552948e+02 1.005157697200774969e+01 9.954055249691009521e-01 7.020761787891387939e+00 2.101940619945526123e+01 4.288097751140593772e+01 7.267982965558767319e+02 1.395570063889026926e+02 1.077279716730118020e+00 4.012900024652481079e+00 1.612108280107378960e+03 1.720373612642287853e+01 1.894798052906990051e+02 3.254171177744864707e+01 2.024340331554412842e+00 8.265213757753372192e+00 2.708301156759262085e+01 4.555872851759194759e+02 4.148956450819969177e+02 6.107596614509820938e+02 1.425354138165711902e+03 1.295772308111190974e+01 3.192540822923182873e+02 2.107131135463714955e+01 1.553953146934508922e+01 3.922255158424376997e+00 1.556869268417357954e+00 1.458272159099579079e+00 4.568705025315284729e+01 7.439666424244642258e+02 1.244985350966453979e+02 1.088142677620053064e+03 4.392514470070601078e+02 1.114939063787460105e+00 6.354706078767775601e+00 3.684334158897399902e+01 5.081526637077331543e-01 0.000000000000000000e+00 1.873136374354362133e+01 3.366613376140593772e+01 6.029973882436752319e+01 1.109038911350071066e+04 4.451688938796520233e+03 0.000000000000000000e+00 1.020179745554924011e+01 3.787764445245265961e+02 5.183229449391365051e+01 1.408939616084099100e+02 7.045114024877548218e+02 2.030039277181029092e+03 0.000000000000000000e+00
